"","StatusID","BreedGroupID","BirdID","Status","FieldPeriodID","TerritoryID"
"1",1,6205,5583,"BrM",122,159
"2",2,855,2746,"U",1,1
"3",3,856,2743,"U",1,3
"4",4,856,2730,"BrM",1,3
"5",5,857,427,"U",1,4
"6",6,858,2748,"U",1,8
"7",7,858,2750,"U",1,8
"8",8,858,2741,"BrF",1,8
"9",9,859,789,"U",1,12
"10",10,859,2742,"U",1,12
"11",11,860,2731,"U",1,13
"12",12,860,2859,"U",1,13
"13",13,861,2728,"U",1,15
"14",14,861,2729,"U",1,15
"15",15,862,2751,"BrF",1,18
"16",16,863,2747,"U",1,20
"17",17,863,2732,"U",1,20
"18",18,864,788,"U",1,23
"19",19,865,2749,"BrF",1,25
"20",20,866,2742,"U",1,26
"21",21,867,2772,"U",1,28
"22",22,867,2853,"U",1,28
"23",23,868,2860,"BrF",1,30
"24",24,869,2733,"BrM",1,32
"25",25,870,791,"U",1,38
"26",26,870,2738,"BrF",1,38
"27",27,871,790,"U",1,71
"28",28,872,2734,"U",1,73
"29",29,873,2737,"BrF",1,89
"30",30,874,2736,"U",1,109
"31",31,875,2861,"U",1,110
"32",32,875,2739,"U",1,110
"33",34,876,2740,"BrM",1,112
"34",35,877,2746,"BrM",2,1
"35",36,878,1899,"BrM",2,2
"36",37,879,2754,"SEEN1",2,3
"37",38,879,2860,"NS",2,3
"38",40,880,427,"U",2,4
"39",41,881,2766,"CH",2,7
"40",42,881,1898,"BrF",2,7
"41",43,881,2789,"BrM",2,7
"42",44,882,2748,"NS",2,8
"43",45,882,2741,"BrF",2,8
"44",46,883,2752,"BrM",2,12
"45",47,884,2764,"U",2,13
"46",48,884,1901,"BrF",2,13
"47",49,884,1900,"BrM",2,13
"48",50,885,2759,"BrF",2,14
"49",51,885,2758,"BrM",2,14
"50",52,886,1902,"BrF",2,15
"51",53,886,2762,"BrM",2,15
"52",54,887,2756,"BrM",2,16
"53",55,3284,2750,"BrF",2,19
"54",56,3284,1903,"U",2,19
"55",57,888,2747,"U",2,20
"56",58,888,2782,"BrF",2,20
"57",59,888,2858,"BrM",2,20
"58",60,889,2860,"BrF",2,22
"59",61,889,2754,"BrM",2,22
"60",63,890,788,"BrF",2,23
"61",64,891,2791,"BrF",2,24
"62",65,891,795,"BrM",2,24
"63",66,892,1905,"BrF",2,28
"64",67,892,1904,"BrM",2,28
"65",68,893,796,"ABX",2,30
"66",69,893,1907,"BrF",2,30
"67",70,893,1906,"BrM",2,30
"68",71,894,1908,"FL",2,32
"69",72,894,2795,"BrF",2,32
"70",73,894,2733,"BrM",2,32
"71",74,895,2755,"U",2,33
"72",75,895,2786,"BrM",2,33
"73",76,896,2729,"U",2,37
"74",77,896,794,"ABX",2,37
"75",78,897,2792,"ABX",2,38
"76",79,897,1910,"ABX",2,38
"77",80,897,2738,"BrF",2,38
"78",81,897,1909,"BrM",2,38
"79",82,898,1912,"BrF",2,40
"80",83,898,1911,"BrM",2,40
"81",84,899,2763,"BrM",2,41
"82",85,900,2756,"SEEN1",2,44
"83",86,901,1686,"CH",2,52
"84",87,901,2757,"BrF",2,52
"85",88,901,1913,"BrM",2,52
"86",89,902,2781,"BrM",2,54
"87",90,903,1915,"ABX",2,55
"88",91,903,1914,"BrF",2,55
"89",92,903,1913,"BrM",2,55
"90",93,904,1917,"BrF",2,56
"91",94,904,1916,"BrM",2,56
"92",95,905,2780,"CH",2,57
"93",96,905,1919,"BrF",2,57
"94",97,905,1918,"BrM",2,57
"95",98,906,2767,"CH",2,59
"96",99,906,1921,"BrF",2,59
"97",100,906,1920,"BrM",2,59
"98",101,907,1923,"BrF",2,60
"99",102,907,1922,"BrM",2,60
"100",103,908,1925,"BrF",2,61
"101",104,908,1924,"BrM",2,61
"102",105,909,1928,"ABX",2,63
"103",106,909,1927,"BrF",2,63
"104",107,909,1926,"BrM",2,63
"105",108,910,2787,"ABX",2,67
"106",109,910,1929,"BrM",2,67
"107",110,910,1930,"BrF",2,67
"108",111,911,1931,"BrM",2,69
"109",112,912,2856,"SEEN1",2,70
"110",113,912,2783,"BrF",2,70
"111",114,912,1932,"BrM",2,70
"112",115,913,1936,"FL",2,71
"113",116,913,2796,"ABX",2,71
"114",117,913,1934,"ABX",2,71
"115",118,913,1935,"ABX",2,71
"116",119,913,1933,"BrF",2,71
"117",120,913,2857,"BrM",2,71
"118",121,914,2784,"BrM",2,76
"119",122,915,1938,"BrF",2,81
"120",123,915,1937,"BrM",2,81
"121",124,916,2788,"BrF",2,86
"122",125,916,2793,"BrM",2,86
"123",126,917,1940,"BrF",2,87
"124",127,917,1939,"BrM",2,87
"125",128,918,2768,"FL",2,89
"126",129,918,2769,"FL",2,89
"127",130,918,1942,"ABX",2,89
"128",131,918,2737,"BrF",2,89
"129",132,918,1941,"BrM",2,89
"130",133,919,1945,"ABX",2,92
"131",134,919,1944,"BrF",2,92
"132",135,919,1943,"BrM",2,92
"133",136,920,1947,"BrF",2,94
"134",137,920,1946,"BrM",2,94
"135",138,921,1950,"ABX",2,95
"136",139,921,1949,"BrF",2,95
"137",140,921,1948,"BrM",2,95
"138",141,922,1952,"BrF",2,96
"139",142,922,1951,"BrM",2,96
"140",143,923,1955,"ABX",2,99
"141",144,923,1954,"BrF",2,99
"142",145,923,1953,"BrM",2,99
"143",146,924,2753,"ABX",2,102
"144",147,924,1957,"ABX",2,102
"145",148,924,1956,"BrF",2,102
"146",149,924,2752,"BrM",2,102
"147",150,925,2779,"SEEN1",2,103
"148",151,925,2771,"FL",2,103
"149",152,925,2770,"FL",2,103
"150",153,925,1959,"BrF",2,103
"151",154,925,1958,"BrM",2,103
"152",155,926,2794,"ABX",2,104
"153",156,926,1961,"BrF",2,104
"154",157,926,1960,"BrM",2,104
"155",158,927,1964,"ABX",2,105
"156",159,927,1963,"BrF",2,105
"157",160,927,1962,"BrM",2,105
"158",161,928,2797,"BrF",2,106
"159",162,928,1965,"BrM",2,106
"160",163,929,1966,"BrF",2,108
"161",164,929,2765,"BrM",2,108
"162",165,930,794,"FL",2,109
"163",166,930,1967,"BrF",2,109
"164",167,930,2736,"BrM",2,109
"165",168,931,2739,"BrM",2,110
"166",169,932,1687,"CH",2,113
"167",170,932,2862,"BrF",2,113
"168",171,932,793,"BrM",2,113
"169",172,933,1968,"BrM",2,123
"170",173,934,1970,"BrF",2,126
"171",174,934,1969,"BrM",2,126
"172",175,935,1972,"BrF",2,127
"173",176,935,1971,"BrM",2,127
"174",177,936,1974,"BrF",2,129
"175",178,936,1973,"BrM",2,129
"176",179,937,1976,"BrF",2,131
"177",180,937,1975,"BrM",2,131
"178",181,938,1978,"BrF",2,132
"179",182,938,1977,"BrM",2,132
"180",183,939,1980,"BrF",2,134
"181",184,939,1979,"BrM",2,134
"182",185,940,1982,"BrF",2,137
"183",186,940,1981,"BrM",2,137
"184",187,941,1984,"BrF",2,138
"185",188,941,1983,"BrM",2,138
"186",189,942,1986,"BrF",2,144
"187",190,942,1985,"BrM",2,144
"188",191,943,1989,"ABX",2,146
"189",192,943,1988,"BrF",2,146
"190",193,943,1987,"BrM",2,146
"191",194,944,2798,"ABX",2,154
"192",195,944,1991,"BrF",2,154
"193",196,944,1990,"BrM",2,154
"194",197,945,1993,"BrM",2,163
"195",198,945,1992,"BrF",2,163
"196",199,946,1995,"BrF",2,165
"197",200,946,1994,"BrM",2,165
"198",201,947,1998,"FL",2,166
"199",202,947,1997,"BrF",2,166
"200",203,947,1996,"BrM",2,166
"201",204,948,2001,"ABX",2,167
"202",205,948,2000,"BrF",2,167
"203",206,948,1999,"BrM",2,167
"204",207,949,2003,"ABX",2,170
"205",208,949,2004,"ABX",2,170
"206",209,949,2785,"BrF",2,170
"207",210,949,2002,"BrM",2,170
"208",211,950,2745,"BrF",3,1
"209",212,950,2746,"BrM",3,1
"210",213,951,1899,"BrM",3,2
"211",214,952,2799,"ABX",3,3
"212",215,952,2800,"BrF",3,3
"213",216,952,2005,"BrM",3,3
"214",217,953,28,"FL",3,4
"215",218,953,2801,"ABX",3,4
"216",219,953,797,"BrF",3,4
"217",220,953,2766,"BrM",3,4
"218",221,954,2802,"ABX",3,7
"219",222,954,23,"ABX",3,7
"220",223,954,2803,"BrF",3,7
"221",224,954,2762,"BrM",3,7
"222",225,955,2804,"FL",3,12
"223",226,955,789,"BrF",3,12
"224",227,955,2752,"BrM",3,12
"225",228,956,2007,"FL",3,13
"226",229,956,2764,"ABX",3,13
"227",230,956,2006,"ABX",3,13
"228",231,956,1901,"BrF",3,13
"229",232,956,1900,"BrM",3,13
"230",233,957,2805,"ABX",3,14
"231",234,957,2008,"BrF",3,14
"232",235,957,2758,"BrM",3,14
"233",236,958,2806,"BrF",3,15
"234",237,958,2807,"BrM",3,15
"235",238,959,2756,"SEEN1",3,16
"236",239,959,2009,"FL",3,16
"237",240,959,2808,"ABX",3,16
"238",241,959,2809,"BrF",3,16
"239",242,959,2810,"BrM",3,16
"240",243,960,29,"FL",3,20
"241",244,960,2010,"BrM",3,20
"242",245,960,428,"BrF",3,20
"243",246,961,2811,"ABX",3,22
"244",247,961,2760,"BrF",3,22
"245",248,961,2754,"BrM",3,22
"246",249,962,788,"BrF",3,23
"247",250,962,2011,"BrM",3,23
"248",251,3285,26,"U",3,24
"249",252,3285,2012,"FL",3,24
"250",253,3285,27,"BrF",3,24
"251",255,3285,795,"BrM",3,24
"252",256,963,2013,"FL",3,28
"253",257,963,1905,"BrF",3,28
"254",258,963,1904,"BrM",3,28
"255",259,964,796,"BrF",3,30
"256",260,964,2755,"BrM",3,30
"257",261,965,1908,"ABX",3,32
"258",262,965,2795,"BrF",3,32
"259",263,965,2733,"BrM",3,32
"260",264,966,2014,"BrF",3,33
"261",265,966,2755,"BrM",3,33
"262",266,967,2813,"ABX",3,37
"263",267,967,2814,"BrF",3,37
"264",268,967,2015,"BrM",3,37
"265",269,968,2792,"ABX",3,38
"266",270,968,2016,"ABX",3,38
"267",271,968,2738,"BrF",3,38
"268",272,968,1909,"BrM",3,38
"269",273,969,2815,"ABX",3,40
"270",274,969,799,"BrF",3,40
"271",275,969,2816,"BrM",3,40
"272",276,970,2017,"ABX",3,41
"273",277,970,24,"ABX",3,41
"274",278,970,2817,"BrF",3,41
"275",279,970,2763,"BrM",3,41
"276",280,971,2018,"BrF",3,44
"277",281,971,2756,"BrM",3,44
"278",282,972,2020,"BrF",3,45
"279",283,972,2019,"BrM",3,45
"280",284,973,2818,"ABX",3,52
"281",285,973,2757,"BrF",3,52
"282",286,973,1913,"BrM",3,52
"283",287,974,1915,"BrF",3,54
"284",288,974,2781,"BrM",3,54
"285",289,975,1917,"BrF",3,56
"286",290,975,1916,"BrM",3,56
"287",291,976,1918,"ABX",3,57
"288",292,976,1919,"ABX",3,57
"289",293,976,2021,"ABX",3,57
"290",294,976,2780,"BrF",3,57
"291",295,976,2819,"BrM",3,57
"292",296,977,2022,"FL",3,59
"293",297,977,2767,"ABX",3,59
"294",298,977,1921,"BrF",3,59
"295",299,977,1920,"BrM",3,59
"296",300,978,2820,"ABX",3,60
"297",301,978,1923,"BrF",3,60
"298",302,978,1922,"BrM",3,60
"299",303,979,1925,"BrF",3,61
"300",304,979,1924,"BrM",3,61
"301",305,980,2023,"ABX",3,67
"302",307,980,1929,"BrM",3,67
"303",308,981,1931,"BrM",3,69
"304",309,982,2024,"FL",3,71
"305",310,982,2025,"FL",3,71
"306",311,982,2821,"ABX",3,71
"307",312,982,790,"ABX",3,71
"308",313,982,2822,"BrF",3,71
"309",314,982,426,"BrM",3,71
"310",315,983,2026,"BrF",3,73
"311",316,983,2784,"BrM",3,73
"312",317,984,2028,"FL",3,81
"313",318,984,2027,"ABX",3,81
"314",319,984,1938,"BrF",3,81
"315",320,984,1937,"BrM",3,81
"316",321,985,2029,"ABX",3,86
"317",322,985,2823,"BrF",3,86
"318",323,985,2793,"BrM",3,86
"319",324,986,1939,"BrM",3,87
"320",325,987,2737,"BrF",3,89
"321",326,987,1941,"BrM",3,89
"322",327,988,2031,"BrF",3,91
"323",328,988,2030,"BrM",3,91
"324",329,989,1944,"BrF",3,92
"325",330,989,1943,"BrM",3,92
"326",331,990,2032,"FL",3,94
"327",332,990,31,"U",3,94
"328",333,990,32,"BrF",3,94
"329",334,990,30,"BrM",3,94
"330",335,991,1949,"BrF",3,95
"331",336,991,1948,"BrM",3,95
"332",337,992,2033,"FL",3,96
"333",338,992,1951,"BrM",3,96
"334",339,993,1955,"ABX",3,99
"335",340,993,2034,"ABX",3,99
"336",341,993,1954,"BrF",3,99
"337",342,993,1953,"BrM",3,99
"338",343,994,2036,"BrF",3,101
"339",344,994,2035,"BrM",3,101
"340",345,995,2037,"FL",3,102
"341",346,995,1957,"ABX",3,102
"342",347,995,2752,"BrF",3,102
"343",348,995,2753,"BrM",3,102
"344",349,996,2771,"ABX",3,103
"345",350,996,1959,"BrF",3,103
"346",351,996,1958,"BrM",3,103
"347",352,997,2824,"ABX",3,104
"348",353,997,2038,"ABX",3,104
"349",354,997,1961,"BrF",3,104
"350",355,997,1960,"BrM",3,104
"351",356,998,1964,"ABX",3,105
"352",357,998,2039,"ABX",3,105
"353",358,998,1963,"BrF",3,105
"354",359,998,1962,"BrM",3,105
"355",360,999,2041,"FL",3,106
"356",361,999,2040,"BrF",3,106
"357",362,999,1965,"BrM",3,106
"358",363,1000,2042,"FL",3,108
"359",364,1000,2825,"BrU",3,108
"360",366,1001,1967,"BrF",3,109
"361",367,1001,2043,"BrM",3,109
"362",368,1002,2044,"BrM",3,110
"363",369,1003,21,"AB",3,112
"364",370,1003,2827,"BrF",3,112
"365",371,1003,2740,"BrM",3,112
"366",372,1004,1687,"ABX",3,113
"367",373,1004,793,"ABX",3,113
"368",374,1004,2862,"BrF",3,113
"369",375,1004,2045,"BrM",3,113
"370",376,1005,2047,"BrF",3,116
"371",377,1005,2046,"BrM",3,116
"372",378,1006,428,"BrF",3,121
"373",379,1007,2049,"FL",3,123
"374",380,1007,2828,"ABX",3,123
"375",381,1007,2048,"BrF",3,123
"376",382,1007,1968,"BrM",3,123
"377",383,1008,2050,"FL",3,126
"378",384,1008,1970,"BrF",3,126
"379",385,1008,1969,"BrM",3,126
"380",386,1009,1972,"BrF",3,127
"381",387,1009,1971,"BrM",3,127
"382",388,1010,1973,"BrM",3,129
"383",389,1011,2829,"ABX",3,131
"384",390,1011,1976,"BrF",3,131
"385",391,1011,1975,"BrM",3,131
"386",392,1012,2051,"FL",3,132
"387",393,1012,2830,"ABX",3,132
"388",394,1012,1978,"BrF",3,132
"389",395,1012,1977,"BrM",3,132
"390",396,1013,1980,"BrF",3,134
"391",397,1013,1979,"BrM",3,134
"392",398,1014,1984,"BrF",3,138
"393",399,1014,1983,"BrM",3,138
"394",400,1015,1985,"BrM",3,144
"395",401,1016,1989,"ABX",3,146
"396",402,1016,2052,"ABX",3,146
"397",403,1016,2053,"ABX",3,146
"398",404,1016,1988,"BrF",3,146
"399",405,1016,1987,"BrM",3,146
"400",406,1017,2056,"FL",3,148
"401",407,1017,2055,"BrF",3,148
"402",408,1017,2054,"BrM",3,148
"403",409,1018,2798,"ABX",3,154
"404",410,1018,1991,"BrF",3,154
"405",411,1018,2831,"BrM",3,154
"406",412,1019,1993,"BrM",3,163
"407",413,1019,1992,"BrF",3,163
"408",414,1020,2059,"FL",3,164
"409",415,1020,2058,"BrF",3,164
"410",416,1020,2057,"BrM",3,164
"411",417,1021,2060,"FL",3,165
"412",418,1021,1995,"BrF",3,165
"413",419,1021,1994,"BrM",3,165
"414",420,1022,2061,"FL",3,166
"415",421,1022,1997,"BrF",3,166
"416",422,1022,1996,"BrM",3,166
"417",423,1023,2001,"ABX",3,167
"418",424,1023,2000,"BrF",3,167
"419",425,1023,1999,"BrM",3,167
"420",426,1024,2063,"BrF",3,168
"421",427,1024,2062,"BrM",3,168
"422",428,1025,2065,"BrF",3,169
"423",429,1025,2064,"BrM",3,169
"424",430,1026,33,"U",3,171
"425",431,1027,2832,"BrF",4,1
"426",432,1027,2066,"BrM",4,1
"427",433,1028,28,"ABX",4,4
"428",434,1028,797,"BrF",4,4
"429",435,1028,2766,"BrM",4,4
"430",436,1029,2066,"ABX",4,12
"431",437,1029,2067,"ABX",4,12
"432",438,1029,789,"BrF",4,12
"433",439,1029,2752,"BrM",4,12
"434",440,1030,35,"FL",4,13
"435",441,1030,20,"U",4,13
"436",442,1030,2006,"ABX",4,13
"437",443,1030,2068,"ABX",4,13
"438",444,1030,1901,"BrF",4,13
"439",445,1030,1900,"BrM",4,13
"440",446,1031,2008,"BrF",4,14
"441",447,1031,2764,"BrM",4,14
"442",448,1032,2833,"BrF",4,15
"443",449,1032,1686,"BrM",4,15
"444",450,1033,2070,"BrF",4,16
"445",451,1033,2069,"BrM",4,16
"446",452,1034,29,"ABX",4,20
"447",453,1035,2860,"ABX",4,22
"448",454,1035,2760,"BrF",4,22
"449",455,1035,2754,"BrM",4,22
"450",456,1036,788,"BrF",4,23
"451",457,1036,2011,"BrM",4,23
"452",458,1037,27,"BrF",4,24
"453",459,1037,795,"BrM",4,24
"454",460,3286,2012,"ABX",4,25
"455",461,3286,2072,"ABX",4,25
"456",462,3286,2749,"BrF",4,25
"457",463,3286,427,"U",4,25
"458",464,3286,2071,"BrM",4,25
"459",465,1038,36,"U",4,26
"460",466,1038,37,"U",4,26
"461",467,1038,2075,"ABX",4,26
"462",468,1038,2074,"BrF",4,26
"463",469,1038,2073,"BrM",4,26
"464",470,1039,2834,"ABX",4,27
"465",471,1039,2076,"BrF",4,27
"466",472,1039,22,"BrM",4,27
"467",473,1040,1905,"BrF",4,28
"468",474,1040,1904,"BrM",4,28
"469",475,1041,1907,"BrF",4,30
"470",476,1041,2835,"BrM",4,30
"471",477,1042,1908,"ABX",4,32
"472",478,1042,2795,"BrF",4,32
"473",479,1042,2733,"BrM",4,32
"474",480,1043,2014,"BrF",4,33
"475",481,1043,2755,"BrM",4,33
"476",482,1044,1687,"BrF",4,34
"477",483,1044,2077,"BrM",4,34
"478",484,1045,2814,"BrF",4,37
"479",485,1045,2015,"BrM",4,37
"480",486,1046,791,"U",4,38
"481",487,1046,2738,"BrF",4,38
"482",488,1046,1909,"BrM",4,38
"483",489,1047,799,"U",4,40
"484",490,1047,2836,"BrF",4,40
"485",491,1047,2837,"BrM",4,40
"486",492,1048,24,"ABX",4,41
"487",493,1048,2817,"BrF",4,41
"488",494,1048,2763,"BrM",4,41
"489",495,1049,2018,"BrF",4,44
"490",496,1049,2756,"BrM",4,44
"491",497,1050,2759,"BrF",4,45
"492",498,1050,2019,"BrM",4,45
"493",499,1051,2080,"ABX",4,47
"494",500,1051,2079,"BrF",4,47
"495",501,1051,2078,"BrM",4,47
"496",502,1052,2083,"ABX",4,49
"497",503,1052,2082,"BrF",4,49
"498",504,1052,2081,"BrM",4,49
"499",505,1053,2084,"ABX",4,52
"500",506,1053,2085,"ABX",4,52
"501",507,1053,2757,"BrF",4,52
"502",508,1053,304,"BrM",4,52
"503",509,1054,1915,"BrF",4,54
"504",510,1054,2781,"BrM",4,54
"505",511,1055,1915,"ABX",4,55
"506",512,1055,2086,"ABX",4,55
"507",513,1055,1914,"BrF",4,55
"508",514,1055,1913,"BrM",4,55
"509",515,1056,1917,"BrF",4,56
"510",516,1056,1916,"BrM",4,56
"511",517,1057,1921,"BrF",4,59
"512",518,1057,1920,"BrM",4,59
"513",519,1058,1925,"BrF",4,61
"514",520,1058,1924,"BrM",4,61
"515",521,1059,2088,"BrF",4,62
"516",522,1059,2087,"BrM",4,62
"517",523,1060,1928,"ABX",4,63
"518",524,1060,1927,"BrF",4,63
"519",525,1060,1926,"BrM",4,63
"520",527,1061,1929,"BrM",4,67
"521",528,1062,2089,"BrF",4,69
"522",529,1062,1931,"BrM",4,69
"523",530,3287,2822,"ABX",4,71
"524",531,3287,2024,"ABX",4,71
"525",532,3287,2025,"ABX",4,71
"526",533,3287,2090,"ABX",4,71
"527",534,3287,790,"BrF",4,71
"528",535,3287,426,"BrM",4,71
"529",536,3287,2838,"U",4,71
"530",537,1063,796,"BrF",4,73
"531",538,1063,2784,"BrM",4,73
"532",539,1064,1938,"BrF",4,81
"533",540,1064,1937,"BrM",4,81
"534",541,1065,2788,"BrF",4,86
"535",542,1065,2793,"BrM",4,86
"536",543,1066,2090,"ABX",4,87
"537",544,1066,2091,"ABX",4,87
"538",545,1066,1940,"BrF",4,87
"539",546,1066,1939,"BrM",4,87
"540",547,1067,2092,"FL",4,89
"541",548,1067,2737,"BrF",4,89
"542",549,1067,1941,"BrM",4,89
"543",550,1068,2093,"ABX",4,92
"544",551,1068,2094,"ABX",4,92
"545",552,1068,2095,"ABX",4,92
"546",553,1068,1944,"BrF",4,92
"547",554,1068,1943,"BrM",4,92
"548",555,1069,2096,"BrF",4,94
"549",556,1069,30,"BrM",4,94
"550",557,1070,2097,"ABX",4,95
"551",558,1070,1949,"BrF",4,95
"552",559,1070,1948,"BrM",4,95
"553",560,1071,2111,"BrF",4,96
"554",561,1071,1951,"BrM",4,96
"555",562,1072,2098,"FL",4,99
"556",563,1072,2034,"ABX",4,99
"557",564,1072,1954,"BrF",4,99
"558",565,1072,1953,"BrM",4,99
"559",566,1073,2100,"BrF",4,100
"560",567,1073,2099,"BrM",4,100
"561",568,1074,2036,"BrF",4,101
"562",569,1074,2035,"BrM",4,101
"563",570,1075,2037,"ABX",4,102
"564",571,1075,2752,"BrF",4,102
"565",572,1075,2753,"BrM",4,102
"566",573,1076,2771,"ABX",4,103
"567",574,1076,1959,"BrF",4,103
"568",575,1076,1958,"BrM",4,103
"569",576,1077,1961,"BrF",4,104
"570",577,1077,1960,"BrM",4,104
"571",578,1078,2039,"ABX",4,105
"572",579,1078,1963,"BrF",4,105
"573",580,1078,1962,"BrM",4,105
"574",581,1079,2040,"BrF",4,106
"575",582,1079,1965,"BrM",4,106
"576",583,1080,2101,"BrF",4,108
"577",584,1080,2839,"BrM",4,108
"578",585,1080,2042,"ABX",4,108
"579",586,1081,39,"U",4,109
"580",587,1081,2102,"ABX",4,109
"581",588,1081,40,"BrF",4,109
"582",589,1081,2043,"BrM",4,109
"583",590,1082,34,"ABX",4,110
"584",591,1082,2103,"BrF",4,110
"585",592,1082,2044,"BrM",4,110
"586",593,1083,38,"U",4,112
"587",594,1083,800,"ABX",4,112
"588",595,1083,2827,"BrF",4,112
"589",596,1083,2740,"BrM",4,112
"590",597,1084,793,"ABX",4,113
"591",598,1084,2104,"ABX",4,113
"592",599,1084,2862,"BrF",4,113
"593",600,1084,2045,"BrM",4,113
"594",601,1085,2106,"BrF",4,115
"595",602,1085,2105,"BrM",4,115
"596",603,1086,2840,"ABX",4,116
"597",604,1086,2047,"BrF",4,116
"598",605,1086,2046,"BrM",4,116
"599",606,1087,2048,"BrF",4,123
"600",607,1087,1968,"BrM",4,123
"601",608,1088,1970,"BrF",4,126
"602",609,1088,1969,"BrM",4,126
"603",610,1089,2107,"ABX",4,127
"604",611,1089,1972,"BrF",4,127
"605",612,1089,1971,"BrM",4,127
"606",613,1090,2112,"BrF",4,129
"607",614,1090,1973,"BrM",4,129
"608",615,1091,1976,"BrF",4,131
"609",616,1091,1975,"BrM",4,131
"610",617,1092,1978,"BrF",4,132
"611",618,1092,1977,"BrM",4,132
"612",619,1093,1980,"BrF",4,134
"613",620,1093,1979,"BrM",4,134
"614",621,1094,1983,"BrM",4,138
"615",622,1095,2113,"BrF",4,144
"616",623,1095,1985,"BrM",4,144
"617",624,1096,2841,"BrF",4,154
"618",625,1096,2107,"BrM",4,154
"619",626,1097,1993,"BrM",4,163
"620",627,1097,31,"BrF",4,163
"621",628,1098,2058,"BrF",4,164
"622",629,1098,2057,"BrM",4,164
"623",630,1099,2108,"ABX",4,165
"624",631,1099,1995,"BrF",4,165
"625",632,1099,1994,"BrM",4,165
"626",633,1100,2842,"ABX",4,166
"627",634,1100,1997,"BrF",4,166
"628",635,1100,1996,"BrM",4,166
"629",636,1101,2001,"ABX",4,167
"630",637,1101,2000,"BrF",4,167
"631",638,1101,1999,"BrM",4,167
"632",639,1102,2063,"BrF",4,168
"633",640,1102,2739,"BrM",4,168
"634",641,1103,2065,"BrF",4,169
"635",642,1103,2064,"BrM",4,169
"636",643,1104,2109,"ABX",4,171
"637",644,1104,2110,"ABX",4,171
"638",645,1104,33,"ABX",4,171
"639",646,1104,2108,"BrF",4,171
"640",647,1104,2004,"BrM",4,171
"641",648,1105,2832,"BrF",5,1
"642",649,1105,2066,"BrM",5,1
"643",650,1106,429,"ABX",5,3
"644",651,1106,2114,"BrF",5,3
"645",652,1106,2005,"BrM",5,3
"646",653,1107,2115,"FL",5,4
"647",654,1107,2773,"ABX",5,4
"648",655,1107,797,"BrF",5,4
"649",656,1107,23,"BrM",5,4
"650",657,1108,2115,"BrF",5,7
"651",658,1108,429,"BrM",5,7
"652",659,1109,2117,"BrF",5,8
"653",660,1109,2116,"BrM",5,8
"654",661,1110,2119,"BrF",5,9
"655",662,1110,2118,"BrM",5,9
"656",663,1111,2067,"ABX",5,12
"657",664,1111,789,"BrF",5,12
"658",665,1111,2120,"BrM",5,12
"659",666,1112,2067,"ABX",5,13
"660",667,1112,2068,"ABX",5,13
"661",668,1112,1901,"BrF",5,13
"662",669,1112,1900,"BrM",5,13
"663",670,1113,2008,"BrF",5,14
"664",671,1113,2764,"BrM",5,14
"665",672,1114,2833,"BrF",5,15
"666",673,1114,1686,"BrM",5,15
"667",674,1115,2070,"BrF",5,16
"668",675,1115,22,"BrM",5,16
"669",676,1116,2859,"BrF",5,17
"670",677,1116,2121,"BrM",5,17
"671",678,1117,2751,"BrF",5,18
"672",679,1117,2122,"BrM",5,18
"673",680,1118,2122,"FL",5,19
"674",681,1118,2750,"BrF",5,19
"675",682,1118,1903,"BrM",5,19
"676",683,1119,2123,"ABX",5,20
"677",684,1119,428,"BrF",5,20
"678",685,1119,28,"BrM",5,20
"679",686,1120,2124,"FL",5,22
"680",687,1120,2760,"BrF",5,22
"681",688,1120,2754,"BrM",5,22
"682",689,1121,41,"FL",5,23
"683",690,1121,788,"BrF",5,23
"684",691,1121,2011,"BrM",5,23
"685",692,1122,798,"U",5,24
"686",693,1122,27,"BrF",5,24
"687",694,1122,29,"BrM",5,24
"688",695,3288,2749,"BrF",5,25
"689",696,3288,427,"U",5,25
"690",697,1123,37,"BrF",5,26
"691",698,1123,36,"BrM",5,26
"692",699,1124,2834,"ABX",5,27
"693",700,1124,2076,"BrF",5,27
"694",701,1124,2125,"BrM",5,27
"695",702,1125,1905,"BrF",5,28
"696",703,1125,2755,"BrM",5,28
"697",704,1126,2126,"BrF",5,30
"698",705,1126,21,"BrM",5,30
"699",706,1127,94,"U",5,32
"700",707,1127,93,"U",5,32
"701",708,1127,1908,"ABX",5,32
"702",709,1127,2127,"ABX",5,32
"703",710,1127,2795,"BrF",5,32
"704",711,1127,2733,"BrM",5,32
"705",712,1128,2014,"BrF",5,33
"706",713,1128,2128,"BrM",5,33
"707",714,1129,1687,"BrF",5,34
"708",715,1129,2077,"BrM",5,34
"709",716,1130,2129,"BrF",5,37
"710",717,1130,2015,"BrM",5,37
"711",718,1131,2130,"ABX",5,38
"712",719,1131,2738,"BrF",5,38
"713",720,1131,2792,"BrM",5,38
"714",721,1132,2815,"ABX",5,40
"715",722,1132,2132,"ABX",5,40
"716",723,1132,2133,"ABX",5,40
"717",724,1132,799,"BrF",5,40
"718",725,1132,2131,"BrM",5,40
"719",726,1133,92,"U",5,41
"720",727,1133,2134,"ABX",5,41
"721",728,1133,2817,"BrF",5,41
"722",729,1133,2763,"BrM",5,41
"723",730,1134,794,"BrF",5,44
"724",731,1134,2756,"BrM",5,44
"725",732,1135,2817,"SEEN1",5,45
"726",733,1135,2759,"BrF",5,45
"727",734,1135,24,"BrM",5,45
"728",735,1136,2080,"ABX",5,47
"729",736,1136,2135,"ABX",5,47
"730",737,1136,2079,"BrF",5,47
"731",738,1136,2078,"BrM",5,47
"732",739,1137,2083,"ABX",5,49
"733",740,1137,2136,"ABX",5,49
"734",741,1137,2082,"BrF",5,49
"735",742,1137,2081,"BrM",5,49
"736",743,1138,2139,"ABX",5,51
"737",744,1138,2138,"BrF",5,51
"738",745,1138,2137,"BrM",5,51
"739",746,1139,2085,"ABX",5,52
"740",747,1139,2140,"ABX",5,52
"741",748,1139,2084,"BrF",5,52
"742",749,1139,304,"BrM",5,52
"743",750,1140,2757,"BrF",5,53
"744",751,1140,2141,"BrM",5,53
"745",752,1141,1915,"BrF",5,54
"746",753,1141,2781,"BrM",5,54
"747",754,1142,2086,"ABX",5,55
"748",755,1142,1914,"BrF",5,55
"749",756,1142,1913,"BrM",5,55
"750",757,1143,1917,"BrF",5,56
"751",758,1143,1916,"BrM",5,56
"752",759,1144,2143,"BrF",5,57
"753",760,1144,2142,"BrM",5,57
"754",761,1145,1921,"BrF",5,59
"755",762,1145,2144,"BrM",5,59
"756",763,1146,2145,"FL",5,60
"757",764,1146,1923,"BrF",5,60
"758",765,1146,1922,"BrM",5,60
"759",766,1147,1925,"BrF",5,61
"760",767,1147,1924,"BrM",5,61
"761",768,1148,2088,"BrF",5,62
"762",769,1148,2087,"BrM",5,62
"763",770,1149,1928,"ABX",5,63
"764",771,1149,2146,"ABX",5,63
"765",772,1149,1927,"BrF",5,63
"766",773,1149,1926,"BrM",5,63
"767",774,1150,430,"BrF",5,67
"768",775,1150,1929,"BrM",5,67
"769",776,1151,2147,"BrF",5,70
"770",777,1151,1932,"BrM",5,70
"771",778,1152,2148,"FL",5,71
"772",779,1152,2149,"FL",5,71
"773",780,1152,2821,"ABX",5,71
"774",782,1152,2822,"ABX",5,71
"775",783,1152,790,"BrF",5,71
"776",784,1152,426,"BrM",5,71
"777",785,1153,792,"BrF",5,73
"778",786,1153,2150,"BrM",5,73
"779",787,1154,2153,"ABX",5,76
"780",788,1154,2154,"ABX",5,76
"781",789,1154,2155,"ABX",5,76
"782",790,1154,2156,"ABX",5,76
"783",791,1154,2157,"ABX",5,76
"784",792,1154,2152,"BrF",5,76
"785",793,1154,2151,"BrM",5,76
"786",794,1155,2159,"BrF",5,79
"787",795,1155,2158,"BrM",5,79
"788",796,1156,1938,"BrF",5,81
"789",797,1156,1937,"BrM",5,81
"790",798,1157,2161,"BrF",5,82
"791",799,1157,2160,"BrM",5,82
"792",800,1158,2163,"BrF",5,83
"793",801,1158,2162,"BrM",5,83
"794",802,1159,2766,"BrM",5,84
"795",803,1159,2164,"BrF",5,84
"796",804,1160,2165,"BrF",5,86
"797",805,1160,2793,"BrM",5,86
"798",806,1161,2091,"ABX",5,87
"799",807,1161,2166,"ABX",5,87
"800",808,1161,1940,"BrF",5,87
"801",809,1161,1939,"BrM",5,87
"802",810,1162,2737,"BrF",5,89
"803",811,1162,1941,"BrM",5,89
"804",812,1163,2030,"BrM",5,91
"805",813,1164,2095,"ABX",5,92
"806",814,1164,1944,"BrF",5,92
"807",815,1164,1943,"BrM",5,92
"808",816,1165,2167,"ABX",5,94
"809",817,1165,2096,"BrF",5,94
"810",818,1165,30,"BrM",5,94
"811",819,1166,2097,"ABX",5,95
"812",820,1166,1949,"BrF",5,95
"813",821,1166,1948,"BrM",5,95
"814",822,1167,2111,"BrF",5,96
"815",823,1167,1951,"BrM",5,96
"816",824,1168,2169,"BrF",5,98
"817",825,1168,2168,"BrM",5,98
"818",826,1169,2034,"ABX",5,99
"819",827,1169,2098,"ABX",5,99
"820",828,1169,1954,"BrF",5,99
"821",829,1169,1953,"BrM",5,99
"822",830,1170,2100,"BrF",5,100
"823",831,1170,2099,"BrM",5,100
"824",832,1171,2036,"BrF",5,101
"825",833,1171,2035,"BrM",5,101
"826",834,1172,2037,"ABX",5,102
"827",835,1172,2170,"ABX",5,102
"828",836,1172,2752,"BrF",5,102
"829",837,1172,2753,"BrM",5,102
"830",838,1173,2171,"ABX",5,103
"831",839,1173,1959,"BrF",5,103
"832",840,1173,1958,"BrM",5,103
"833",841,1174,2171,"ABX",5,104
"834",842,1174,2172,"ABX",5,104
"835",843,1174,1961,"BrF",5,104
"836",844,1174,1960,"BrM",5,104
"837",845,1175,2039,"ABX",5,105
"838",846,1175,1963,"BrF",5,105
"839",847,1175,1962,"BrM",5,105
"840",848,1176,2041,"ABX",5,106
"841",849,1176,2173,"ABX",5,106
"842",850,1176,2040,"BrF",5,106
"843",851,1176,1965,"BrM",5,106
"844",852,1177,2042,"ABX",5,108
"845",853,1177,2174,"ABX",5,108
"846",854,1177,2101,"BrF",5,108
"847",855,1177,2839,"BrM",5,108
"848",856,1178,2175,"FL",5,109
"849",857,1178,40,"BrF",5,109
"850",858,1178,39,"BrM",5,109
"851",859,1179,34,"BrF",5,110
"852",860,1179,2044,"BrM",5,110
"853",861,1180,42,"FL",5,112
"854",862,1180,800,"BrF",5,112
"855",863,1180,38,"BrM",5,112
"856",864,1181,2862,"BrF",5,113
"857",865,1181,2045,"BrM",5,113
"858",866,1182,2176,"ABX",5,116
"859",867,1182,2047,"BrF",5,116
"860",868,1182,2046,"BrM",5,116
"861",869,1183,2178,"BrF",5,117
"862",870,1183,2177,"BrM",5,117
"863",871,1184,2180,"BrF",5,121
"864",872,1184,2179,"BrM",5,121
"865",873,1185,2048,"BrF",5,123
"866",874,1185,1968,"BrM",5,123
"867",875,1186,2182,"BrF",5,125
"868",876,1186,2181,"BrM",5,125
"869",877,1187,2183,"ABX",5,126
"870",878,1187,1970,"BrF",5,126
"871",879,1187,1969,"BrM",5,126
"872",880,1188,1972,"BrF",5,127
"873",881,1188,1971,"BrM",5,127
"874",882,1189,2112,"BrF",5,129
"875",883,1189,1973,"BrM",5,129
"876",884,1190,1976,"BrF",5,131
"877",885,1190,1975,"BrM",5,131
"878",886,1191,2184,"ABX",5,132
"879",887,1191,1978,"BrF",5,132
"880",888,1191,1977,"BrM",5,132
"881",889,1192,2187,"ABX",5,133
"882",890,1192,2186,"BrF",5,133
"883",891,1192,2185,"BrM",5,133
"884",892,1193,2188,"ABX",5,134
"885",893,1193,2189,"ABX",5,134
"886",894,1193,1980,"BrF",5,134
"887",895,1193,1979,"BrM",5,134
"888",896,1194,2204,"BrF",5,137
"889",897,1194,2205,"BrM",5,137
"890",898,1195,2190,"ABX",5,138
"891",899,1195,2206,"BrF",5,138
"892",900,1195,1983,"BrM",5,138
"893",901,1196,2113,"BrF",5,144
"894",902,1196,1985,"BrM",5,144
"895",903,1197,2207,"BrF",5,146
"896",904,1197,2208,"BrM",5,146
"897",905,1198,2190,"ABX",5,148
"898",906,1198,2209,"BrF",5,148
"899",907,1198,2210,"BrM",5,148
"900",908,1199,2192,"BrF",5,150
"901",909,1199,2191,"BrM",5,150
"902",910,1200,2194,"BrF",5,153
"903",911,1200,2193,"BrM",5,153
"904",912,1201,2841,"BrF",5,154
"905",913,1201,2107,"BrM",5,154
"906",914,1202,2197,"ABX",5,157
"907",915,1202,2196,"BrF",5,157
"908",916,1202,2195,"BrM",5,157
"909",917,1203,2200,"ABX",5,158
"910",918,1203,2199,"BrF",5,158
"911",919,1203,2198,"BrM",5,158
"912",920,1204,2202,"BrF",5,160
"913",921,1204,2201,"BrM",5,160
"914",922,1205,31,"BrF",5,163
"915",923,1205,2203,"BrM",5,163
"916",924,1206,2058,"BrF",5,164
"917",925,1206,2057,"BrM",5,164
"918",926,1207,1995,"BrF",5,165
"919",927,1207,1994,"BrM",5,165
"920",928,1208,1997,"BrF",5,166
"921",929,1208,1996,"BrM",5,166
"922",930,1209,2000,"BrF",5,167
"923",931,1209,1999,"BrM",5,167
"924",932,1210,2063,"BrF",5,168
"925",933,1210,2739,"BrM",5,168
"926",934,1211,2065,"BrF",5,169
"927",935,1211,2064,"BrM",5,169
"928",936,1212,2108,"BrF",5,171
"929",937,1212,2004,"BrM",5,171
"930",938,1213,91,"ABX",6,1
"931",939,1213,2211,"ABX",6,1
"932",940,1213,2832,"BrF",6,1
"933",941,1213,2066,"BrM",6,1
"934",942,1214,2212,"FL",6,3
"935",943,1214,2213,"FL",6,3
"936",944,1214,2211,"ABX",6,3
"937",945,1214,2114,"BrF",6,3
"938",946,1214,2005,"BrM",6,3
"939",947,1215,105,"FL",6,4
"940",948,1215,2214,"BrF",6,4
"941",949,1215,23,"BrM",6,4
"942",950,1216,103,"FL",6,7
"943",951,1216,102,"CH",6,7
"944",952,1216,2215,"ABX",6,7
"945",953,1216,2115,"BrF",6,7
"946",954,1216,2774,"BrM",6,7
"947",955,1217,2216,"FL",6,8
"948",956,1217,2117,"BrF",6,8
"949",957,1217,2116,"BrM",6,8
"950",958,1218,2119,"BrF",6,9
"951",959,1218,2118,"BrM",6,9
"952",960,1219,2067,"ABX",6,12
"953",961,1219,789,"BrF",6,12
"954",962,1219,2120,"BrM",6,12
"955",963,1220,35,"SEEN1",6,13
"956",964,1220,2218,"FL",6,13
"957",965,1220,95,"ABX",6,13
"958",966,1220,96,"ABX",6,13
"959",967,1220,2217,"ABX",6,13
"960",968,1220,790,"ABX",6,13
"961",969,1220,1901,"BrF",6,13
"962",970,1220,1900,"BrM",6,13
"963",971,1221,112,"FL",6,14
"964",972,1221,2219,"ABX",6,14
"965",973,1221,2220,"ABX",6,14
"966",974,1221,2008,"BrF",6,14
"967",975,1221,2764,"BrM",6,14
"968",976,1222,2221,"BrF",6,15
"969",977,1222,1686,"BrM",6,15
"970",978,1223,433,"FL",6,16
"971",979,1223,2070,"BrF",6,16
"972",980,1223,22,"BrM",6,16
"973",981,1224,2859,"BrF",6,17
"974",982,1224,2121,"BrM",6,17
"975",983,1225,2224,"FL",6,18
"976",984,1225,2751,"ABX",6,18
"977",985,1225,2223,"BrF",6,18
"978",986,1225,2122,"BrM",6,18
"979",987,1226,2225,"FL",6,19
"980",988,1226,2122,"ABX",6,19
"981",989,1226,2750,"BrF",6,19
"982",990,1226,1903,"BrM",6,19
"983",991,1227,98,"FL",6,20
"984",992,1227,428,"BrF",6,20
"985",993,1227,28,"BrM",6,20
"986",994,1228,99,"FL",6,22
"987",995,1228,2760,"BrF",6,22
"988",996,1228,2754,"BrM",6,22
"989",997,1229,2226,"ABX",6,23
"990",998,1229,788,"BrF",6,23
"991",999,1229,2011,"BrM",6,23
"992",1000,1230,2227,"BrF",6,24
"993",1001,1230,29,"BrM",6,24
"994",1002,1231,2229,"FL",6,25
"995",1003,1231,2228,"ABX",6,25
"996",1004,1231,427,"ABX",6,25
"997",1005,1231,2749,"BrF",6,25
"998",1006,1231,2071,"BrM",6,25
"999",1007,1232,2230,"ABX",6,26
"1000",1008,1232,37,"BrF",6,26
"1001",1009,1232,36,"BrM",6,26
"1002",1010,1233,2231,"FL",6,27
"1003",1011,1233,2076,"BrF",6,27
"1004",1012,1233,2125,"BrM",6,27
"1005",1013,1234,2232,"ABX",6,28
"1006",1014,1234,1905,"BrF",6,28
"1007",1015,1234,2755,"BrM",6,28
"1008",1016,1235,2126,"BrF",6,30
"1009",1017,1235,21,"BrM",6,30
"1010",1018,1236,2234,"FL",6,32
"1011",1019,1236,2127,"ABX",6,32
"1012",1020,1236,2233,"ABX",6,32
"1013",1021,1236,2795,"BrF",6,32
"1014",1022,1236,2733,"BrM",6,32
"1015",1023,1237,2014,"BrF",6,33
"1016",1024,1237,2128,"BrM",6,33
"1017",1025,1238,2236,"FL",6,34
"1018",1026,1238,2235,"ABX",6,34
"1019",1027,1238,1687,"BrF",6,34
"1020",1028,1238,2077,"BrM",6,34
"1021",1029,1239,2237,"ABX",6,37
"1022",1030,1239,2129,"BrF",6,37
"1023",1031,1239,2015,"BrM",6,37
"1024",1032,1240,2239,"BrF",6,38
"1025",1033,1240,2238,"BrM",6,38
"1026",1034,1241,100,"FL",6,40
"1027",1035,1241,101,"FL",6,40
"1028",1036,1241,106,"FL",6,40
"1029",1037,1241,2242,"FL",6,40
"1030",1038,1241,2815,"ABX",6,40
"1031",1039,1241,2240,"ABX",6,40
"1032",1040,1241,2241,"ABX",6,40
"1033",1041,1241,799,"BrF",6,40
"1034",1042,1241,2131,"BrM",6,40
"1035",1043,1242,92,"ABX",6,41
"1036",1044,1242,2243,"BrF",6,41
"1037",1045,1242,2763,"BrM",6,41
"1038",1046,1243,2244,"FL",6,44
"1039",1047,1243,794,"BrF",6,44
"1040",1048,1243,2756,"BrM",6,44
"1041",1049,1244,107,"FL",6,45
"1042",1050,1244,44,"FL",6,45
"1043",1051,1244,2246,"FL",6,45
"1044",1052,1244,97,"ABX",6,45
"1045",1053,1244,2245,"ABX",6,45
"1046",1054,1244,2759,"BrF",6,45
"1047",1055,1244,24,"BrM",6,45
"1048",1056,1245,2247,"FL",6,47
"1049",1057,1245,2135,"ABX",6,47
"1050",1058,1245,2079,"BrF",6,47
"1051",1059,1245,2078,"BrM",6,47
"1052",1060,1246,2136,"ABX",6,49
"1053",1061,1246,2082,"BrF",6,49
"1054",1062,1246,2081,"BrM",6,49
"1055",1063,1247,104,"FL",6,51
"1056",1064,1247,2248,"FL",6,51
"1057",1065,1247,2139,"ABX",6,51
"1058",1066,1247,2138,"BrF",6,51
"1059",1067,1247,2137,"BrM",6,51
"1060",1068,1248,2140,"ABX",6,52
"1061",1069,1248,2084,"BrF",6,52
"1062",1070,1248,304,"BrM",6,52
"1063",1071,1249,2249,"BrF",6,53
"1064",1072,1249,2141,"BrM",6,53
"1065",1073,1250,2250,"FL",6,54
"1066",1074,1250,1915,"BrF",6,54
"1067",1075,1250,2781,"BrM",6,54
"1068",1076,1251,1914,"BrF",6,55
"1069",1077,1251,1913,"BrM",6,55
"1070",1078,1252,1917,"BrF",6,56
"1071",1079,1252,1916,"BrM",6,56
"1072",1080,1253,2143,"BrF",6,57
"1073",1081,1253,2142,"BrM",6,57
"1074",1082,1254,2251,"FL",6,59
"1075",1083,1254,109,"ABX",6,59
"1076",1084,1254,1921,"BrF",6,59
"1077",1085,1254,2144,"BrM",6,59
"1078",1086,1255,1923,"BrF",6,60
"1079",1087,1255,1922,"BrM",6,60
"1080",1088,1256,1925,"BrF",6,61
"1081",1089,1256,1924,"BrM",6,61
"1082",1090,1257,2088,"BrF",6,62
"1083",1091,1257,2087,"BrM",6,62
"1084",1092,1258,2146,"ABX",6,63
"1085",1093,1258,1927,"BrF",6,63
"1086",1094,1258,1926,"BrM",6,63
"1087",1095,1259,430,"BrF",6,67
"1088",1096,1259,1929,"BrM",6,67
"1089",1097,1260,2253,"FL",6,69
"1090",1098,1260,2252,"ABX",6,69
"1091",1099,1260,2089,"BrF",6,69
"1092",1100,1260,1931,"BrM",6,69
"1093",1101,1261,2147,"BrF",6,70
"1094",1102,1261,1932,"BrM",6,70
"1095",1103,1262,431,"FL",6,71
"1096",1104,1262,2256,"FL",6,71
"1097",1105,1262,2255,"FL",6,71
"1098",1106,1262,2821,"ABX",6,71
"1099",1107,1262,2775,"ABX",6,71
"1100",1108,1262,2822,"ABX",6,71
"1101",1109,1262,2148,"ABX",6,71
"1102",1110,1262,2149,"ABX",6,71
"1103",1111,1262,790,"BrF",6,71
"1104",1112,1262,2254,"BrM",6,71
"1105",1113,1263,2257,"ABX",6,73
"1106",1114,1263,2258,"ABX",6,73
"1107",1115,1263,792,"BrF",6,73
"1108",1116,1263,2150,"BrM",6,73
"1109",1117,1264,2259,"FL",6,76
"1110",1118,1264,2260,"FL",6,76
"1111",1119,1264,93,"ABX",6,76
"1112",1120,1264,43,"CH",6,76
"1113",1121,1264,94,"ABX",6,76
"1114",1122,1264,2152,"BrF",6,76
"1115",1123,1264,2151,"BrM",6,76
"1116",1124,1265,2159,"BrF",6,79
"1117",1125,1265,2158,"BrM",6,79
"1118",1126,1266,1938,"BrF",6,81
"1119",1127,1266,1937,"BrM",6,81
"1120",1128,1267,2161,"BrF",6,82
"1121",1129,1267,2160,"BrM",6,82
"1122",1130,1268,2163,"BrF",6,83
"1123",1131,1268,2162,"BrM",6,83
"1124",1132,1269,2766,"BrM",6,84
"1125",1133,1269,2164,"BrF",6,84
"1126",1134,1270,2261,"FL",6,86
"1127",1135,1270,2165,"BrF",6,86
"1128",1136,1270,2793,"BrM",6,86
"1129",1137,1271,1940,"BrF",6,87
"1130",1138,1271,1939,"BrM",6,87
"1131",1139,1272,2263,"FL",6,89
"1132",1140,1272,2262,"ABX",6,89
"1133",1141,1272,2737,"BrF",6,89
"1134",1142,1272,1941,"BrM",6,89
"1135",1143,1273,2264,"FL",6,92
"1136",1144,1273,2095,"ABX",6,92
"1137",1145,1273,1944,"BrF",6,92
"1138",1146,1273,1943,"BrM",6,92
"1139",1147,1274,2265,"CH",6,94
"1140",1148,1274,2096,"BrF",6,94
"1141",1149,1274,30,"BrM",6,94
"1142",1150,1275,2097,"ABX",6,95
"1143",1151,1275,1949,"BrF",6,95
"1144",1152,1275,1948,"BrM",6,95
"1145",1153,1276,1689,"FL",6,96
"1146",1154,1276,2266,"ABX",6,96
"1147",1155,1276,2111,"BrF",6,96
"1148",1156,1276,1951,"BrM",6,96
"1149",1157,1277,1954,"BrF",6,99
"1150",1158,1277,1953,"BrM",6,99
"1151",1159,1278,2100,"BrF",6,100
"1152",1160,1278,2099,"BrM",6,100
"1153",1161,1279,432,"FL",6,101
"1154",1162,1279,2036,"BrF",6,101
"1155",1163,1279,2035,"BrM",6,101
"1156",1164,1280,2267,"FL",6,102
"1157",1165,1280,434,"FL",6,102
"1158",1166,1280,2170,"ABX",6,102
"1159",1167,1280,2037,"BrF",6,102
"1160",1168,1280,2753,"BrM",6,102
"1161",1169,1281,2269,"FL",6,103
"1162",1170,1281,2171,"ABX",6,103
"1163",1171,1281,2268,"ABX",6,103
"1164",1172,1281,1959,"BrF",6,103
"1165",1173,1281,2771,"BrM",6,103
"1166",1174,1282,1961,"BrF",6,104
"1167",1175,1282,1960,"BrM",6,104
"1168",1176,1283,1963,"BrF",6,105
"1169",1177,1283,1962,"BrM",6,105
"1170",1178,1284,2173,"ABX",6,106
"1171",1179,1284,2040,"BrF",6,106
"1172",1180,1284,1965,"BrM",6,106
"1173",1181,1285,2271,"FL",6,108
"1174",1182,1285,2174,"ABX",6,108
"1175",1183,1285,2101,"BrF",6,108
"1176",1184,1285,2270,"BrM",6,108
"1177",1185,1286,2273,"FL",6,109
"1178",1186,1286,2272,"ABX",6,109
"1179",1187,1286,40,"BrF",6,109
"1180",1188,1286,39,"BrM",6,109
"1181",1189,1287,2274,"FL",6,110
"1182",1190,1287,34,"BrF",6,110
"1183",1191,1287,2044,"BrM",6,110
"1184",1192,1288,108,"CH",6,112
"1185",1193,1288,42,"AB",6,112
"1186",1194,1288,800,"BrF",6,112
"1187",1195,1288,38,"BrM",6,112
"1188",1196,1289,2862,"ABX",6,113
"1189",1197,1289,2275,"BrF",6,113
"1190",1198,1289,2045,"BrM",6,113
"1191",1199,1290,2276,"FL",6,115
"1192",1200,1290,2106,"BrF",6,115
"1193",1201,1290,2105,"BrM",6,115
"1194",1202,1291,2278,"FL",6,116
"1195",1203,1291,2840,"ABX",6,116
"1196",1204,1291,2277,"ABX",6,116
"1197",1205,1291,2047,"BrF",6,116
"1198",1206,1291,2046,"BrM",6,116
"1199",1207,1292,2279,"ABX",6,117
"1200",1208,1292,2178,"BrF",6,117
"1201",1209,1292,2177,"BrM",6,117
"1202",1210,1293,2180,"BrF",6,121
"1203",1211,1293,2179,"BrM",6,121
"1204",1212,1294,2048,"BrF",6,123
"1205",1213,1294,1968,"BrM",6,123
"1206",1214,1295,2182,"BrF",6,125
"1207",1215,1295,2181,"BrM",6,125
"1208",1216,1296,2280,"FL",6,126
"1209",1217,1296,2183,"ABX",6,126
"1210",1218,1296,1970,"BrF",6,126
"1211",1219,1296,1969,"BrM",6,126
"1212",1220,1297,1972,"BrF",6,127
"1213",1221,1297,1971,"BrM",6,127
"1214",1222,1298,2112,"BrF",6,129
"1215",1223,1298,1973,"BrM",6,129
"1216",1224,1299,2281,"FL",6,132
"1217",1225,1299,2184,"ABX",6,132
"1218",1226,1299,1978,"BrF",6,132
"1219",1227,1299,1977,"BrM",6,132
"1220",1228,1300,2186,"BrF",6,133
"1221",1229,1300,2185,"BrM",6,133
"1222",1230,1301,1980,"BrF",6,134
"1223",1231,1301,1979,"BrM",6,134
"1224",1232,1302,2282,"FL",6,137
"1225",1233,1302,2204,"BrF",6,137
"1226",1234,1302,2205,"BrM",6,137
"1227",1235,1303,2283,"FL",6,138
"1228",1236,1303,2206,"BrF",6,138
"1229",1237,1303,1983,"BrM",6,138
"1230",1238,1304,110,"FL",6,141
"1231",1239,1305,2285,"BrF",6,142
"1232",1240,1305,2284,"BrM",6,142
"1233",1241,1306,2287,"BrF",6,143
"1234",1242,1306,2286,"BrM",6,143
"1235",1243,1307,111,"FL",6,144
"1236",1244,1307,2288,"ABX",6,144
"1237",1245,1307,2113,"BrF",6,144
"1238",1246,1307,1985,"BrM",6,144
"1239",1247,1308,2291,"ABX",6,145
"1240",1248,1308,2292,"ABX",6,145
"1241",1249,1308,2293,"ABX",6,145
"1242",1250,1308,2290,"BrF",6,145
"1243",1251,1308,2289,"BrM",6,145
"1244",1252,1309,2294,"FL",6,146
"1245",1253,1309,2207,"BrF",6,146
"1246",1254,1309,2208,"BrM",6,146
"1247",1255,1310,2209,"BrF",6,148
"1248",1256,1310,2210,"BrM",6,148
"1249",1257,1311,2295,"FL",6,150
"1250",1258,1311,2192,"BrF",6,150
"1251",1259,1311,2191,"BrM",6,150
"1252",1260,1312,2296,"ABX",6,153
"1253",1261,1312,2194,"BrF",6,153
"1254",1262,1312,2193,"BrM",6,153
"1255",1263,1313,2297,"ABX",6,154
"1256",1264,1313,2298,"ABX",6,154
"1257",1265,1313,2841,"BrF",6,154
"1258",1266,1313,2107,"BrM",6,154
"1259",1267,1314,2196,"BrF",6,157
"1260",1268,1314,2195,"BrM",6,157
"1261",1269,1315,2300,"FL",6,158
"1262",1270,1315,2200,"ABX",6,158
"1263",1271,1315,2299,"ABX",6,158
"1264",1272,1315,2199,"BrF",6,158
"1265",1273,1315,2198,"BrM",6,158
"1266",1274,1316,2301,"ABX",6,160
"1267",1275,1316,2302,"ABX",6,160
"1268",1276,1316,2303,"ABX",6,160
"1269",1277,1316,2304,"ABX",6,160
"1270",1278,1316,2202,"BrF",6,160
"1271",1279,1316,2201,"BrM",6,160
"1272",1280,1317,435,"FL",6,163
"1273",1281,1317,2305,"ABX",6,163
"1274",1282,1317,31,"BrF",6,163
"1275",1283,1317,2203,"BrM",6,163
"1276",1284,1318,2307,"FL",6,164
"1277",1285,1318,2308,"FL",6,164
"1278",1286,1318,2306,"ABX",6,164
"1279",1287,1318,2058,"BrF",6,164
"1280",1288,1318,2057,"BrM",6,164
"1281",1289,1319,1995,"BrF",6,165
"1282",1290,1319,1994,"BrM",6,165
"1283",1291,1320,2309,"ABX",6,166
"1284",1292,1320,1997,"BrF",6,166
"1285",1293,1320,1996,"BrM",6,166
"1286",1294,1321,2310,"ABX",6,167
"1287",1295,1321,2000,"BrF",6,167
"1288",1296,1321,1999,"BrM",6,167
"1289",1297,1322,2063,"BrF",6,168
"1290",1298,1322,2311,"BrM",6,168
"1291",1299,1323,2065,"BrF",6,169
"1292",1300,1323,2064,"BrM",6,169
"1293",1301,1324,2313,"BrF",6,170
"1294",1302,1324,2312,"BrM",6,170
"1295",1303,1325,2314,"ABX",6,171
"1296",1304,1325,2315,"ABX",6,171
"1297",1305,1325,2108,"BrF",6,171
"1298",1306,1325,33,"BrM",6,171
"1299",1307,1326,2317,"BrF",6,172
"1300",1308,1326,2316,"BrM",6,172
"1301",1309,1327,2832,"BrF",7,1
"1302",1310,1327,2066,"BrM",7,1
"1303",1311,1328,87,"FL",7,3
"1304",1312,1328,2212,"ABX",7,3
"1305",1313,1328,2114,"BrF",7,3
"1306",1314,1328,2005,"BrM",7,3
"1307",1315,1329,59,"FL",7,4
"1308",1316,1329,2214,"BrF",7,4
"1309",1317,1329,23,"BrM",7,4
"1310",1318,1330,69,"FL",7,7
"1311",1319,1330,2115,"BrF",7,7
"1312",1320,1330,44,"BrM",7,7
"1313",1321,1331,88,"FL",7,8
"1314",1322,1331,2117,"BrF",7,8
"1315",1323,1331,2116,"BrM",7,8
"1316",1324,1332,2320,"FL",7,9
"1317",1325,1332,2119,"BrF",7,9
"1318",1326,1332,2118,"BrM",7,9
"1319",1327,1333,89,"CH",7,10
"1320",1328,1333,2323,"ABX",7,10
"1321",1329,1333,2322,"BrF",7,10
"1322",1330,1333,2321,"BrM",7,10
"1323",1331,1334,2324,"ABX",7,12
"1324",1332,1334,789,"BrF",7,12
"1325",1333,1334,2120,"BrM",7,12
"1326",1334,1335,2217,"ABX",7,13
"1327",1335,1335,2325,"ABX",7,13
"1328",1336,1335,1901,"BrF",7,13
"1329",1337,1335,1900,"BrM",7,13
"1330",1338,1336,2326,"FL",7,14
"1331",1339,1336,2327,"FL",7,14
"1332",1340,1336,2220,"ABX",7,14
"1333",1341,1336,2008,"BrF",7,14
"1334",1342,1336,2764,"BrM",7,14
"1335",1343,1337,2328,"FL",7,15
"1336",1344,1337,2221,"BrF",7,15
"1337",1345,1337,1686,"BrM",7,15
"1338",1346,1338,56,"FL",7,16
"1339",1347,1338,2329,"FL",7,16
"1340",1348,1338,2222,"ABX",7,16
"1341",1349,1338,2070,"BrF",7,16
"1342",1351,1338,22,"BrM",7,16
"1343",1353,1339,2330,"BrF",7,17
"1344",1354,1339,2121,"BrM",7,17
"1345",1355,1340,2751,"ABX",7,18
"1346",1356,1340,2223,"BrF",7,18
"1347",1357,1340,2122,"BrM",7,18
"1348",1358,1341,2332,"FL",7,19
"1349",1359,1341,2331,"FL",7,19
"1350",1360,1341,2750,"BrF",7,19
"1351",1361,1341,98,"BrM",7,19
"1352",1362,1342,2334,"FL",7,20
"1353",1363,1342,2333,"BrF",7,20
"1354",1364,1342,28,"BrM",7,20
"1355",1365,1343,82,"FL",7,22
"1356",1366,1343,2776,"BrF",7,22
"1357",1367,1343,2754,"BrM",7,22
"1358",1368,1344,84,"FL",7,23
"1359",1369,1344,2335,"FL",7,23
"1360",1370,1344,83,"FL",7,23
"1361",1371,1344,2226,"ABX",7,23
"1362",1372,1344,788,"BrF",7,23
"1363",1373,1344,2011,"BrM",7,23
"1364",1374,1345,2337,"FL",7,24
"1365",1375,1345,2336,"ABX",7,24
"1366",1376,1345,2227,"BrF",7,24
"1367",1377,1345,29,"BrM",7,24
"1368",1378,1346,52,"FL",7,25
"1369",1379,1346,2229,"ABX",7,25
"1370",1380,1346,427,"ABX",7,25
"1371",1381,1346,2749,"BrF",7,25
"1372",1382,1346,2071,"BrM",7,25
"1373",1383,1347,2338,"FL",7,26
"1374",1384,1347,2339,"FL",7,26
"1375",1385,1347,37,"BrF",7,26
"1376",1386,1347,36,"BrM",7,26
"1377",1387,1348,2340,"FL",7,27
"1378",1388,1348,2076,"BrF",7,27
"1379",1389,1348,2125,"BrM",7,27
"1380",1390,1349,80,"FL",7,28
"1381",1391,1349,2232,"ABX",7,28
"1382",1392,1349,1905,"BrF",7,28
"1383",1393,1349,2755,"BrM",7,28
"1384",1394,1350,212,"FL",7,29
"1385",1395,1350,2342,"ABX",7,29
"1386",1396,1350,2341,"BrF",7,29
"1387",1397,1350,21,"BrM",7,29
"1388",1398,1351,2344,"FL",7,30
"1389",1399,1351,2126,"BrF",7,30
"1390",1400,1351,2343,"BrM",7,30
"1391",1401,1352,75,"FL",7,32
"1392",1402,1352,54,"FL",7,32
"1393",1403,1352,2233,"ABX",7,32
"1394",1404,1352,2795,"BrF",7,32
"1395",1405,1352,2733,"BrM",7,32
"1396",1406,1353,62,"FL",7,33
"1397",1407,1353,2345,"FL",7,33
"1398",1408,1353,2014,"BrF",7,33
"1399",1409,1353,2128,"BrM",7,33
"1400",1410,1354,2346,"FL",7,34
"1401",1411,1354,2347,"FL",7,34
"1402",1412,1354,2235,"ABX",7,34
"1403",1413,1354,1687,"BrF",7,34
"1404",1414,1354,2077,"BrM",7,34
"1405",1415,1355,2349,"FL",7,37
"1406",1416,1355,61,"FL",7,37
"1407",1417,1355,2348,"FL",7,37
"1408",1418,1355,2237,"ABX",7,37
"1409",1419,1355,2129,"BrF",7,37
"1410",1420,1355,2015,"BrM",7,37
"1411",1421,1356,2239,"BrF",7,38
"1412",1422,1356,42,"BrM",7,38
"1413",1423,1357,49,"FL",7,40
"1414",1424,1357,2352,"CH",7,40
"1415",1425,1357,2353,"CH",7,40
"1416",1426,1357,2350,"FL",7,40
"1417",1427,1357,81,"FL",7,40
"1418",1428,1357,2351,"FL",7,40
"1419",1429,1357,2240,"ABX",7,40
"1420",1430,1357,2241,"ABX",7,40
"1421",1431,1357,799,"BrF",7,40
"1422",1432,1357,2131,"BrM",7,40
"1423",1433,1358,2354,"FL",7,41
"1424",1434,1358,199,"ABX",7,41
"1425",1435,1358,99,"BrF",7,41
"1426",1436,1358,2763,"BrM",7,41
"1427",1437,1359,2355,"CH",7,44
"1428",1438,1359,76,"FL",7,44
"1429",1439,1359,2244,"ABX",7,44
"1430",1440,1359,794,"BrF",7,44
"1431",1441,1359,2756,"BrM",7,44
"1432",1442,1360,2759,"BrF",7,45
"1433",1443,1360,24,"BrM",7,45
"1434",1444,1361,90,"FL",7,47
"1435",1445,1361,2356,"FL",7,47
"1436",1446,1361,2357,"FL",7,47
"1437",1447,1361,2359,"FL",7,47
"1438",1448,1361,2358,"FL",7,47
"1439",1449,1361,93,"ABX",7,47
"1440",1450,1361,2247,"ABX",7,47
"1441",1451,1361,2355,"ABX",7,47
"1442",1452,1361,2079,"BrF",7,47
"1443",1453,1361,2078,"BrM",7,47
"1444",1454,1362,2136,"ABX",7,49
"1445",1455,1362,2361,"ABX",7,49
"1446",1456,1362,2082,"BrF",7,49
"1447",1457,1362,2081,"BrM",7,49
"1448",1458,1363,2138,"BrF",7,51
"1449",1459,1363,2137,"BrM",7,51
"1450",1460,1364,67,"FL",7,52
"1451",1461,1364,66,"FL",7,52
"1452",1462,1364,2084,"BrF",7,52
"1453",1463,1364,304,"BrM",7,52
"1454",1464,1365,2249,"BrF",7,53
"1455",1465,1365,97,"BrM",7,53
"1456",1466,1366,77,"FL",7,54
"1457",1467,1366,1915,"BrF",7,54
"1458",1468,1366,2781,"BrM",7,54
"1459",1469,1367,63,"FL",7,55
"1460",1470,1367,211,"FL",7,55
"1461",1471,1367,65,"FL",7,55
"1462",1472,1367,1914,"BrF",7,55
"1463",1473,1367,1913,"BrM",7,55
"1464",1474,1368,1917,"BrF",7,56
"1465",1475,1368,1916,"BrM",7,56
"1466",1476,1369,2143,"BrF",7,57
"1467",1477,1369,2142,"BrM",7,57
"1468",1478,1370,2362,"CH",7,59
"1469",1479,1370,2363,"CH",7,59
"1470",1480,1370,73,"FL",7,59
"1471",1481,1370,1921,"BrF",7,59
"1472",1482,1370,2144,"BrM",7,59
"1473",1483,1371,1923,"BrF",7,60
"1474",1484,1371,1922,"BrM",7,60
"1475",1485,1372,1925,"BrF",7,61
"1476",1486,1372,1924,"BrM",7,61
"1477",1487,1373,2364,"FL",7,62
"1478",1488,1373,2088,"BrF",7,62
"1479",1489,1373,2087,"BrM",7,62
"1480",1490,1374,64,"FL",7,63
"1481",1491,1374,2365,"ABX",7,63
"1482",1492,1374,1927,"BrF",7,63
"1483",1493,1374,1926,"BrM",7,63
"1484",1494,1375,51,"FL",7,67
"1485",1495,1375,430,"BrF",7,67
"1486",1496,1375,1929,"BrM",7,67
"1487",1497,1376,2367,"CH",7,69
"1488",1498,1376,55,"FL",7,69
"1489",1499,1376,85,"FL",7,69
"1490",1500,1376,2366,"FL",7,69
"1491",1501,1376,2252,"ABX",7,69
"1492",1502,1376,2089,"BrF",7,69
"1493",1503,1376,1931,"BrM",7,69
"1494",1504,1377,2147,"BrF",7,70
"1495",1505,1377,1932,"BrM",7,70
"1496",1506,1378,2369,"FL",7,71
"1497",1507,1378,2368,"FL",7,71
"1498",1508,1378,2821,"ABX",7,71
"1499",1509,1378,2822,"ABX",7,71
"1500",1510,1378,2255,"ABX",7,71
"1501",1511,1378,790,"BrF",7,71
"1502",1512,1378,2254,"BrM",7,71
"1503",1513,1379,793,"ABX",7,73
"1504",1514,1379,68,"FL",7,73
"1505",1515,1379,792,"BrF",7,73
"1506",1516,1379,2150,"BrM",7,73
"1507",1517,1380,43,"ABX",7,76
"1508",1518,1380,2259,"ABX",7,76
"1509",1519,1380,2260,"ABX",7,76
"1510",1520,1380,94,"ABX",7,76
"1511",1521,1380,93,"ABX",7,76
"1512",1522,1380,2152,"BrF",7,76
"1513",1523,1380,2151,"BrM",7,76
"1514",1524,1381,2159,"BrF",7,79
"1515",1525,1381,2158,"BrM",7,79
"1516",1526,1382,1938,"BrF",7,81
"1517",1527,1382,1937,"BrM",7,81
"1518",1528,1383,2370,"FL",7,82
"1519",1529,1383,2161,"BrF",7,82
"1520",1530,1383,2160,"BrM",7,82
"1521",1531,1384,2372,"CH",7,83
"1522",1532,1384,2371,"FL",7,83
"1523",1533,1384,2163,"BrF",7,83
"1524",1534,1384,2162,"BrM",7,83
"1525",1535,1385,2766,"BrM",7,84
"1526",1536,1385,2164,"BrF",7,84
"1527",1537,1386,2373,"FL",7,86
"1528",1538,1386,2165,"BrF",7,86
"1529",1539,1386,2793,"BrM",7,86
"1530",1540,1387,1940,"BrF",7,87
"1531",1541,1387,1939,"BrM",7,87
"1532",1542,1388,2374,"FL",7,89
"1533",1543,1388,2263,"ABX",7,89
"1534",1544,1388,2737,"BrF",7,89
"1535",1545,1388,1941,"BrM",7,89
"1536",1546,1389,2375,"FL",7,92
"1537",1547,1389,1944,"BrF",7,92
"1538",1548,1389,1943,"BrM",7,92
"1539",1549,1390,2096,"BrF",7,94
"1540",1550,1390,2376,"BrM",7,94
"1541",1551,1391,2377,"FL",7,95
"1542",1552,1391,1949,"BrF",7,95
"1543",1553,1391,1948,"BrM",7,95
"1544",1554,1392,2378,"FL",7,96
"1545",1555,1392,2111,"BrF",7,96
"1546",1556,1392,1951,"BrM",7,96
"1547",1557,1393,48,"FL",7,98
"1548",1558,1394,2379,"FL",7,99
"1549",1559,1394,1954,"BrF",7,99
"1550",1560,1394,1953,"BrM",7,99
"1551",1561,1395,2036,"BrF",7,101
"1552",1562,1395,2035,"BrM",7,101
"1553",1563,1396,70,"FL",7,102
"1554",1564,1396,2037,"BrF",7,102
"1555",1565,1396,2753,"BrM",7,102
"1556",1566,1397,2381,"FL",7,103
"1557",1567,1397,1959,"BrF",7,103
"1558",1568,1397,2380,"BrM",7,103
"1559",1569,1398,2382,"FL",7,104
"1560",1570,1398,1961,"BrF",7,104
"1561",1571,1398,1960,"BrM",7,104
"1562",1572,1399,2383,"FL",7,105
"1563",1573,1399,1963,"BrF",7,105
"1564",1574,1399,1962,"BrM",7,105
"1565",1575,1400,2384,"FL",7,106
"1566",1576,1400,2173,"ABX",7,106
"1567",1577,1400,2040,"BrF",7,106
"1568",1578,1400,1965,"BrM",7,106
"1569",1579,1401,2101,"BrF",7,108
"1570",1580,1401,2270,"BrM",7,108
"1571",1581,1402,2272,"ABX",7,109
"1572",1582,1402,2273,"ABX",7,109
"1573",1583,1402,40,"BrF",7,109
"1574",1584,1402,39,"BrM",7,109
"1575",1585,1403,2385,"FL",7,110
"1576",1586,1403,34,"BrF",7,110
"1577",1587,1403,2044,"BrM",7,110
"1578",1588,1404,2386,"FL",7,112
"1579",1589,1404,800,"BrF",7,112
"1580",1590,1404,38,"BrM",7,112
"1581",1591,1405,2275,"BrF",7,113
"1582",1592,1405,2045,"BrM",7,113
"1583",1593,1406,2387,"FL",7,115
"1584",1594,1406,2106,"BrF",7,115
"1585",1595,1406,2105,"BrM",7,115
"1586",1596,1407,2387,"SEEN1",7,116
"1587",1597,1407,2277,"ABX",7,116
"1588",1598,1407,2278,"ABX",7,116
"1589",1599,1407,2047,"BrF",7,116
"1590",1600,1407,2046,"BrM",7,116
"1591",1601,1408,53,"FL",7,117
"1592",1602,1408,2178,"BrF",7,117
"1593",1603,1408,2177,"BrM",7,117
"1594",1604,1409,2778,"FL",7,121
"1595",1605,1409,2180,"BrF",7,121
"1596",1606,1409,2179,"BrM",7,121
"1597",1607,1410,72,"FL",7,123
"1598",1608,1410,2048,"BrF",7,123
"1599",1609,1410,1968,"BrM",7,123
"1600",1610,1411,2388,"FL",7,125
"1601",1611,1411,2182,"BrF",7,125
"1602",1612,1411,2181,"BrM",7,125
"1603",1613,1412,79,"FL",7,126
"1604",1614,1412,2280,"ABX",7,126
"1605",1615,1412,1970,"BrF",7,126
"1606",1616,1412,1969,"BrM",7,126
"1607",1617,1413,1972,"BrF",7,127
"1608",1618,1413,1971,"BrM",7,127
"1609",1619,1414,2390,"FL",7,129
"1610",1620,1414,2389,"FL",7,129
"1611",1621,1414,2112,"BrF",7,129
"1612",1622,1414,1973,"BrM",7,129
"1613",1623,1415,2391,"FL",7,131
"1614",1624,1415,2422,"BrF",7,131
"1615",1625,1415,2423,"BrM",7,131
"1616",1626,1416,50,"FL",7,132
"1617",1627,1416,2393,"FL",7,132
"1618",1628,1416,2184,"ABX",7,132
"1619",1629,1416,2281,"ABX",7,132
"1620",1630,1416,1978,"BrF",7,132
"1621",1631,1416,1977,"BrM",7,132
"1622",1632,1417,2186,"BrF",7,133
"1623",1633,1417,2185,"BrM",7,133
"1624",1634,1418,78,"FL",7,134
"1625",1635,1418,1980,"BrF",7,134
"1626",1636,1418,1979,"BrM",7,134
"1627",1637,1419,45,"FL",7,137
"1628",1638,1419,86,"FL",7,137
"1629",1639,1419,2204,"BrF",7,137
"1630",1640,1419,2205,"BrM",7,137
"1631",1641,1420,57,"CH",7,138
"1632",1642,1420,2206,"BrF",7,138
"1633",1643,1420,1983,"BrM",7,138
"1634",1644,1421,2394,"FL",7,142
"1635",1645,1421,2285,"BrF",7,142
"1636",1646,1421,2284,"BrM",7,142
"1637",1647,1422,2395,"FL",7,143
"1638",1648,1422,2287,"BrF",7,143
"1639",1649,1422,2286,"BrM",7,143
"1640",1650,1423,2396,"CH",7,144
"1641",1651,1423,2113,"BrF",7,144
"1642",1652,1423,1985,"BrM",7,144
"1643",1653,1424,2397,"FL",7,145
"1644",1654,1424,2398,"FL",7,145
"1645",1655,1424,2399,"FL",7,145
"1646",1656,1424,2293,"ABX",7,145
"1647",1657,1424,2290,"BrF",7,145
"1648",1658,1424,2289,"BrM",7,145
"1649",1659,1425,2400,"FL",7,146
"1650",1660,1425,2207,"BrF",7,146
"1651",1661,1425,2208,"BrM",7,146
"1652",1662,1426,2209,"BrF",7,148
"1653",1663,1426,2210,"BrM",7,148
"1654",1664,1427,2401,"FL",7,150
"1655",1665,1427,2192,"BrF",7,150
"1656",1666,1427,2191,"BrM",7,150
"1657",1667,1428,2402,"FL",7,153
"1658",1668,1428,2403,"FL",7,153
"1659",1669,1428,2296,"ABX",7,153
"1660",1670,1428,2194,"BrF",7,153
"1661",1671,1428,2193,"BrM",7,153
"1662",1672,1429,2404,"FL",7,154
"1663",1673,1429,2298,"ABX",7,154
"1664",1674,1429,2841,"BrF",7,154
"1665",1675,1429,2107,"BrM",7,154
"1666",1676,1430,2405,"FL",7,157
"1667",1677,1430,2196,"BrF",7,157
"1668",1678,1430,2195,"BrM",7,157
"1669",1679,1431,71,"FL",7,158
"1670",1680,1431,2406,"FL",7,158
"1671",1681,1431,2407,"FL",7,158
"1672",1682,1431,2299,"ABX",7,158
"1673",1683,1431,2300,"ABX",7,158
"1674",1684,1431,2199,"BrF",7,158
"1675",1685,1431,2198,"BrM",7,158
"1676",1686,1432,2410,"FL",7,159
"1677",1687,1432,2409,"BrF",7,159
"1678",1688,1432,2408,"BrM",7,159
"1679",1689,1433,74,"FL",7,160
"1680",1690,1433,2411,"FL",7,160
"1681",1691,1433,2412,"FL",7,160
"1682",1692,1433,2303,"ABX",7,160
"1683",1693,1433,2304,"ABX",7,160
"1684",1694,1433,2202,"BrF",7,160
"1685",1695,1433,2201,"BrM",7,160
"1686",1696,1434,2413,"FL",7,163
"1687",1697,1434,31,"BrF",7,163
"1688",1698,1434,2203,"BrM",7,163
"1689",1699,1435,2415,"CH",7,164
"1690",1700,1435,60,"FL",7,164
"1691",1701,1435,2414,"FL",7,164
"1692",1702,1435,2058,"BrF",7,164
"1693",1703,1435,2057,"BrM",7,164
"1694",1704,1436,46,"FL",7,165
"1695",1705,1436,47,"FL",7,165
"1696",1706,1436,2416,"FL",7,165
"1697",1707,1436,1995,"BrF",7,165
"1698",1708,1436,1994,"BrM",7,165
"1699",1709,1437,58,"FL",7,166
"1700",1710,1437,1997,"BrF",7,166
"1701",1711,1437,1996,"BrM",7,166
"1702",1712,1438,2417,"FL",7,167
"1703",1713,1438,2310,"ABX",7,167
"1704",1714,1438,2000,"BrF",7,167
"1705",1715,1438,1999,"BrM",7,167
"1706",1716,1439,2418,"FL",7,168
"1707",1717,1439,2063,"BrF",7,168
"1708",1718,1439,2311,"BrM",7,168
"1709",1719,1440,2419,"FL",7,169
"1710",1720,1440,2065,"BrF",7,169
"1711",1721,1440,2064,"BrM",7,169
"1712",1722,1441,2313,"BrF",7,170
"1713",1723,1441,2312,"BrM",7,170
"1714",1724,1442,2420,"FL",7,171
"1715",1725,1442,2314,"ABX",7,171
"1716",1726,1442,2315,"ABX",7,171
"1717",1727,1442,2108,"BrF",7,171
"1718",1728,1442,33,"BrM",7,171
"1719",1729,1443,2421,"FL",7,172
"1720",1730,1443,2317,"BrF",7,172
"1721",1731,1443,2316,"BrM",7,172
"1722",1732,1444,2424,"ABX",8,1
"1723",1733,1444,2832,"BrF",8,1
"1724",1734,1444,2066,"BrM",8,1
"1725",1735,1445,2427,"FL",8,2
"1726",1736,1445,2426,"BrF",8,2
"1727",1737,1445,2425,"BrM",8,2
"1728",1738,1446,2114,"BrF",8,3
"1729",1739,1446,2005,"BrM",8,3
"1730",1740,1447,2428,"FL",8,4
"1731",1741,1447,2214,"BrF",8,4
"1732",1742,1447,23,"BrM",8,4
"1733",1743,1448,2429,"FL",8,7
"1734",1744,1448,69,"ABX",8,7
"1735",1745,1448,2115,"BrF",8,7
"1736",1746,1448,44,"BrM",8,7
"1737",1747,1449,2117,"BrF",8,8
"1738",1748,1449,2116,"BrM",8,8
"1739",1749,1450,2119,"BrF",8,9
"1740",1750,1450,2118,"BrM",8,9
"1741",1751,1451,2067,"BrF",8,12
"1742",1752,1451,2120,"BrM",8,12
"1743",1753,1452,250,"FL",8,13
"1744",1754,1452,1901,"BrF",8,13
"1745",1755,1452,1900,"BrM",8,13
"1746",1756,1453,2220,"ABX",8,14
"1747",1757,1453,2326,"ABX",8,14
"1748",1758,1453,2008,"BrF",8,14
"1749",1759,1453,2764,"BrM",8,14
"1750",1760,1454,2221,"BrF",8,15
"1751",1761,1454,1686,"BrM",8,15
"1752",1762,1455,207,"FL",8,16
"1753",1763,1455,2070,"BrF",8,16
"1754",1764,1455,22,"BrM",8,16
"1755",1765,1456,2430,"FL",8,19
"1756",1766,1456,2331,"ABX",8,19
"1757",1767,1456,2750,"BrF",8,19
"1758",1768,1456,98,"BrM",8,19
"1759",1769,1457,428,"BrF",8,20
"1760",1770,1457,28,"BrM",8,20
"1761",1771,1458,2826,"FL",8,23
"1762",1772,1458,2431,"FL",8,23
"1763",1773,1458,2432,"FL",8,23
"1764",1774,1458,2335,"ABX",8,23
"1765",1775,1458,2226,"BrF",8,23
"1766",1776,1458,2011,"BrM",8,23
"1767",1777,1459,2433,"FL",8,24
"1768",1778,1459,2227,"BrF",8,24
"1769",1779,1459,29,"BrM",8,24
"1770",1780,1460,2749,"BrF",8,25
"1771",1781,1460,2071,"BrM",8,25
"1772",1782,1461,37,"BrF",8,26
"1773",1783,1461,36,"BrM",8,26
"1774",1784,1462,2434,"FL",8,27
"1775",1785,1462,2076,"BrF",8,27
"1776",1786,1462,2125,"BrM",8,27
"1777",1787,1463,220,"FL",8,28
"1778",1788,1463,1905,"BrF",8,28
"1779",1789,1463,21,"BrM",8,28
"1780",1790,1464,229,"ABX",8,30
"1781",1791,1464,230,"ABX",8,30
"1782",1792,1464,2126,"BrF",8,30
"1783",1793,1464,2343,"BrM",8,30
"1784",1794,1465,2751,"BrF",8,32
"1785",1795,1465,2733,"BrM",8,32
"1786",1796,1466,2014,"BrF",8,33
"1787",1797,1466,2128,"BrM",8,33
"1788",1798,3289,234,"TBRM",8,34
"1789",1799,3289,1687,"TBRF",8,34
"1790",1800,3289,2435,"FL",8,34
"1791",1801,3289,2235,"BrF",8,34
"1792",1802,3289,2077,"BrM",8,34
"1793",1803,3290,241,"ABX",8,37
"1794",1804,3290,235,"TBRF",8,37
"1795",1805,3290,240,"TBRM",8,37
"1796",1806,3290,61,"ABX",8,37
"1797",1807,3290,2437,"FL",8,37
"1798",1808,3290,2436,"FL",8,37
"1799",1809,3290,237,"BrF",8,37
"1800",1810,3290,2015,"BrM",8,37
"1801",1811,1467,427,"BrF",8,38
"1802",1812,1467,42,"BrM",8,38
"1803",1813,3291,239,"U",8,40
"1804",1814,3291,238,"FL",8,40
"1805",1815,3291,2438,"FL",8,40
"1806",1816,3291,2240,"ABX",8,40
"1807",1817,3291,2241,"ABX",8,40
"1808",1818,3291,799,"BrF",8,40
"1809",1819,3291,2131,"TBRM",8,40
"1810",1820,3291,69,"BrM",8,40
"1811",1821,1468,2439,"FL",8,41
"1812",1822,1468,199,"AB",8,41
"1813",1823,1468,99,"BrF",8,41
"1814",1824,1468,2763,"BrM",8,41
"1815",1825,1469,2440,"FL",8,44
"1816",1826,1469,794,"BrF",8,44
"1817",1827,1469,2756,"BrM",8,44
"1818",1828,1470,2441,"BrF",8,45
"1819",1829,1470,24,"BrM",8,45
"1820",1830,1471,2442,"FL",8,47
"1821",1831,1471,2360,"ABX",8,47
"1822",1832,1471,2079,"BrF",8,47
"1823",1833,1471,2078,"BrM",8,47
"1824",1834,1472,2361,"ABX",8,49
"1825",1835,1472,2082,"BrF",8,49
"1826",1836,1472,2081,"BrM",8,49
"1827",1837,1473,216,"FL",8,52
"1828",1838,1473,67,"ABX",8,52
"1829",1839,1473,2084,"BrF",8,52
"1830",1840,1473,304,"BrM",8,52
"1831",1841,1474,2249,"BrF",8,53
"1832",1842,1474,97,"BrM",8,53
"1833",1843,1475,206,"FL",8,54
"1834",1844,1475,77,"ABX",8,54
"1835",1845,1475,1915,"BrF",8,54
"1836",1846,1475,2443,"BrM",8,54
"1837",1847,1476,2445,"CH",8,55
"1838",1848,1476,210,"ABX",8,55
"1839",1849,1476,2444,"FL",8,55
"1840",1850,1476,77,"ABX",8,55
"1841",1851,1476,1914,"BrF",8,55
"1842",1852,1476,1913,"BrM",8,55
"1843",1853,1477,1917,"BrF",8,56
"1844",1854,1477,65,"BrM",8,56
"1845",1855,1478,222,"BrM",8,57
"1846",1856,1479,219,"FL",8,59
"1847",1857,1479,1921,"BrF",8,59
"1848",1858,1479,2144,"BrM",8,59
"1849",1859,3292,2446,"FL",8,61
"1850",1860,3292,2088,"TBRF",8,61
"1851",1861,3292,79,"BrF",8,61
"1852",1862,3292,1924,"BrM",8,61
"1853",1863,1480,2447,"FL",8,63
"1854",1864,1480,1927,"BrF",8,63
"1855",1865,1480,1926,"BrM",8,63
"1856",1866,1481,213,"FL",8,67
"1857",1867,1481,51,"AB",8,67
"1858",1868,1481,430,"BrF",8,67
"1859",1869,1481,1929,"BrM",8,67
"1860",1870,1482,2448,"FL",8,69
"1861",1871,1482,2366,"ABX",8,69
"1862",1872,1482,2089,"BrF",8,69
"1863",1873,1482,1931,"BrM",8,69
"1864",1874,1483,2147,"BrF",8,70
"1865",1875,1483,1932,"BrM",8,70
"1866",1876,1484,2450,"FL",8,71
"1867",1877,1484,225,"FL",8,71
"1868",1878,1484,2449,"FL",8,71
"1869",1879,1484,227,"ABX",8,71
"1870",1880,1484,228,"ABX",8,71
"1871",1881,1484,2822,"ABX",8,71
"1872",1882,1484,790,"BrF",8,71
"1873",1883,1484,226,"BrM",8,71
"1874",1884,1485,215,"FL",8,73
"1875",1885,1485,2451,"ABX",8,73
"1876",1886,1485,792,"BrF",8,73
"1877",1887,1485,2150,"BrM",8,73
"1878",1888,1486,223,"ABX",8,76
"1879",1889,1486,224,"ABX",8,76
"1880",1890,1486,221,"FL",8,76
"1881",1891,1486,2452,"FL",8,76
"1882",1892,1486,68,"ABX",8,76
"1883",1893,1486,94,"ABX",8,76
"1884",1894,1486,2152,"BrF",8,76
"1885",1895,1486,2151,"BrM",8,76
"1886",1896,1487,2159,"BrF",8,79
"1887",1897,1487,2158,"BrM",8,79
"1888",1898,1488,2453,"FL",8,81
"1889",1899,1488,1938,"BrF",8,81
"1890",1900,1488,1937,"BrM",8,81
"1891",1901,1489,2454,"FL",8,82
"1892",1902,1489,2161,"BrF",8,82
"1893",1903,1489,2160,"BrM",8,82
"1894",1904,1490,2163,"BrF",8,83
"1895",1905,1490,2162,"BrM",8,83
"1896",1906,1491,2766,"BrM",8,84
"1897",1907,1491,2164,"BrF",8,84
"1898",1908,1492,2165,"BrF",8,86
"1899",1909,1492,2793,"BrM",8,86
"1900",1910,1493,2166,"ABX",8,87
"1901",1911,1493,1940,"BrF",8,87
"1902",1912,1493,1939,"BrM",8,87
"1903",1913,1494,2455,"FL",8,89
"1904",1914,1494,2737,"BrF",8,89
"1905",1915,1494,1941,"BrM",8,89
"1906",1916,1495,1944,"BrF",8,92
"1907",1917,1495,1943,"BrM",8,92
"1908",1918,1496,2096,"BrF",8,94
"1909",1919,1496,2376,"BrM",8,94
"1910",1920,1497,2456,"FL",8,95
"1911",1921,1497,1949,"BrF",8,95
"1912",1922,1497,1948,"BrM",8,95
"1913",1923,1498,2111,"BrF",8,96
"1914",1924,1498,73,"BrM",8,96
"1915",1925,1499,1954,"BrF",8,99
"1916",1926,1499,1953,"BrM",8,99
"1917",1927,1500,2099,"BrM",8,100
"1918",1928,1501,2036,"BrF",8,101
"1919",1929,1501,2035,"BrM",8,101
"1920",1930,1502,2037,"BrF",8,102
"1921",1931,1502,2457,"BrM",8,102
"1922",1932,1503,64,"BrF",8,103
"1923",1933,1503,2380,"BrM",8,103
"1924",1934,1504,2458,"FL",8,104
"1925",1935,1504,1961,"BrF",8,104
"1926",1936,1504,1960,"BrM",8,104
"1927",1937,1505,1963,"BrF",8,105
"1928",1938,1505,1962,"BrM",8,105
"1929",1939,1506,2384,"ABX",8,106
"1930",1940,1506,2040,"BrF",8,106
"1931",1941,1506,1965,"BrM",8,106
"1932",1942,1507,236,"ABX",8,108
"1933",1943,1507,214,"FL",8,108
"1934",1944,1507,2101,"BrF",8,108
"1935",1945,1507,75,"BrM",8,108
"1936",1946,1508,2459,"FL",8,109
"1937",1947,1508,40,"BrF",8,109
"1938",1948,1508,39,"BrM",8,109
"1939",1949,1509,2460,"FL",8,110
"1940",1950,1509,34,"BrF",8,110
"1941",1951,1509,2044,"BrM",8,110
"1942",1952,1510,217,"FL",8,112
"1943",1953,1510,233,"ABX",8,112
"1944",1954,1510,800,"BrF",8,112
"1945",1955,1510,38,"BrM",8,112
"1946",1956,1511,2275,"BrF",8,113
"1947",1957,1511,2045,"BrM",8,113
"1948",1958,1512,2461,"FL",8,115
"1949",1959,1512,2106,"BrF",8,115
"1950",1960,1512,2105,"BrM",8,115
"1951",1961,1513,247,"ABX",8,116
"1952",1962,1513,2047,"BrF",8,116
"1953",1963,1513,2046,"BrM",8,116
"1954",1964,1514,2178,"BrF",8,117
"1955",1965,1514,2177,"BrM",8,117
"1956",1966,1515,2778,"ABX",8,121
"1957",1967,1515,2180,"BrF",8,121
"1958",1968,1515,2179,"BrM",8,121
"1959",1969,1516,2048,"BrF",8,123
"1960",1970,1516,1968,"BrM",8,123
"1961",1971,1517,2182,"BrF",8,125
"1962",1972,1517,2181,"BrM",8,125
"1963",1973,3293,232,"BrF",8,126
"1964",1974,3293,231,"BrM",8,126
"1965",1975,3293,2462,"FL",8,126
"1966",1976,3293,79,"ABX",8,126
"1967",1977,3293,1970,"TBRF",8,126
"1968",1978,3293,1969,"TBRM",8,126
"1969",1979,1518,1972,"BrF",8,127
"1970",1980,1518,1971,"BrM",8,127
"1971",1981,1519,2463,"FL",8,129
"1972",1982,1519,82,"BrF",8,129
"1973",1983,1519,1973,"BrM",8,129
"1974",1984,1520,2464,"FL",8,131
"1975",1985,1520,2422,"BrF",8,131
"1976",1986,1520,2423,"BrM",8,131
"1977",1987,1521,2392,"ABX",8,132
"1978",1988,1521,1978,"BrF",8,132
"1979",1989,1521,1977,"BrM",8,132
"1980",1990,1522,218,"FL",8,134
"1981",1991,1522,78,"AB",8,134
"1982",1992,1522,1980,"BrF",8,134
"1983",1993,1522,1979,"BrM",8,134
"1984",1994,1523,2465,"FL",8,137
"1985",1995,1523,2204,"BrF",8,137
"1986",1996,1523,2205,"BrM",8,137
"1987",1997,1524,2466,"FL",8,138
"1988",1998,1524,2206,"BrF",8,138
"1989",1999,1524,1983,"BrM",8,138
"1990",2000,1525,2285,"BrF",8,142
"1991",2001,1525,2284,"BrM",8,142
"1992",2002,1526,2287,"BrF",8,143
"1993",2003,1526,2286,"BrM",8,143
"1994",2004,3294,243,"TBRM",8,144
"1995",2005,3294,244,"TBRF",8,144
"1996",2006,3294,2113,"BrF",8,144
"1997",2007,3294,1985,"BrM",8,144
"1998",2008,1527,2207,"BrF",8,146
"1999",2009,1527,2208,"BrM",8,146
"2000",2010,1528,2209,"BrF",8,148
"2001",2011,1528,2210,"BrM",8,148
"2002",2012,1529,2192,"BrF",8,150
"2003",2013,1529,2191,"BrM",8,150
"2004",2014,1530,2194,"BrF",8,153
"2005",2015,1530,2193,"BrM",8,153
"2006",2016,1531,2841,"BrF",8,154
"2007",2017,1531,2107,"BrM",8,154
"2008",2018,1532,2196,"BrF",8,157
"2009",2019,1532,2195,"BrM",8,157
"2010",2020,1533,248,"ABX",8,158
"2011",2021,1533,245,"ABX",8,158
"2012",2022,1533,249,"ABX",8,158
"2013",2023,1533,246,"ABX",8,158
"2014",2024,1533,2300,"ABX",8,158
"2015",2025,1533,2199,"BrF",8,158
"2016",2026,1533,2198,"BrM",8,158
"2017",2027,1534,2409,"BrF",8,159
"2018",2028,1534,2408,"BrM",8,159
"2019",2029,3295,242,"TBRF",8,160
"2020",2030,3295,74,"ABX",8,160
"2021",2031,3295,2202,"BrF",8,160
"2022",2032,3295,2201,"BrM",8,160
"2023",2033,1535,31,"BrF",8,163
"2024",2034,1535,2203,"BrM",8,163
"2025",2035,1536,2414,"ABX",8,164
"2026",2036,1536,2058,"BrF",8,164
"2027",2037,1536,2057,"BrM",8,164
"2028",2038,1537,1995,"BrF",8,165
"2029",2039,1537,1994,"BrM",8,165
"2030",2040,1538,1997,"BrF",8,166
"2031",2041,1538,1996,"BrM",8,166
"2032",2042,1539,2467,"FL",8,167
"2033",2043,1539,2000,"BrF",8,167
"2034",2044,1539,1999,"BrM",8,167
"2035",2045,1540,2063,"BrF",8,168
"2036",2046,1540,2311,"BrM",8,168
"2037",2047,1541,2468,"FL",8,169
"2038",2048,1541,2065,"BrF",8,169
"2039",2049,1541,2064,"BrM",8,169
"2040",2050,1542,2313,"BrF",8,170
"2041",2051,1542,2312,"BrM",8,170
"2042",2052,1543,2469,"FL",8,171
"2043",2053,1543,2420,"ABX",8,171
"2044",2054,1543,2108,"BrF",8,171
"2045",2055,1543,33,"BrM",8,171
"2046",2056,1544,2317,"BrF",8,172
"2047",2057,1544,2316,"BrM",8,172
"2048",2058,1545,2470,"BrF",8,173
"2049",2059,1545,54,"BrM",8,173
"2050",2060,1546,2472,"BrF",8,174
"2051",2061,1546,2471,"BrM",8,174
"2052",2062,1547,2475,"FL",8,176
"2053",2063,1547,2474,"BrF",8,176
"2054",2064,1547,2473,"BrM",8,176
"2055",2065,1562,2424,"SEEN1",10,1
"2056",2066,1562,2832,"BrF",10,1
"2057",2067,1562,2066,"BrM",10,1
"2058",2068,1563,2476,"FL",10,2
"2059",2069,1563,200,"AB",10,2
"2060",2070,1563,333,"BrF",10,2
"2061",2071,1563,2425,"BrM",10,2
"2062",2072,1564,2114,"BrF",10,3
"2063",2073,1564,2005,"BrM",10,3
"2064",2074,1565,2214,"BrF",10,4
"2065",2075,1565,23,"BrM",10,4
"2066",2076,1566,191,"FL",10,7
"2067",2077,1566,2115,"BrF",10,7
"2068",2078,1566,44,"BrM",10,7
"2069",2079,1567,2216,"ABX",10,8
"2070",2080,1567,2117,"BrF",10,8
"2071",2081,1567,2116,"BrM",10,8
"2072",2082,1568,295,"ABX",10,9
"2073",2083,1568,2119,"BrF",10,9
"2074",2084,1568,2118,"BrM",10,9
"2075",2085,1569,2477,"FL",10,10
"2076",2086,1569,2322,"BrF",10,10
"2077",2087,1569,98,"BrM",10,10
"2078",2088,1570,2479,"FL",10,12
"2079",2089,1570,2067,"BrF",10,12
"2080",2090,1570,2478,"BrM",10,12
"2081",2091,1571,2429,"U",10,14
"2082",2092,1571,2430,"U",10,14
"2083",2093,1571,2326,"ABX",10,14
"2084",2094,1571,2008,"BrF",10,14
"2085",2095,1571,2764,"BrM",10,14
"2086",2096,1572,1859,"BrF",10,15
"2087",2097,1572,1686,"BrM",10,15
"2088",2098,1573,207,"AB",10,16
"2089",2099,1573,174,"BrF",10,16
"2090",2100,1573,22,"BrM",10,16
"2091",2101,1574,2331,"ABX",10,19
"2092",2102,1574,2430,"ABX",10,19
"2093",2103,1574,2750,"BrF",10,19
"2094",2104,1574,98,"BrM",10,19
"2095",2105,1575,2480,"FL",10,20
"2096",2106,1575,428,"BrF",10,20
"2097",2107,1575,28,"BrM",10,20
"2098",2108,1576,2482,"BrF",10,22
"2099",2109,1576,2481,"BrM",10,22
"2100",2110,1577,2226,"BrF",10,23
"2101",2111,1577,205,"SEEN1",10,23
"2102",2112,1578,165,"FL",10,24
"2103",2113,1578,185,"BrF",10,24
"2104",2114,1578,29,"BrM",10,24
"2105",2115,1579,2749,"BrF",10,25
"2106",2116,1579,215,"BrM",10,25
"2107",2117,1580,37,"BrF",10,26
"2108",2118,1580,36,"BrM",10,26
"2109",2119,1581,2483,"FL",10,27
"2110",2120,1581,2076,"BrF",10,27
"2111",2121,1581,2125,"BrM",10,27
"2112",2122,1582,168,"FL",10,28
"2113",2123,1582,220,"AB",10,28
"2114",2124,1582,2484,"ABX",10,28
"2115",2125,1582,169,"BrF",10,28
"2116",2126,1582,21,"BrM",10,28
"2117",2127,1583,294,"BrF",10,30
"2118",2128,1583,2343,"BrM",10,30
"2119",2129,1584,2485,"FL",10,32
"2120",2130,1584,2751,"BrF",10,32
"2121",2131,1584,2733,"BrM",10,32
"2122",2132,1585,2487,"FL",10,33
"2123",2133,1585,2486,"ABX",10,33
"2124",2134,1585,2014,"BrF",10,33
"2125",2135,1585,2128,"BrM",10,33
"2126",2136,1586,172,"FL",10,35
"2127",2137,1586,237,"BrF",10,35
"2128",2138,1586,293,"BrM",10,35
"2129",2139,1587,186,"FL",10,38
"2130",2140,1587,189,"BrF",10,38
"2131",2141,1587,42,"BrM",10,38
"2132",2142,1588,205,"FL",10,40
"2133",2143,1588,209,"FL",10,40
"2134",2144,1588,2438,"ABX",10,40
"2135",2145,1588,2240,"ABX",10,40
"2136",2146,1588,2241,"ABX",10,40
"2137",2147,1588,799,"BrF",10,40
"2138",2148,1588,69,"BrM",10,40
"2139",2149,1589,199,"BrF",10,41
"2140",2150,1589,2763,"BrM",10,41
"2141",2151,1590,2488,"FL",10,44
"2142",2152,1590,794,"BrF",10,44
"2143",2153,1590,2756,"BrM",10,44
"2144",2154,1591,2489,"FL",10,45
"2145",2155,1591,2441,"BrF",10,45
"2146",2156,1591,24,"BrM",10,45
"2147",2157,1592,2490,"FL",10,47
"2148",2158,1592,2442,"ABX",10,47
"2149",2159,1592,2079,"BrF",10,47
"2150",2160,1592,2078,"BrM",10,47
"2151",2161,1593,2361,"ABX",10,49
"2152",2162,1593,2082,"BrF",10,49
"2153",2163,1593,2081,"BrM",10,49
"2154",2164,1594,2491,"ABX",10,51
"2155",2165,1594,2138,"BrF",10,51
"2156",2166,1594,176,"BrM",10,51
"2157",2167,1595,192,"FL",10,52
"2158",2168,1595,2084,"BrF",10,52
"2159",2169,1595,304,"BrM",10,52
"2160",2170,1596,2249,"BrF",10,53
"2161",2171,1596,216,"BrM",10,53
"2162",2172,1597,2493,"CH",10,54
"2163",2173,1597,2492,"FL",10,54
"2164",2174,1597,1915,"BrF",10,54
"2165",2175,1597,184,"BrM",10,54
"2166",2176,1598,195,"CH",10,55
"2167",2177,1598,196,"FL",10,55
"2168",2178,1598,2494,"FL",10,55
"2169",2179,1598,2444,"ABX",10,55
"2170",2180,1598,1914,"BrF",10,55
"2171",2181,1598,77,"BrM",10,55
"2172",2182,1599,193,"FL",10,56
"2173",2183,1599,1917,"BrF",10,56
"2174",2184,1599,65,"BrM",10,56
"2175",2185,3296,162,"FL",10,59
"2176",2186,3296,190,"FL",10,59
"2177",2187,3296,163,"BrF",10,59
"2178",2188,3296,2495,"TBRM",10,59
"2179",2189,3296,67,"BrM",10,59
"2180",2190,1600,201,"FL",10,61
"2181",2191,1600,79,"BrF",10,61
"2182",2192,1600,1924,"BrM",10,61
"2183",2193,1601,2447,"ABX",10,63
"2184",2194,1601,1927,"BrF",10,63
"2185",2195,1601,1926,"BrM",10,63
"2186",2196,1602,188,"FL",10,67
"2187",2197,1602,213,"ABX",10,67
"2188",2198,1602,51,"AB",10,67
"2189",2199,1602,430,"BrF",10,67
"2190",2200,1602,1929,"BrM",10,67
"2191",2201,1603,328,"ABX",10,69
"2192",2202,1603,326,"ABX",10,69
"2193",2203,1603,325,"BrF",10,69
"2194",2204,1603,327,"BrM",10,69
"2195",2205,1604,2147,"BrF",10,70
"2196",2206,1604,1932,"BrM",10,70
"2197",2207,1605,2496,"FL",10,71
"2198",2208,1605,170,"FL",10,71
"2199",2209,1605,171,"AB",10,71
"2200",2210,1605,225,"ABX",10,71
"2201",2211,1605,167,"ABX",10,71
"2202",2212,1605,2822,"ABX",10,71
"2203",2213,1605,790,"BrF",10,71
"2204",2214,1606,160,"FL",10,73
"2205",2215,1606,215,"AB",10,73
"2206",2216,1606,792,"BrF",10,73
"2207",2217,1606,204,"BrM",10,73
"2208",2218,1607,194,"CH",10,76
"2209",2219,1607,2497,"ABX",10,76
"2210",2220,1607,2452,"ABX",10,76
"2211",2221,1607,2152,"BrF",10,76
"2212",2222,1607,2151,"BrM",10,76
"2213",2223,1608,2159,"BrF",10,79
"2214",2224,1608,2158,"BrM",10,79
"2215",2225,1609,2453,"ABX",10,81
"2216",2226,1609,1938,"BrF",10,81
"2217",2227,1609,1937,"BrM",10,81
"2218",2228,1610,2161,"BrF",10,82
"2219",2229,1610,2160,"BrM",10,82
"2220",2230,1611,2163,"BrF",10,83
"2221",2231,1611,2162,"BrM",10,83
"2222",2232,1612,2498,"FL",10,84
"2223",2233,1612,2766,"BrM",10,84
"2224",2234,1612,2164,"BrF",10,84
"2225",2235,1613,2165,"BrF",10,86
"2226",2236,1613,2793,"BrM",10,86
"2227",2237,1614,1940,"BrF",10,87
"2228",2238,1614,1939,"BrM",10,87
"2229",2239,1615,187,"FL",10,89
"2230",2240,1615,2455,"ABX",10,89
"2231",2241,1615,2737,"BrF",10,89
"2232",2242,1615,1941,"BrM",10,89
"2233",2243,1616,2499,"FL",10,92
"2234",2244,1616,1944,"BrF",10,92
"2235",2245,1616,1943,"BrM",10,92
"2236",2246,1617,2500,"FL",10,95
"2237",2247,1617,2456,"ABX",10,95
"2238",2248,1617,1949,"BrF",10,95
"2239",2249,1617,1948,"BrM",10,95
"2240",2250,1618,2111,"BrF",10,96
"2241",2251,1618,73,"BrM",10,96
"2242",2252,1619,2502,"BrF",10,98
"2243",2253,1619,2501,"BrM",10,98
"2244",2254,1620,1954,"BrF",10,99
"2245",2255,1620,1953,"BrM",10,99
"2246",2256,1621,2100,"BrF",10,100
"2247",2257,1621,2099,"BrM",10,100
"2248",2258,1622,2037,"BrF",10,102
"2249",2259,1622,2457,"BrM",10,102
"2250",2260,1623,2504,"CH",10,103
"2251",2261,1623,164,"FL",10,103
"2252",2262,1623,161,"FL",10,103
"2253",2263,1623,2503,"ABX",10,103
"2254",2264,1623,64,"BrF",10,103
"2255",2265,1623,178,"BrM",10,103
"2256",2266,1624,2505,"FL",10,104
"2257",2267,1624,1961,"BrF",10,104
"2258",2268,1624,1960,"BrM",10,104
"2259",2269,1625,1963,"BrF",10,105
"2260",2270,1625,1962,"BrM",10,105
"2261",2271,1626,2384,"ABX",10,106
"2262",2272,1626,2040,"BrF",10,106
"2263",2273,1626,1965,"BrM",10,106
"2264",2274,1627,214,"ABX",10,108
"2265",2275,1627,2101,"BrF",10,108
"2266",2276,1627,75,"BrM",10,108
"2267",2277,1628,2506,"FL",10,109
"2268",2278,1628,2459,"ABX",10,109
"2269",2279,1628,40,"BrF",10,109
"2270",2280,1628,39,"BrM",10,109
"2271",2281,1629,34,"BrF",10,110
"2272",2282,1629,2044,"BrM",10,110
"2273",2284,1630,203,"FL",10,112
"2274",2285,1630,1860,"FL",10,112
"2275",2286,1630,217,"AB",10,112
"2276",2287,1630,233,"ABX",10,112
"2277",2288,1630,800,"BrF",10,112
"2278",2289,1630,38,"BrM",10,112
"2279",2290,1631,233,"BrF",10,113
"2280",2291,1631,2045,"BrM",10,113
"2281",2292,1632,2509,"ABX",10,114
"2282",2293,1632,2508,"BrF",10,114
"2283",2294,1632,2507,"BrM",10,114
"2284",2295,1633,2461,"ABX",10,115
"2285",2296,1633,297,"AB",10,115
"2286",2297,1633,329,"BrF",10,115
"2287",2298,1633,298,"BrM",10,115
"2288",2299,1634,2047,"BrF",10,116
"2289",2300,1634,2046,"BrM",10,116
"2290",2301,1635,2511,"FL",10,117
"2291",2302,1635,2510,"ABX",10,117
"2292",2303,1635,2178,"BrF",10,117
"2293",2304,1635,2177,"BrM",10,117
"2294",2305,1636,2512,"FL",10,121
"2295",2306,1636,2180,"BrF",10,121
"2296",2307,1636,331,"BrM",10,121
"2297",2308,1637,2048,"BrF",10,123
"2298",2309,1637,1968,"BrM",10,123
"2299",2310,1638,2513,"FL",10,125
"2300",2311,1638,2182,"BrF",10,125
"2301",2312,1638,2181,"BrM",10,125
"2302",2313,1639,2319,"BrF",10,126
"2303",2314,1639,2318,"BrM",10,126
"2304",2315,1640,78,"BrF",10,127
"2305",2316,1640,1971,"BrM",10,127
"2306",2317,1641,82,"BrF",10,129
"2307",2318,1641,1973,"BrM",10,129
"2308",2319,1642,2515,"BrF",10,130
"2309",2320,1642,2514,"BrM",10,130
"2310",2321,1643,2422,"BrF",10,131
"2311",2322,1643,2423,"BrM",10,131
"2312",2324,1644,2392,"ABX",10,132
"2313",2325,1644,1978,"BrF",10,132
"2314",2326,1644,1977,"BrM",10,132
"2315",2327,1645,198,"FL",10,134
"2316",2328,1645,197,"FL",10,134
"2317",2329,1645,2518,"FL",10,134
"2318",2330,1645,2517,"FL",10,134
"2319",2331,1645,2516,"ABX",10,134
"2320",2332,1645,1980,"BrF",10,134
"2321",2333,1645,1979,"BrM",10,134
"2322",2334,1646,2204,"BrF",10,137
"2323",2335,1646,2205,"BrM",10,137
"2324",2336,1647,2206,"BrF",10,138
"2325",2337,1647,1983,"BrM",10,138
"2326",2338,1648,2285,"BrF",10,142
"2327",2339,1648,2284,"BrM",10,142
"2328",2340,1649,2519,"FL",10,143
"2329",2341,1649,2287,"BrF",10,143
"2330",2342,1649,2286,"BrM",10,143
"2331",2343,1650,2113,"BrF",10,144
"2332",2344,1650,1985,"BrM",10,144
"2333",2345,1651,2520,"ABX",10,146
"2334",2346,1651,2207,"BrF",10,146
"2335",2347,1651,2208,"BrM",10,146
"2336",2348,1652,2209,"BrF",10,148
"2337",2349,1652,2210,"BrM",10,148
"2338",2350,1653,2521,"ABX",10,150
"2339",2351,1653,2192,"BrF",10,150
"2340",2352,1653,2191,"BrM",10,150
"2341",2353,1654,2194,"BrF",10,153
"2342",2354,1654,2193,"BrM",10,153
"2343",2355,1655,2841,"BrF",10,154
"2344",2356,1655,2107,"BrM",10,154
"2345",2357,1656,71,"BrF",10,155
"2346",2358,1656,2522,"BrM",10,155
"2347",2359,1657,2196,"BrF",10,157
"2348",2360,1657,2195,"BrM",10,157
"2349",2361,1658,202,"FL",10,158
"2350",2362,1658,71,"ABX",10,158
"2351",2363,1658,2199,"BrF",10,158
"2352",2364,1658,2198,"BrM",10,158
"2353",2365,1659,2409,"BrF",10,159
"2354",2366,1659,2408,"BrM",10,159
"2355",2367,1660,208,"SA",10,160
"2356",2368,1660,2202,"BrF",10,160
"2357",2369,1660,2201,"BrM",10,160
"2358",2370,3297,2524,"BrF",10,161
"2359",2371,3297,2523,"TBRM",10,161
"2360",2372,3297,208,"BrM",10,161
"2361",2373,1661,2525,"FL",10,163
"2362",2374,1661,31,"BrF",10,163
"2363",2375,1661,2203,"BrM",10,163
"2364",2376,1662,2057,"BrM",10,164
"2365",2377,1663,1995,"BrF",10,165
"2366",2378,1663,1994,"BrM",10,165
"2367",2379,1664,1997,"BrF",10,166
"2368",2380,1664,1996,"BrM",10,166
"2369",2381,1665,2526,"FL",10,167
"2370",2382,1665,2000,"BrF",10,167
"2371",2383,1665,1999,"BrM",10,167
"2372",2384,1666,2063,"BrF",10,168
"2373",2385,1666,2311,"BrM",10,168
"2374",2386,1667,2468,"ABX",10,169
"2375",2387,1667,213,"BrF",10,169
"2376",2388,1667,2064,"BrM",10,169
"2377",2389,1668,2313,"BrF",10,170
"2378",2390,1668,2312,"BrM",10,170
"2379",2391,1669,2529,"FL",10,171
"2380",2392,1669,2108,"BrF",10,171
"2381",2393,1669,33,"BrM",10,171
"2382",2394,1670,2317,"BrF",10,172
"2383",2395,1670,2316,"BrM",10,172
"2384",2396,1671,2528,"FL",10,173
"2385",2397,1671,2527,"ABX",10,173
"2386",2398,1671,2470,"BrF",10,173
"2387",2399,1671,54,"BrM",10,173
"2388",2400,1690,2832,"BrF",12,1
"2389",2401,1690,2066,"BrM",12,1
"2390",2402,1691,333,"BrF",12,2
"2391",2403,1691,216,"BrM",12,2
"2392",2404,1692,2114,"BrF",12,3
"2393",2405,1692,2005,"BrM",12,3
"2394",2406,3298,2214,"BrF",12,4
"2395",2407,3298,23,"TBRM",12,4
"2396",2408,3298,2843,"BrM",12,4
"2397",2409,1693,306,"ABX",12,7
"2398",2410,1693,191,"ABX",12,7
"2399",2411,1693,2115,"BrF",12,7
"2400",2412,1693,44,"BrM",12,7
"2401",2413,1694,316,"ABX",12,8
"2402",2414,1694,324,"ABX",12,8
"2403",2415,1694,2117,"BrF",12,8
"2404",2416,1694,2116,"BrM",12,8
"2405",2417,1695,2530,"FL",12,9
"2406",2418,1695,2119,"BrF",12,9
"2407",2419,1695,2118,"BrM",12,9
"2408",2420,1696,2477,"ABX",12,10
"2409",2421,1696,2322,"BrF",12,10
"2410",2422,1696,98,"BrM",12,10
"2411",2423,3299,317,"TBRF",12,12
"2412",2424,3299,302,"ABX",12,12
"2413",2425,3299,318,"TBRM",12,12
"2414",2426,3299,2067,"BrF",12,12
"2415",2427,3299,2478,"BrM",12,12
"2416",2428,3300,312,"ABX",12,13
"2417",2429,3300,315,"TBRM",12,13
"2418",2430,3034,823,"BrF",39,13
"2419",2431,3034,1268,"BrM",39,13
"2420",2432,3034,1560,"ABX",39,13
"2421",2433,3035,1559,"ABX",39,14
"2422",2434,3035,458,"BrF",39,14
"2423",2435,3035,499,"BrM",39,14
"2424",2436,3036,929,"BrM",39,15
"2425",2437,3036,1576,"OFL",39,15
"2426",2438,3036,1859,"BrF",39,15
"2427",2439,3037,1209,"BrM",39,16
"2428",2440,3037,1409,"BrF",39,16
"2429",2441,3038,1152,"BrF",39,17
"2430",2442,3038,1349,"BrM",39,17
"2431",2443,3039,597,"BrM",39,20
"2432",2444,3039,840,"BrF",39,20
"2433",2445,3039,1499,"ABX",39,20
"2434",2446,3040,1164,"BrM",39,22
"2435",2447,3040,1345,"BrF",39,22
"2436",2448,3040,3272,"FL",39,22
"2437",2449,3041,1020,"BrM",39,23
"2438",2450,3041,1247,"BrF",39,23
"2439",2451,3041,3271,"FL",39,23
"2440",2452,3042,1059,"BrF",39,24
"2441",2453,3042,1167,"BrM",39,24
"2442",2454,3042,1514,"ABX",39,24
"2443",2455,3042,1591,"FL",39,24
"2444",2456,3043,1359,"BrM",39,25
"2445",2457,3043,1421,"BrF",39,25
"2446",2458,3044,3270,"FL",39,26
"2447",2459,3044,220,"BrM",39,26
"2448",2460,3044,924,"BrF",39,26
"2449",2461,3044,1493,"NSA",39,26
"2450",2462,3044,1506,"U",39,26
"2451",2463,3045,1039,"BrM",39,27
"2452",2464,3045,1346,"BrF",39,27
"2453",2465,3046,890,"BrM",39,28
"2454",2466,3046,1599,"FL",39,28
"2455",2467,3046,1496,"NS",39,28
"2456",2468,3046,1501,"BrF",39,28
"2457",2469,3047,507,"BrM",39,30
"2458",2470,3047,1221,"U",39,30
"2459",2471,3047,1553,"SEEN1",39,30
"2460",2472,3047,1503,"SEEN1",39,30
"2461",2473,3048,825,"BrF",39,32
"2462",2474,3048,1286,"BrM",39,32
"2463",2475,3049,503,"BrF",39,33
"2464",2476,3049,1214,"BrM",39,33
"2465",2477,3049,1586,"OFL",39,33
"2466",2478,3050,444,"BrF",39,35
"2467",2479,3050,1166,"BrM",39,35
"2468",2480,3050,1515,"ABX",39,35
"2469",2481,3051,886,"BrM",39,37
"2470",2482,3051,1218,"BrF",39,37
"2471",2483,3051,1550,"ABX",39,37
"2472",2484,3052,441,"BrF",39,38
"2473",2485,3052,1165,"BrM",39,38
"2474",2486,3052,1415,"ABX",39,38
"2475",2487,3052,1594,"FL",39,38
"2476",2488,3053,494,"BrM",39,40
"2477",2489,3053,1222,"BrF",39,40
"2478",2490,3054,3267,"FL",39,42
"2479",2491,3054,1555,"ABX",39,42
"2480",2492,3054,199,"BrF",39,42
"2481",2493,3054,442,"ABX",39,42
"2482",2494,3054,609,"BrM",39,42
"2483",2495,3054,1543,"ABX",39,42
"2484",2496,3054,1500,"ABX",39,42
"2485",2497,3055,1029,"BrM",39,43
"2486",2498,3055,1385,"BrF",39,43
"2487",2499,3056,221,"BrM",39,45
"2488",2500,3056,454,"BrF",39,45
"2489",2501,3056,1371,"ABX",39,45
"2490",2502,3056,1390,"SEEN1",39,45
"2491",2503,3056,1404,"ABX",39,45
"2492",2504,3056,3266,"CH",39,45
"2493",2505,3057,1553,"ABX",39,47
"2494",2506,3057,3265,"ABX",39,47
"2495",2507,3057,604,"BrF",39,47
"2496",2508,3057,921,"BrM",39,47
"2497",2509,3057,1383,"ABX",39,47
"2498",2510,3057,1557,"ABX",39,47
"2499",2511,3058,826,"BrF",39,48
"2500",2512,3058,1213,"BrM",39,48
"2501",2513,3058,1502,"NSA",39,48
"2502",2514,3058,3264,"U",39,48
"2503",2515,3059,1561,"ABX",39,49
"2504",2516,3059,1274,"BrM",39,49
"2505",2517,3059,1386,"BrF",39,49
"2506",2518,3059,1388,"ABX",39,49
"2507",2519,3060,1558,"ABX",39,51
"2508",2520,3060,51,"BrM",39,51
"2509",2521,3060,1361,"BrF",39,51
"2510",2522,3061,449,"ABX",39,52
"2511",2523,3061,848,"U",39,52
"2512",2524,3061,1370,"ABX",39,52
"2513",2525,3061,1384,"BrF",39,52
"2514",2526,3062,3263,"ABX",39,53
"2515",2527,3062,216,"BrM",39,53
"2516",2528,3062,308,"BrF",39,53
"2517",2529,3062,932,"ABX",39,53
"2518",2530,3062,1574,"FL",39,53
"2519",2532,3063,1552,"SEEN1",39,54
"2520",2533,3064,3262,"OFL",39,55
"2521",2534,3064,459,"BrF",39,55
"2522",2535,3064,1290,"BrM",39,55
"2523",2536,3064,1441,"ABX",39,55
"2524",2537,3065,557,"BrM",39,57
"2525",2538,3065,949,"BrF",39,57
"2526",2539,3065,1505,"ABX",39,57
"2527",2540,3065,1523,"ABX",39,57
"2528",2541,3065,1573,"OFL",39,57
"2529",2542,3065,3261,"FL",39,57
"2530",2543,3066,1032,"BrM",39,60
"2531",2544,3066,1369,"BrF",39,60
"2532",2545,3066,1572,"FL",39,60
"2533",2546,3067,607,"BrM",39,61
"2534",2547,3067,1563,"SEEN1",39,61
"2535",2548,3068,1538,"ABX",39,62
"2536",2549,3068,1539,"BrM",39,62
"2537",2550,3069,176,"BrM",39,63
"2538",2551,3069,1042,"BrF",39,63
"2539",2552,3069,1571,"FL",39,63
"2540",2553,3070,1540,"ABX",39,65
"2541",2554,3070,453,"BrM",39,65
"2542",2555,3070,869,"BrF",39,65
"2543",2556,3071,467,"BrM",39,67
"2544",2557,3071,1305,"BrF",39,67
"2545",2558,3071,1431,"ABX",39,67
"2546",2559,3072,1156,"BrM",39,68
"2547",2560,3072,1200,"BrF",39,68
"2548",2561,3072,1495,"ABX",39,68
"2549",2562,3073,3260,"ABX",39,69
"2550",2563,3073,1178,"BrM",39,69
"2551",2564,3073,1193,"BrF",39,69
"2552",2565,3074,1188,"BrM",39,71
"2553",2566,3074,1244,"BrF",39,71
"2554",2567,3074,1513,"ABX",39,71
"2555",2568,3075,1184,"BrM",39,72
"2556",2569,3075,1186,"BrF",39,72
"2557",2570,3075,1575,"OFL",39,72
"2558",2571,3076,436,"BrM",39,73
"2559",2572,3076,1418,"U",39,73
"2560",2573,3077,1031,"BrM",39,74
"2561",2574,3077,1490,"ABX",39,74
"2562",2575,3078,628,"BrF",39,76
"2563",2576,3078,1358,"BrM",39,76
"2564",2577,3078,3259,"FL",39,76
"2565",2578,3079,1158,"BrF",39,77
"2566",2579,3079,1367,"BrM",39,77
"2567",2580,3079,3258,"FL",39,77
"2568",2581,3080,1355,"BrF",39,79
"2569",2582,3080,1357,"BrM",39,79
"2570",2583,3080,3257,"OFL",39,79
"2571",2584,3081,1173,"BrF",39,80
"2572",2585,3081,1435,"ABX",39,80
"2573",2586,3081,1534,"BrM",39,80
"2574",2587,3082,865,"BrM",39,81
"2575",2588,3082,1508,"BrF",39,81
"2576",2589,3083,1130,"BrF",39,82
"2577",2590,3083,1356,"BrM",39,82
"2578",2591,3083,3256,"FL",39,82
"2579",2592,3084,523,"BrM",39,83
"2580",2593,3084,832,"BrF",39,83
"2581",2594,3084,3255,"FL",39,83
"2582",2595,3085,450,"BrF",39,84
"2583",2596,3085,629,"BrM",39,84
"2584",2597,3086,522,"BrF",39,86
"2585",2598,3086,1360,"BrM",39,86
"2586",2599,3087,1279,"BrM",39,87
"2587",2600,3087,1437,"BrF",39,87
"2588",2601,3087,3254,"FL",39,87
"2589",2602,3088,951,"BrF",39,88
"2590",2603,3088,1196,"BrM",39,88
"2591",2604,3088,1512,"ABX",39,88
"2592",2605,3088,1583,"OFL",39,88
"2593",2606,3089,168,"BrF",39,89
"2594",2607,3089,1045,"BrM",39,89
"2595",2608,3089,1596,"FL",39,89
"2596",2609,3090,632,"BrM",39,90
"2597",2610,3090,862,"BrF",39,90
"2598",2611,3090,3253,"FL",39,90
"2599",2612,3091,858,"BrF",39,92
"2600",2613,3091,1063,"BrM",39,92
"2601",2614,3091,3252,"FL",39,92
"2602",2615,3092,3251,"OFL",39,94
"2603",2616,3092,1195,"BrF",39,94
"2604",2617,3092,1243,"BrM",39,94
"2605",2618,3093,917,"BrM",39,95
"2606",2619,3093,1170,"BrF",39,95
"2607",2620,3093,1579,"FL",39,95
"2608",2621,3093,3250,"FL",39,95
"2609",2622,3094,1438,"U",39,98
"2610",2623,3094,1428,"U",39,98
"2611",2624,3094,3249,"U",39,98
"2612",2625,3095,525,"BrM",39,99
"2613",2626,3095,1161,"BrF",39,99
"2614",2627,3095,1582,"OFL",39,99
"2615",2628,3095,1581,"OFL",39,99
"2616",2629,3096,1394,"BrM",39,100
"2617",2630,3096,476,"BrF",39,100
"2618",2631,3097,849,"BrM",39,101
"2619",2632,3097,1403,"BrF",39,101
"2620",2633,3097,1527,"ABX",39,101
"2621",2634,3097,1580,"FL",39,101
"2622",2635,3098,670,"BrF",39,105
"2623",2636,3098,1381,"BrM",39,105
"2624",2637,3098,3248,"U",39,105
"2625",2638,3099,1542,"ABX",39,108
"2626",2639,3099,1022,"BrF",39,108
"2627",2640,3099,1199,"BrM",39,108
"2628",2641,3100,1040,"BrM",39,109
"2629",2642,3100,1592,"FL",39,109
"2630",2643,3101,1017,"BrF",39,110
"2631",2644,3101,1018,"BrM",39,110
"2632",2645,3101,1536,"ABX",39,110
"2633",2646,3102,1396,"BrM",39,112
"2634",2647,3102,1510,"BrF",39,112
"2635",2648,3102,3247,"U",39,112
"2636",2649,3103,297,"BrF",39,115
"2637",2650,3103,329,"ABX",39,115
"2638",2651,3103,1179,"ABX",39,115
"2639",2652,3103,1862,"BrM",39,115
"2640",2653,3104,776,"BrM",39,116
"2641",2654,3104,1049,"BrF",39,116
"2642",2655,3105,1597,"OFL",39,117
"2643",2656,3105,1598,"OFL",39,117
"2644",2657,3105,774,"BrF",39,117
"2645",2658,3105,1198,"BrM",39,117
"2646",2659,3106,1190,"BrF",39,118
"2647",2660,3106,1191,"BrM",39,118
"2648",2661,3106,1205,"ABX",39,118
"2649",2663,3107,3246,"U",39,121
"2650",2664,3108,1492,"ABX",39,122
"2651",2665,3108,3245,"U",39,122
"2652",2666,3109,3244,"ABX",39,123
"2653",2667,3109,602,"BrM",39,123
"2654",2668,3109,1380,"BrF",39,123
"2655",2669,3110,638,"BrF",39,125
"2656",2670,3110,1185,"BrM",39,125
"2657",2671,3110,1401,"ABX",39,125
"2658",2672,3110,3243,"FL",39,125
"2659",2673,3111,510,"BrM",39,126
"2660",2674,3111,919,"BrF",39,126
"2661",2675,3111,3242,"FL",39,126
"2662",2676,3112,1541,"ABX",39,127
"2663",2677,3112,1548,"ABX",39,127
"2664",2678,3112,676,"BrM",39,127
"2665",2679,3112,1024,"BrF",39,127
"2666",2680,3113,1427,"BrM",39,128
"2667",2681,3113,1387,"BrF",39,128
"2668",2682,3114,915,"BrF",39,129
"2669",2683,3114,1412,"BrM",39,129
"2670",2684,3115,1570,"ABX",39,130
"2671",2685,3115,509,"BrM",39,130
"2672",2686,3115,627,"ABX",39,130
"2673",2687,3115,663,"BrF",39,130
"2674",2688,3116,1429,"BrF",39,134
"2675",2689,3116,1588,"OFL",39,134
"2676",2690,3117,845,"BrF",39,137
"2677",2691,3117,1276,"BrM",39,137
"2678",2693,3118,3241,"FL",39,138
"2679",2694,3118,847,"BrM",39,138
"2680",2695,3118,1382,"BrF",39,138
"2681",2696,3118,1589,"OFL",39,138
"2682",2697,3119,1171,"BrM",39,139
"2683",2698,3119,1172,"BrF",39,139
"2684",2699,3120,677,"BrF",39,141
"2685",2700,3120,938,"ABX",39,141
"2686",2701,3120,1168,"BrM",39,141
"2687",2702,3120,1533,"ABX",39,141
"2688",2703,3121,1275,"BrF",39,144
"2689",2704,3121,1587,"BrM",39,144
"2690",2705,3122,668,"BrM",39,147
"2691",2706,3122,1304,"BrF",39,147
"2692",2708,3123,3277,"ABX",39,155
"2693",2709,3123,3276,"FL",39,155
"2694",2710,3123,639,"BrF",39,155
"2695",2711,3123,1028,"BrM",39,155
"2696",2712,3124,3275,"OFL",39,157
"2697",2713,3124,666,"BrF",39,157
"2698",2714,3124,1425,"BrM",39,157
"2699",2715,3125,544,"BrM",39,159
"2700",2716,3125,1517,"BrF",39,159
"2701",2717,3125,1532,"ABX",39,159
"2702",2719,3126,563,"BrF",39,160
"2703",2720,3126,1430,"BrM",39,160
"2704",2721,3127,3274,"ABX",39,165
"2705",2722,3127,3273,"ABX",39,165
"2706",2723,3127,1043,"BrF",39,165
"2707",2724,3127,1569,"BrM",39,165
"2708",2725,3128,1177,"BrF",39,166
"2709",2726,3128,1395,"BrM",39,166
"2710",2727,3128,1535,"ABX",39,166
"2711",2728,3129,1271,"BrF",39,168
"2712",2729,3129,1272,"ABX",39,168
"2713",2730,3129,1416,"BrM",39,168
"2714",2731,3129,1595,"OFL",39,168
"2715",2732,3130,1154,"BrM",39,169
"2716",2733,3130,1155,"BrF",39,169
"2717",2734,3130,1436,"ABX",39,169
"2718",2735,3130,1498,"SEEN1",39,169
"2719",2736,3131,524,"BrF",39,171
"2720",2737,3131,634,"BrM",39,171
"2721",2738,3131,1234,"ABX",39,171
"2722",2739,3131,1600,"CH",39,171
"2723",2740,3132,506,"BrM",39,173
"2724",2741,3132,601,"BrF",39,173
"2725",2742,7026,1488,"FLOAT",39,-3
"2726",2743,7026,1504,"FLOAT",39,-3
"2727",2744,7026,1511,"FLOAT",39,-3
"2728",2745,7026,1593,"FLOAT",39,-3
"2729",2746,15,1033,"H",22,1
"2730",2747,15,912,"BrF",22,1
"2731",2748,15,922,"BrM",22,1
"2732",2749,15,1151,"SEEN1",22,1
"2733",2750,15,1163,"SEEN2",22,1
"2734",2752,15,6074,"FL",22,1
"2735",2753,15,498,"SEEN1",22,1
"2736",2754,16,927,"BrF",22,2
"2737",2755,16,501,"BrM",22,2
"2738",2756,17,925,"BrF",22,3
"2739",2757,17,837,"BrM",22,3
"2740",2759,18,504,"BrF",22,5
"2741",2760,18,44,"BrM",22,5
"2742",2761,18,3419,"FL",22,5
"2743",2762,19,596,"BrF",22,8
"2744",2763,19,497,"BrM",22,8
"2745",2764,19,1187,"SEEN1",22,8
"2746",2765,19,550,"SEEN1",22,8
"2747",2766,19,943,"SEEN1",22,8
"2748",2767,2301,595,"BrF",22,9
"2749",2768,2301,495,"BrM",22,9
"2750",2769,2301,931,"SEEN1",22,9
"2751",2770,20,833,"BrF",22,12
"2752",2771,20,200,"BrM",22,12
"2753",2772,21,867,"ABX",22,13
"2754",2773,21,823,"BrF",22,13
"2755",2774,21,562,"BrM",22,13
"2756",2775,22,930,"H",22,14
"2757",2776,22,1219,"H",22,14
"2758",2777,22,458,"BrF",22,14
"2759",2778,22,499,"BrM",22,14
"2760",2779,22,1210,"FL",22,14
"2761",2780,22,1209,"FL",22,14
"2762",2781,22,1042,"SEEN2",22,14
"2763",2782,23,859,"BrF",22,15
"2764",2783,23,929,"BrM",22,15
"2765",2785,24,457,"BrF",22,16
"2766",2786,24,868,"BrM",22,16
"2767",2787,25,840,"BrF",22,20
"2768",2788,25,597,"BrM",22,20
"2769",2790,25,1186,"SEEN1",22,20
"2770",2791,26,172,"BrF",22,22
"2771",2792,26,1861,"BrM",22,22
"2772",2794,27,3425,"BrF",22,23
"2773",2795,27,1020,"BrM",22,23
"2774",2796,2302,1224,"OFL",22,24
"2775",2797,2302,3424,"BrF",22,24
"2776",2798,2302,1167,"BrM",22,24
"2777",2799,2302,1161,"SEEN1",22,24
"2778",2800,2302,911,"SEEN2",22,24
"2779",2801,2302,172,"SEEN2",22,24
"2780",2802,28,502,"BrF",22,25
"2781",2803,28,215,"BrM",22,25
"2782",2804,28,3423,"FL",22,25
"2783",2805,29,924,"BrF",22,26
"2784",2806,29,220,"BrM",22,26
"2785",2807,30,1235,"BrF",22,27
"2786",2808,30,1039,"BrM",22,27
"2787",2810,31,169,"BrF",22,28
"2788",2811,31,890,"BrM",22,28
"2789",2812,32,3422,"BrF",22,30
"2790",2813,32,507,"BrM",22,30
"2791",2814,32,1221,"FL",22,30
"2792",2815,33,825,"BrF",22,32
"2793",2816,33,672,"BrM",22,32
"2794",2817,34,1214,"OFL",22,33
"2795",2818,34,503,"BrF",22,33
"2796",2819,34,470,"BrM",22,33
"2797",2820,34,1045,"SEEN1",22,33
"2798",2821,2303,3421,"ABX",22,35
"2799",2822,2303,1151,"BrM",22,35
"2800",2823,2303,444,"BrF",22,35
"2801",2824,35,441,"BrF",22,38
"2802",2825,35,1165,"BrM",22,38
"2803",2826,35,1042,"SEEN1",22,38
"2804",2827,36,500,"BrF",22,40
"2805",2828,36,1162,"ABX",22,40
"2806",2829,36,3420,"ABX",22,40
"2807",2831,36,494,"BrM",22,40
"2808",2832,36,1164,"SEEN1",22,40
"2809",2833,36,1151,"SEEN2",22,40
"2810",2835,37,199,"BrF",22,42
"2811",2836,37,794,"AB",22,42
"2812",2837,37,442,"H",22,42
"2813",2838,37,609,"BrM",22,42
"2814",2839,37,1152,"FL",22,42
"2815",2841,38,3134,"BrF",22,43
"2816",2842,38,1029,"BrM",22,43
"2817",2843,39,1156,"ABX",22,45
"2818",2844,39,454,"BrF",22,45
"2819",2845,39,221,"BrM",22,45
"2820",2846,39,3418,"FL",22,45
"2821",2847,40,3417,"H",22,47
"2822",2848,40,604,"BrF",22,47
"2823",2849,40,921,"BrM",22,47
"2824",2850,40,1186,"SEEN1",22,47
"2825",2851,41,826,"H",22,48
"2826",2852,41,455,"BrF",22,48
"2827",2853,41,1212,"BrM",22,48
"2828",2854,41,1213,"FL",22,48
"2829",2855,42,3416,"ABX",22,49
"2830",2856,42,511,"BrF",22,49
"2831",2857,42,3415,"BrM",22,49
"2832",2858,43,828,"ABX",22,51
"2833",2859,43,466,"BrF",22,51
"2834",2860,43,51,"BrM",22,51
"2835",2861,44,449,"BrF",22,52
"2836",2862,44,1157,"BrM",22,52
"2837",2863,44,888,"SEEN1",22,52
"2838",2864,45,932,"H",22,53
"2839",2865,45,1216,"OFL",22,53
"2840",2866,45,308,"BrF",22,53
"2841",2867,45,216,"BrM",22,53
"2842",2868,46,447,"BrF",22,54
"2843",2869,46,1203,"BrM",22,54
"2844",2870,47,459,"ABX",22,55
"2845",2871,47,1030,"ABX",22,55
"2846",2872,47,462,"BrF",22,55
"2847",2873,47,947,"BrM",22,55
"2848",2874,48,207,"BrF",22,56
"2849",2875,48,65,"BrM",22,56
"2850",2876,48,1059,"SEEN1",22,56
"2851",2877,49,949,"BrF",22,57
"2852",2878,49,557,"BrM",22,57
"2853",2879,50,608,"ABX",22,59
"2854",2880,50,163,"ABX",22,59
"2855",2881,50,3414,"ABX",22,59
"2856",2882,50,850,"BrF",22,59
"2857",2883,50,510,"BrM",22,59
"2858",2885,50,1130,"SEEN2",22,59
"2859",2886,51,78,"BrF",22,61
"2860",2887,51,555,"BrM",22,61
"2861",2888,52,607,"ABX",22,62
"2862",2889,52,1202,"ABX",22,62
"2863",2890,52,469,"BrF",22,62
"2864",2891,52,606,"BrM",22,62
"2865",2892,52,1230,"FL",22,62
"2866",2893,53,1032,"H",22,63
"2867",2894,53,827,"BrF",22,63
"2868",2895,53,176,"BrM",22,63
"2869",2897,2304,848,"BrF",22,64
"2870",2898,2304,3413,"BrM",22,64
"2871",2899,54,869,"BrF",22,65
"2872",2900,54,453,"BrM",22,65
"2873",2901,55,561,"BrF",22,67
"2874",2902,55,467,"BrM",22,67
"2875",2903,56,1200,"ABX",22,68
"2876",2904,56,1188,"ABX",22,68
"2877",2905,56,878,"BrF",22,68
"2878",2906,56,879,"BrM",22,68
"2879",2907,57,3412,"U",22,69
"2880",2908,57,1193,"BrF",22,69
"2881",2909,57,1178,"BrM",22,69
"2882",2910,57,541,"SEEN1",22,69
"2883",2911,58,171,"BrF",22,71
"2884",2912,58,877,"BrM",22,71
"2885",2913,59,1036,"TBRF",22,72
"2886",2914,59,1186,"BrF",22,72
"2887",2915,59,1184,"BrM",22,72
"2888",2916,60,880,"BrF",22,73
"2889",2917,60,436,"BrM",22,73
"2890",2918,61,1062,"ABX",22,74
"2891",2919,61,835,"BrF",22,74
"2892",2920,61,860,"BrM",22,74
"2893",2921,62,1061,"H",22,76
"2894",2922,62,628,"BrF",22,76
"2895",2923,62,1037,"BrM",22,76
"2896",2925,62,1215,"XF",22,76
"2897",2926,62,1161,"SEEN1",22,76
"2898",2927,63,1019,"H",22,77
"2899",2928,63,1158,"BrF",22,77
"2900",2929,63,1159,"BrM",22,77
"2901",2930,64,1197,"ABX",22,80
"2902",2931,64,1173,"BrF",22,80
"2903",2932,64,1041,"BrM",22,80
"2904",2934,64,523,"SEEN1",22,80
"2905",2935,65,1047,"ABX",22,81
"2906",2936,65,853,"BrF",22,81
"2907",2937,65,865,"BrM",22,81
"2908",2939,66,832,"BrF",22,83
"2909",2940,66,523,"BrM",22,83
"2910",2941,67,863,"AB",22,84
"2911",2942,67,450,"BrF",22,84
"2912",2943,67,629,"BrM",22,84
"2913",2944,2305,522,"BrF",22,86
"2914",2945,2305,1174,"BrM",22,86
"2915",2946,68,479,"BrF",22,87
"2916",2947,68,866,"BrM",22,87
"2917",2948,69,951,"BrF",22,88
"2918",2949,69,1196,"BrM",22,88
"2919",2950,70,474,"H",22,89
"2920",2951,70,168,"BrF",22,89
"2921",2952,70,884,"BrM",22,89
"2922",2953,70,1234,"FL",22,89
"2923",2954,70,1031,"SEEN1",22,89
"2924",2955,71,862,"BrF",22,90
"2925",2956,71,632,"BrM",22,90
"2926",2957,71,1243,"SEEN1",22,90
"2927",2958,2306,1063,"ABX",22,92
"2928",2959,2306,857,"BrM",22,92
"2929",2960,72,1195,"H",22,94
"2930",2961,72,855,"BrF",22,94
"2931",2962,72,854,"BrM",22,94
"2932",2963,73,858,"BrF",22,95
"2933",2964,73,856,"BrM",22,95
"2934",2965,74,640,"BrF",22,99
"2935",2966,74,525,"BrM",22,99
"2936",2967,75,3411,"BrF",22,101
"2937",2968,75,849,"BrM",22,101
"2938",2969,76,635,"BrF",22,102
"2939",2970,76,636,"BrM",22,102
"2940",2971,76,1225,"SEEN1",22,102
"2941",2972,77,528,"ABX",22,103
"2942",2973,77,64,"BrF",22,103
"2943",2974,77,178,"BrM",22,103
"2944",2975,78,641,"H",22,104
"2945",2976,78,1175,"H",22,104
"2946",2977,78,3410,"ABX",22,104
"2947",2978,78,530,"BrF",22,104
"2948",2979,78,637,"BrM",22,104
"2949",2981,78,1051,"SEEN1",22,104
"2950",2982,79,670,"BrF",22,105
"2951",2983,79,1211,"BrM",22,105
"2952",2984,79,679,"SEEN1",22,105
"2953",2985,80,1206,"BrF",22,106
"2954",2986,80,1176,"BrM",22,106
"2955",2987,81,1022,"BrF",22,108
"2956",2988,81,1166,"BrM",22,108
"2957",2989,82,914,"BrF",22,109
"2958",2990,82,1040,"BrM",22,109
"2959",2991,82,1061,"SEEN1",22,109
"2960",2992,83,1017,"BrF",22,110
"2961",2993,83,1018,"BrM",22,110
"2962",2994,83,3409,"FL",22,110
"2963",2995,84,1160,"BrF",22,112
"2964",2996,84,836,"BrM",22,112
"2965",2997,84,1047,"SEEN1",22,112
"2966",2998,85,297,"H",22,115
"2967",2999,85,329,"BrF",22,115
"2968",3000,85,1862,"BrM",22,115
"2969",3001,85,1151,"SEEN1",22,115
"2970",3002,85,1179,"FL",22,115
"2971",3003,85,1045,"SEEN1",22,115
"2972",3004,3317,1217,"ABX",22,116
"2973",3005,3317,776,"BrM",22,116
"2974",3006,3317,525,"SEEN1",22,116
"2975",3007,86,774,"BrF",22,117
"2976",3008,86,1198,"BrM",22,117
"2977",3009,87,1190,"BrF",22,118
"2978",3010,87,1191,"BrM",22,118
"2979",3011,87,1193,"SEEN1",22,118
"2980",3012,88,1205,"ABX",22,119
"2981",3013,88,1192,"BrF",22,119
"2982",3014,2307,1240,"BrF",22,120
"2983",3015,2307,1242,"BrM",22,120
"2984",3016,89,3408,"BrF",22,121
"2985",3017,89,1189,"BrM",22,121
"2986",3018,90,508,"BrF",22,123
"2987",3019,90,602,"BrM",22,123
"2988",3020,2308,3407,"BrF",22,124
"2989",3021,2308,873,"BrM",22,124
"2990",3022,91,3406,"H",22,125
"2991",3023,91,638,"BrF",22,125
"2992",3024,91,633,"BrM",22,125
"2993",3025,91,1204,"SEEN1",22,125
"2994",3026,91,1199,"SEEN1",22,125
"2995",3027,92,476,"ABX",22,126
"2996",3028,92,3405,"ABX",22,126
"2997",3029,92,919,"BrF",22,126
"2998",3030,92,477,"BrM",22,126
"2999",3031,93,1024,"BrF",22,127
"3000",3032,93,676,"BrM",22,127
"3001",3033,94,675,"BrF",22,129
"3002",3034,94,846,"BrM",22,129
"3003",3036,95,663,"BrF",22,130
"3004",3037,95,549,"BrM",22,130
"3005",3038,96,1182,"BrF",22,132
"3006",3039,96,851,"BrM",22,132
"3007",3041,96,1181,"FL",22,132
"3008",3042,97,1201,"ABX",22,134
"3009",3043,97,543,"BrF",22,134
"3010",3044,97,540,"BrM",22,134
"3011",3045,98,915,"BrF",22,135
"3012",3046,98,941,"BrM",22,135
"3013",3047,98,1170,"FL",22,135
"3014",3048,99,845,"BrF",22,137
"3015",3049,99,674,"BrM",22,137
"3016",3050,99,1208,"FL",22,137
"3017",3051,99,528,"SEEN1",22,137
"3018",3052,100,472,"BrF",22,138
"3019",3053,100,847,"BrM",22,138
"3020",3055,101,1172,"BrF",22,139
"3021",3056,101,1171,"BrM",22,139
"3022",3057,102,938,"H",22,141
"3023",3058,102,1180,"ABX",22,141
"3024",3059,102,1168,"ABX",22,141
"3025",3060,102,677,"BrF",22,141
"3026",3061,102,550,"BrM",22,141
"3027",3062,102,1051,"SEEN1",22,141
"3028",3063,103,665,"BrF",22,144
"3029",3064,103,208,"BrM",22,144
"3030",3065,103,542,"SEEN1",22,144
"3031",3066,104,844,"BrF",22,147
"3032",3067,104,668,"BrM",22,147
"3033",3068,104,3404,"FL",22,147
"3034",3069,105,554,"BrF",22,155
"3035",3070,105,1028,"BrM",22,155
"3036",3071,105,1151,"SEEN1",22,155
"3037",3072,106,666,"BrF",22,157
"3038",3073,106,916,"BrM",22,157
"3039",3074,106,634,"SEEN1",22,157
"3040",3076,107,1218,"AB",22,159
"3041",3077,107,3432,"BrF",22,159
"3042",3078,107,544,"BrM",22,159
"3043",3079,108,563,"BrF",22,160
"3044",3080,108,545,"BrM",22,160
"3045",3081,109,3431,"ABX",22,162
"3046",3082,109,3430,"BrF",22,162
"3047",3083,109,1169,"BrM",22,162
"3048",3084,110,627,"BrF",22,164
"3049",3085,110,509,"BrM",22,164
"3050",3086,111,3429,"H",22,165
"3051",3087,111,1043,"BrF",22,165
"3052",3088,111,559,"BrM",22,165
"3053",3089,112,1177,"BrF",22,166
"3054",3090,112,3428,"BrM",22,166
"3055",3091,112,1185,"SEEN1",22,166
"3056",3092,113,942,"BrF",22,167
"3057",3093,113,1183,"BrM",22,167
"3058",3094,114,1194,"ABX",22,168
"3059",3095,114,3427,"BrF",22,168
"3060",3096,114,605,"BrM",22,168
"3061",3097,114,1185,"SEEN1",22,168
"3062",3098,114,1151,"SEEN1",22,168
"3063",3099,115,1155,"BrF",22,169
"3064",3100,115,1154,"BrM",22,169
"3065",3101,115,1153,"ABX",22,169
"3066",3102,116,524,"BrF",22,171
"3067",3103,116,634,"BrM",22,171
"3068",3104,116,1231,"XF",22,171
"3069",3105,116,1042,"SEEN1",22,171
"3070",3106,117,3426,"BrF",22,172
"3071",3107,117,331,"BrM",22,172
"3072",3108,2309,601,"BrF",22,173
"3073",3109,2309,506,"BrM",22,173
"3074",3110,3388,1060,"FLOAT",22,-3
"3075",3111,3388,558,"FLOAT",22,-3
"3076",3114,118,912,"BrF",23,1
"3077",3115,118,922,"BrM",23,1
"3078",3116,118,1248,"OFL",23,1
"3079",3117,119,927,"BrF",23,2
"3080",3118,119,501,"BrM",23,2
"3081",3119,119,1244,"SEEN1",23,2
"3082",3120,119,1162,"SEEN2",23,2
"3083",3121,119,1222,"OFL",23,2
"3084",3122,120,925,"BrF",23,3
"3085",3123,120,837,"BrM",23,3
"3086",3125,121,3392,"ABX",23,5
"3087",3126,121,504,"BrF",23,5
"3088",3127,121,44,"BrM",23,5
"3089",3128,121,1161,"SEEN1",23,5
"3090",3129,121,1216,"SEEN2",23,5
"3091",3130,122,596,"BrF",23,8
"3092",3131,122,497,"BrM",23,8
"3093",3132,122,3384,"FL",23,8
"3094",3133,122,1187,"SEEN1",23,8
"3095",3134,122,1216,"SEEN2",23,8
"3096",3135,123,595,"BrF",23,9
"3097",3136,123,495,"BrM",23,9
"3098",3137,123,3380,"FL",23,9
"3099",3138,2311,833,"BrF",23,12
"3100",3139,2311,200,"BrM",23,12
"3101",3140,124,867,"ABX",23,13
"3102",3141,124,823,"BrF",23,13
"3103",3142,124,562,"BrM",23,13
"3104",3143,124,3374,"FL",23,13
"3105",3144,125,930,"ABX",23,14
"3106",3145,125,1219,"ABX",23,14
"3107",3146,125,458,"BrF",23,14
"3108",3147,125,499,"BrM",23,14
"3109",3148,125,1209,"AB",23,14
"3110",3149,126,859,"BrF",23,15
"3111",3150,126,929,"BrM",23,15
"3112",3151,126,3403,"FL",23,15
"3113",3152,127,457,"BrF",23,16
"3114",3153,127,868,"BrM",23,16
"3115",3154,127,3397,"FL",23,16
"3116",3155,128,840,"BrF",23,20
"3117",3156,128,597,"BrM",23,20
"3118",3157,129,3396,"BrF",23,22
"3119",3158,129,1164,"BrM",23,22
"3120",3159,130,1247,"BrF",23,23
"3121",3160,130,1020,"BrM",23,23
"3122",3161,2312,1059,"BrF",23,24
"3123",3162,2312,1167,"BrM",23,24
"3124",3163,131,1224,"H",23,25
"3125",3164,131,502,"BrF",23,25
"3126",3165,131,215,"BrM",23,25
"3127",3166,131,3395,"FL",23,25
"3128",3167,132,924,"BrF",23,26
"3129",3168,132,220,"BrM",23,26
"3130",3169,132,3394,"FL",23,26
"3131",3170,132,1031,"SEEN1",23,26
"3132",3171,133,1235,"BrF",23,27
"3133",3172,133,1039,"BrM",23,27
"3134",3174,2313,169,"BrF",23,28
"3135",3175,2313,890,"BrM",23,28
"3136",3177,134,1246,"BrF",23,30
"3137",3178,134,507,"BrM",23,30
"3138",3179,134,3393,"FL",23,30
"3139",3180,134,1221,"ABX",23,30
"3140",3181,2314,825,"BrF",23,32
"3141",3182,2314,672,"BrM",23,32
"3142",3183,2314,1286,"OFL",23,32
"3143",3184,2315,1214,"ABX",23,33
"3144",3185,2315,1045,"ABX",23,33
"3145",3186,2315,503,"BrF",23,33
"3146",3187,2315,470,"BrM",23,33
"3147",3188,2315,1022,"SEEN1",23,33
"3148",3189,2316,444,"BrF",23,35
"3149",3190,2316,1166,"BrM",23,35
"3150",3191,2317,1218,"BrF",23,37
"3151",3192,2317,886,"BrM",23,37
"3152",3193,135,441,"BrF",23,38
"3153",3194,135,1165,"BrM",23,38
"3154",3195,135,1287,"OFL",23,38
"3155",3196,136,500,"BrF",23,40
"3156",3197,136,494,"BrM",23,40
"3157",3198,136,1229,"FL",23,40
"3158",3199,137,442,"ABX",23,42
"3159",3200,137,794,"H",23,42
"3160",3201,137,199,"BrF",23,42
"3161",3202,137,609,"BrM",23,42
"3162",3203,137,1152,"ABX",23,42
"3163",3204,137,911,"SEEN1",23,42
"3164",3205,2318,3134,"BrF",23,43
"3165",3206,2318,1029,"BrM",23,43
"3166",3207,138,1156,"ABX",23,45
"3167",3208,138,454,"BrF",23,45
"3168",3209,138,221,"BrM",23,45
"3169",3210,138,3391,"H",23,45
"3170",3211,139,1244,"ABX",23,47
"3171",3212,139,3390,"ABX",23,47
"3172",3213,139,3389,"H",23,47
"3173",3214,139,604,"BrF",23,47
"3174",3215,139,921,"BrM",23,47
"3175",3216,139,916,"SEEN1",23,47
"3176",3217,140,826,"BrF",23,48
"3177",3218,140,1212,"BrM",23,48
"3178",3219,140,1213,"ABX",23,48
"3179",3220,2319,3388,"ABX",23,49
"3180",3221,2319,511,"BrF",23,49
"3181",3222,2319,1274,"BrM",23,49
"3182",3223,2320,828,"ABX",23,51
"3183",3224,2320,466,"BrF",23,51
"3184",3225,2320,51,"BrM",23,51
"3185",3226,2321,449,"BrF",23,52
"3186",3227,2321,1157,"BrM",23,52
"3187",3228,141,932,"H",23,53
"3188",3229,141,308,"BrF",23,53
"3189",3230,141,216,"BrM",23,53
"3190",3231,141,3387,"FL",23,53
"3191",3232,141,1162,"SEEN1",23,53
"3192",3233,2322,447,"BrF",23,54
"3193",3234,2322,1203,"BrM",23,54
"3194",3236,2323,459,"ABX",23,55
"3195",3237,2323,462,"BrF",23,55
"3196",3238,2323,947,"BrM",23,55
"3197",3239,2323,3386,"OFL",23,55
"3198",3240,2324,1051,"BrF",23,56
"3199",3241,2324,65,"BrM",23,56
"3200",3242,142,949,"BrF",23,57
"3201",3243,142,557,"BrM",23,57
"3202",3244,142,1277,"OFL",23,57
"3203",3245,143,608,"ABX",23,59
"3204",3246,143,163,"ABX",23,59
"3205",3247,143,850,"BrF",23,59
"3206",3248,143,510,"BrM",23,59
"3207",3249,143,1273,"SEEN1",23,59
"3208",3250,143,1275,"OFL",23,59
"3209",3251,2325,1026,"BrF",23,60
"3210",3252,2325,1032,"BrM",23,60
"3211",3253,2326,78,"BrF",23,61
"3212",3254,2326,555,"BrM",23,61
"3213",3255,144,607,"H",23,62
"3214",3256,144,1202,"ABX",23,62
"3215",3257,144,469,"BrF",23,62
"3216",3258,144,606,"BrM",23,62
"3217",3259,144,1230,"AB",23,62
"3218",3260,2327,1042,"BrF",23,63
"3219",3261,2327,176,"BrM",23,63
"3220",3262,2327,827,"ABX",23,63
"3221",3263,2328,848,"BrF",23,64
"3222",3264,2328,3385,"BrM",23,64
"3223",3265,145,869,"BrF",23,65
"3224",3266,145,453,"BrM",23,65
"3225",3267,146,561,"BrF",23,67
"3226",3268,146,467,"BrM",23,67
"3227",3269,146,1306,"OFL",23,67
"3228",3270,147,1200,"ABX",23,68
"3229",3271,147,1188,"ABX",23,68
"3230",3272,147,878,"BrF",23,68
"3231",3273,147,879,"BrM",23,68
"3232",3274,2329,1193,"BrF",23,69
"3233",3275,2329,1178,"BrM",23,69
"3234",3276,148,171,"BrF",23,71
"3235",3277,148,877,"BrM",23,71
"3236",3278,148,1278,"OFL",23,71
"3237",3279,2330,1186,"BrF",23,72
"3238",3280,2330,1184,"BrM",23,72
"3239",3281,149,880,"BrF",23,73
"3240",3282,149,436,"BrM",23,73
"3241",3283,149,1227,"OFL",23,73
"3242",3284,2331,1062,"ABX",23,74
"3243",3285,2331,835,"BrF",23,74
"3244",3286,2331,860,"BrM",23,74
"3245",3287,2331,1061,"SEEN1",23,74
"3246",3288,2332,1061,"ABX",23,76
"3247",3289,2332,628,"BrF",23,76
"3248",3290,2332,1037,"BrM",23,76
"3249",3291,2332,1215,"ABX",23,76
"3250",3292,150,1158,"ABX",23,77
"3251",3293,150,1019,"BrF",23,77
"3252",3294,150,1159,"BrM",23,77
"3253",3295,150,3383,"FL",23,77
"3254",3297,151,1173,"BrF",23,80
"3255",3298,151,1041,"BrM",23,80
"3256",3299,151,1294,"FL",23,80
"3257",3301,152,853,"BrF",23,81
"3258",3302,152,865,"BrM",23,81
"3259",3303,152,3382,"FL",23,81
"3260",3305,153,832,"BrF",23,83
"3261",3306,153,523,"BrM",23,83
"3262",3308,154,863,"ABX",23,84
"3263",3309,154,450,"BrF",23,84
"3264",3310,154,629,"BrM",23,84
"3265",3312,155,1279,"ABX",23,86
"3266",3313,155,522,"BrF",23,86
"3267",3314,155,3381,"BrM",23,86
"3268",3315,155,1293,"FL",23,86
"3269",3316,156,479,"BrF",23,87
"3270",3317,156,866,"BrM",23,87
"3271",3318,156,1217,"SEEN1",23,87
"3272",3319,157,951,"BrF",23,88
"3273",3320,157,1196,"BrM",23,88
"3274",3321,158,474,"H",23,89
"3275",3322,158,168,"BrF",23,89
"3276",3323,158,884,"BrM",23,89
"3277",3324,158,1031,"SEEN1",23,89
"3278",3325,158,3379,"FL",23,89
"3279",3326,158,1262,"OFL",23,89
"3280",3327,158,1179,"SEEN1",23,89
"3281",3328,158,1045,"SEEN2",23,89
"3282",3329,159,1243,"ABX",23,90
"3283",3330,159,862,"BrF",23,90
"3284",3331,159,632,"BrM",23,90
"3285",3332,159,1290,"OFL",23,90
"3286",3333,2333,1063,"ABX",23,92
"3287",3334,2333,858,"BrF",23,92
"3288",3335,2333,857,"BrM",23,92
"3289",3336,160,1195,"BrF",23,94
"3290",3337,160,1243,"BrM",23,94
"3291",3338,160,3378,"FL",23,94
"3292",3339,161,505,"BrF",23,95
"3293",3340,161,917,"BrM",23,95
"3294",3341,161,1289,"OFL",23,95
"3295",3342,161,1170,"SEEN1",23,95
"3296",3343,2334,3377,"ABX",23,99
"3297",3344,2334,640,"BrF",23,99
"3298",3345,2334,525,"BrM",23,99
"3299",3346,2334,1161,"SEEN1",23,99
"3300",3347,162,1303,"U",23,101
"3301",3348,162,3376,"BrF",23,101
"3302",3349,162,849,"BrM",23,101
"3303",3350,162,1295,"FL",23,101
"3304",3351,163,635,"BrF",23,102
"3305",3352,163,636,"BrM",23,102
"3306",3353,163,1288,"FL",23,102
"3307",3354,163,1225,"SEEN1",23,102
"3308",3355,164,64,"BrF",23,103
"3309",3356,164,528,"H",23,103
"3310",3357,164,178,"BrM",23,103
"3311",3358,164,1291,"OFL",23,103
"3312",3359,165,641,"ABX",23,104
"3313",3360,165,1175,"ABX",23,104
"3314",3361,165,530,"BrF",23,104
"3315",3362,165,637,"BrM",23,104
"3316",3363,165,1301,"SEEN1",23,104
"3317",3364,165,1302,"OFL",23,104
"3318",3365,166,670,"BrF",23,105
"3319",3366,166,1211,"BrM",23,105
"3320",3367,166,1296,"OFL",23,105
"3321",3368,167,1206,"BrF",23,106
"3322",3369,167,1176,"BrM",23,106
"3323",3370,167,1292,"OFL",23,106
"3324",3371,2335,1022,"BrF",23,108
"3325",3372,2335,1199,"BrM",23,108
"3326",3373,168,914,"BrF",23,109
"3327",3374,168,1040,"BrM",23,109
"3328",3375,168,1267,"XF",23,109
"3329",3376,2336,1017,"BrF",23,110
"3330",3377,2336,1018,"BrM",23,110
"3331",3378,2336,1297,"FL",23,110
"3332",3379,2336,3375,"OFL",23,110
"3333",3380,2337,1160,"BrF",23,112
"3334",3381,2337,1047,"BrM",23,112
"3335",3382,2337,1161,"SEEN1",23,112
"3336",3383,2337,1164,"SEEN2",23,112
"3337",3384,169,329,"H",23,115
"3338",3385,169,297,"BrF",23,115
"3339",3386,169,1862,"BrM",23,115
"3340",3387,169,1268,"CH",23,115
"3341",3388,169,1179,"H",23,115
"3342",3389,170,1049,"BrF",23,116
"3343",3390,170,776,"BrM",23,116
"3344",3391,170,1298,"FL",23,116
"3345",3392,171,774,"BrF",23,117
"3346",3393,171,1198,"BrM",23,117
"3347",3394,171,1245,"FL",23,117
"3348",3395,171,1242,"SEEN1",23,117
"3349",3396,2338,1205,"ABX",23,118
"3350",3397,2338,1190,"BrF",23,118
"3351",3398,2338,1191,"BrM",23,118
"3352",3399,2339,3373,"H",23,121
"3353",3400,2339,1197,"BrF",23,121
"3354",3401,2339,1189,"BrM",23,121
"3355",3402,2339,1153,"SEEN1",23,121
"3356",3404,2339,509,"SEEN2",23,121
"3357",3405,2340,3372,"BrF",23,123
"3358",3406,2340,602,"BrM",23,123
"3359",3407,172,3370,"H",23,125
"3360",3408,172,638,"BrF",23,125
"3361",3409,172,1185,"BrM",23,125
"3362",3410,172,3371,"FL",23,125
"3363",3411,2341,3369,"ABX",23,126
"3364",3412,2341,476,"ABX",23,126
"3365",3413,2341,919,"BrF",23,126
"3366",3414,2341,477,"BrM",23,126
"3367",3415,2342,1024,"BrF",23,127
"3368",3416,2342,676,"BrM",23,127
"3369",3417,2343,675,"BrF",23,129
"3370",3418,2343,846,"BrM",23,129
"3371",3419,2344,663,"BrF",23,130
"3372",3420,2344,549,"BrM",23,130
"3373",3421,2345,3368,"BrM",23,131
"3374",3422,2345,1060,"BrF",23,131
"3375",3423,173,1181,"ABX",23,132
"3376",3424,173,1182,"BrF",23,132
"3377",3425,173,851,"BrM",23,132
"3378",3426,173,3367,"FL",23,132
"3379",3427,2346,543,"BrF",23,134
"3380",3428,2346,540,"BrM",23,134
"3381",3429,174,1170,"ABX",23,135
"3382",3430,174,915,"BrF",23,135
"3383",3431,174,941,"BrM",23,135
"3384",3432,174,3366,"FL",23,135
"3385",3433,174,472,"SEEN1",23,135
"3386",3434,2347,845,"BrF",23,137
"3387",3435,2347,674,"BrM",23,137
"3388",3436,175,472,"ABX",23,138
"3389",3437,175,3365,"BrF",23,138
"3390",3438,175,847,"BrM",23,138
"3391",3439,175,3364,"FL",23,138
"3392",3440,176,1172,"BrF",23,139
"3393",3441,176,1171,"BrM",23,139
"3394",3442,176,3363,"FL",23,139
"3395",3443,177,938,"ABX",23,141
"3396",3444,177,1180,"ABX",23,141
"3397",3445,177,677,"BrF",23,141
"3398",3446,177,550,"BrM",23,141
"3399",3447,177,1304,"SEEN1",23,141
"3400",3448,177,3362,"FL",23,141
"3401",3449,2348,542,"BrF",23,144
"3402",3450,2348,208,"BrM",23,144
"3403",3451,2348,665,"SEEN1",23,144
"3404",3452,2349,844,"BrF",23,147
"3405",3453,2349,668,"BrM",23,147
"3406",3454,2349,1168,"SEEN1",23,147
"3407",3455,178,554,"BrF",23,148
"3408",3456,178,498,"BrM",23,148
"3409",3457,178,3361,"FL",23,148
"3410",3458,179,639,"BrF",23,155
"3411",3459,179,1028,"BrM",23,155
"3412",3460,179,3402,"FL",23,155
"3413",3461,2350,666,"BrF",23,157
"3414",3462,2350,1151,"BrM",23,157
"3415",3463,2350,1153,"SEEN1",23,157
"3416",3464,180,1299,"BrF",23,159
"3417",3465,180,544,"BrM",23,159
"3418",3466,180,1300,"OFL",23,159
"3419",3467,181,563,"BrF",23,160
"3420",3468,181,545,"BrM",23,160
"3421",3469,181,3401,"FL",23,160
"3422",3470,182,627,"BrF",23,164
"3423",3471,182,509,"BrM",23,164
"3424",3472,182,3400,"FL",23,164
"3425",3473,183,3399,"H",23,165
"3426",3474,183,1043,"BrF",23,165
"3427",3475,183,559,"BrM",23,165
"3428",3476,183,1276,"SEEN1",23,165
"3429",3477,183,1223,"FL",23,165
"3430",3478,184,1177,"BrF",23,166
"3431",3479,184,3398,"BrM",23,166
"3432",3480,184,1285,"SEEN1",23,166
"3433",3481,184,1305,"OFL",23,166
"3434",3482,2351,942,"BrF",23,167
"3435",3483,2351,559,"BrM",23,167
"3436",3484,185,1272,"ABX",23,168
"3437",3485,185,1271,"BrF",23,168
"3438",3486,185,605,"BrM",23,168
"3439",3487,185,1270,"OFL",23,168
"3440",3488,2352,1155,"BrF",23,169
"3441",3489,2352,1154,"BrM",23,169
"3442",3490,186,524,"BrF",23,171
"3443",3491,186,634,"BrM",23,171
"3444",3492,186,1234,"SEEN1",23,171
"3445",3493,186,1231,"SEEN2",23,171
"3446",3494,2353,601,"BrF",23,173
"3447",3495,2353,506,"BrM",23,173
"3448",3496,187,912,"BrF",25,1
"3449",3497,187,922,"BrM",25,1
"3450",3500,187,1366,"XF",25,1
"3451",3501,188,927,"BrF",25,2
"3452",3502,188,501,"BrM",25,2
"3453",3503,188,1407,"XF",25,2
"3454",3504,188,1222,"ABX",25,2
"3455",3505,189,925,"BrF",25,3
"3456",3506,189,837,"BrM",25,3
"3457",3508,190,1392,"BrF",25,4
"3458",3509,190,911,"BrM",25,4
"3459",3510,191,3357,"ABX",25,5
"3460",3511,191,504,"BrF",25,5
"3461",3512,191,44,"BrM",25,5
"3462",3513,192,1216,"BrF",25,7
"3463",3514,192,1187,"BrM",25,7
"3464",3515,193,596,"BrF",25,8
"3465",3516,193,497,"BrM",25,8
"3466",3517,193,1348,"XF",25,8
"3467",3518,193,1391,"H",25,8
"3468",3519,194,595,"BrF",25,9
"3469",3520,194,495,"BrM",25,9
"3470",3521,195,833,"BrF",25,12
"3471",3522,195,200,"BrM",25,12
"3472",3524,195,1363,"XF",25,12
"3473",3525,196,823,"BrF",25,13
"3474",3526,196,562,"BrM",25,13
"3475",3527,196,867,"ABX",25,13
"3476",3528,196,3351,"OFL",25,13
"3477",3529,197,930,"H",25,14
"3478",3530,2505,1186,"BrF",27,72
"3479",3531,197,458,"BrF",25,14
"3480",3532,197,499,"BrM",25,14
"3481",3533,197,1349,"XF",25,14
"3482",3534,197,1209,"AB",25,14
"3483",3535,198,859,"BrF",25,15
"3484",3536,198,929,"BrM",25,15
"3485",3537,198,1405,"OFL",25,15
"3486",3538,199,457,"BrF",25,16
"3487",3539,199,868,"BrM",25,16
"3488",3540,199,1387,"XF",25,16
"3489",3541,200,840,"BrF",25,20
"3490",3542,200,597,"BrM",25,20
"3491",3543,200,1408,"XF",25,20
"3492",3544,201,1345,"BrF",25,22
"3493",3545,201,1164,"BrM",25,22
"3494",3546,202,1247,"BrF",25,23
"3495",3547,202,1020,"BrM",25,23
"3496",3548,203,1059,"BrF",25,24
"3497",3549,203,1167,"BrM",25,24
"3498",3550,204,1224,"ABX",25,25
"3499",3551,204,502,"BrF",25,25
"3500",3552,204,215,"BrM",25,25
"3501",3553,204,1410,"OFL",25,25
"3502",3554,205,924,"BrF",25,26
"3503",3555,205,220,"BrM",25,26
"3504",3556,205,3358,"OFL",25,26
"3505",3557,206,1235,"BrF",25,27
"3506",3558,206,1039,"BrM",25,27
"3507",3559,207,169,"BrF",25,28
"3508",3560,207,890,"BrM",25,28
"3509",3562,207,1406,"XF",25,28
"3510",3563,208,1246,"BrF",25,30
"3511",3564,208,507,"BrM",25,30
"3512",3565,208,1384,"FL",25,30
"3513",3566,208,1221,"H",25,30
"3514",3567,2387,1412,"SEEN1",25,31
"3515",3568,2387,1231,"SEEN2",25,31
"3516",3569,209,825,"BrF",25,32
"3517",3570,209,672,"BrM",25,32
"3518",3571,209,1417,"FL",25,32
"3519",3572,209,1286,"AB",25,32
"3520",3573,210,503,"BrF",25,33
"3521",3574,210,470,"BrM",25,33
"3522",3575,210,1214,"ABX",25,33
"3523",3576,2388,444,"BrF",25,35
"3524",3577,2388,1166,"BrM",25,35
"3525",3578,2388,1359,"FL",25,35
"3526",3579,211,1218,"BrF",25,37
"3527",3580,211,886,"BrM",25,37
"3528",3581,212,441,"BrF",25,38
"3529",3582,212,1165,"BrM",25,38
"3530",3583,212,1415,"FL",25,38
"3531",3584,212,1287,"ABX",25,38
"3532",3585,213,1347,"BrF",25,40
"3533",3586,213,494,"BrM",25,40
"3534",3589,214,199,"BrF",25,42
"3535",3590,214,609,"BrM",25,42
"3536",3591,214,1362,"FL",25,42
"3537",3592,214,442,"H",25,42
"3538",3593,214,1152,"H",25,42
"3539",3594,215,3134,"BrF",25,43
"3540",3595,215,1029,"BrM",25,43
"3541",3597,2389,794,"BrF",25,44
"3542",3598,216,1404,"ABX",25,45
"3543",3599,216,454,"BrF",25,45
"3544",3600,216,221,"BrM",25,45
"3545",3601,216,3356,"FL",25,45
"3546",3602,216,1371,"H",25,45
"3547",3603,217,1383,"H",25,47
"3548",3604,217,604,"BrF",25,47
"3549",3605,217,921,"BrM",25,47
"3550",3606,217,1385,"FL",25,47
"3551",3607,218,1213,"ABX",25,48
"3552",3608,218,826,"BrF",25,48
"3553",3609,218,1212,"BrM",25,48
"3554",3610,219,1386,"H",25,49
"3555",3611,219,511,"BrF",25,49
"3556",3612,219,1274,"BrM",25,49
"3557",3613,219,1388,"FL",25,49
"3558",3614,220,466,"BrF",25,51
"3559",3615,220,51,"BrM",25,51
"3560",3616,220,3355,"FL",25,51
"3561",3617,220,828,"ABX",25,51
"3562",3618,2390,449,"BrF",25,52
"3563",3619,221,932,"H",25,53
"3564",3620,221,308,"BrF",25,53
"3565",3621,221,216,"BrM",25,53
"3566",3622,221,1390,"XF",25,53
"3567",3623,221,1389,"XF",25,53
"3568",3624,221,1368,"ABX",25,53
"3569",3625,222,447,"BrF",25,54
"3570",3626,222,1203,"BrM",25,54
"3571",3627,222,1414,"FL",25,54
"3572",3628,223,459,"H",25,55
"3573",3629,223,1369,"H",25,55
"3574",3630,223,462,"BrF",25,55
"3575",3631,223,607,"SEEN1",25,55
"3576",3632,224,949,"BrF",25,57
"3577",3633,224,557,"BrM",25,57
"3578",3634,225,163,"BrF",25,59
"3579",3635,225,510,"BrM",25,59
"3580",3636,225,559,"SEEN1",25,59
"3581",3637,226,1026,"BrF",25,60
"3582",3638,226,1032,"BrM",25,60
"3583",3639,226,1411,"XF",25,60
"3584",3640,226,176,"SEEN1",25,60
"3585",3641,227,78,"BrF",25,61
"3586",3642,227,607,"BrM",25,61
"3587",3643,228,469,"BrF",25,62
"3588",3644,228,607,"BrM",25,62
"3589",3645,228,1364,"XF",25,62
"3590",3646,229,1042,"BrF",25,63
"3591",3647,229,176,"BrM",25,63
"3592",3648,230,848,"BrF",25,64
"3593",3649,230,1370,"BrM",25,64
"3594",3650,230,3354,"FL",25,64
"3595",3651,231,869,"BrF",25,65
"3596",3652,231,453,"BrM",25,65
"3597",3653,231,1361,"XF",25,65
"3598",3654,232,561,"BrF",25,67
"3599",3655,232,467,"BrM",25,67
"3600",3656,2391,1200,"BrF",25,68
"3601",3657,2391,1156,"BrM",25,68
"3602",3658,233,1193,"BrF",25,69
"3603",3659,233,1178,"BrM",25,69
"3604",3660,2392,1244,"BrF",25,71
"3605",3661,2392,1188,"BrM",25,71
"3606",3662,234,1186,"BrF",25,72
"3607",3663,234,1184,"BrM",25,72
"3608",3664,234,1402,"FL",25,72
"3609",3665,235,880,"BrF",25,73
"3610",3666,235,436,"BrM",25,73
"3611",3667,236,835,"BrF",25,74
"3612",3668,236,1031,"BrM",25,74
"3613",3669,237,1215,"AB",25,76
"3614",3670,237,628,"BrF",25,76
"3615",3671,237,1037,"BrM",25,76
"3616",3672,237,1365,"XF",25,76
"3617",3673,238,1227,"AB",25,77
"3618",3674,238,1158,"H",25,77
"3619",3675,238,1019,"BrF",25,77
"3620",3676,238,1159,"BrM",25,77
"3621",3677,238,1367,"XF",25,77
"3622",3678,238,1358,"H",25,77
"3623",3679,238,1346,"AB",25,77
"3624",3680,239,1173,"BrF",25,80
"3625",3681,239,1041,"BrM",25,80
"3626",3682,240,1355,"ABX",25,81
"3627",3683,240,1357,"ABX",25,81
"3628",3684,240,853,"BrF",25,81
"3629",3685,240,865,"BrM",25,81
"3630",3686,240,3353,"OFL",25,81
"3631",3687,241,1130,"BrF",25,82
"3632",3688,241,1356,"BrM",25,82
"3633",3689,242,832,"BrF",25,83
"3634",3690,242,523,"BrM",25,83
"3635",3691,242,1394,"FL",25,83
"3636",3692,243,450,"BrF",25,84
"3637",3693,243,629,"BrM",25,84
"3638",3694,244,1279,"ABX",25,86
"3639",3695,244,522,"BrF",25,86
"3640",3696,244,1360,"BrM",25,86
"3641",3697,245,951,"BrF",25,88
"3642",3698,245,1196,"BrM",25,88
"3643",3699,246,168,"BrF",25,89
"3644",3700,246,1045,"BrM",25,89
"3645",3701,246,1262,"ABX",25,89
"3646",3702,247,862,"BrF",25,90
"3647",3703,247,632,"BrM",25,90
"3648",3704,247,1290,"ABX",25,90
"3649",3705,247,1243,"SEEN1",25,90
"3650",3706,248,858,"BrF",25,92
"3651",3707,248,1063,"BrM",25,92
"3652",3708,249,1195,"BrF",25,94
"3653",3709,249,1243,"BrM",25,94
"3654",3710,250,1170,"BrF",25,95
"3655",3711,250,917,"BrM",25,95
"3656",3712,2393,1231,"U",25,98
"3657",3713,251,1161,"BrF",25,99
"3658",3714,251,525,"BrM",25,99
"3659",3715,252,472,"BrF",25,100
"3660",3716,252,1062,"BrM",25,100
"3661",3717,253,1403,"BrF",25,101
"3662",3718,253,849,"BrM",25,101
"3663",3719,253,1413,"XF",25,101
"3664",3720,254,670,"BrF",25,105
"3665",3721,254,1211,"BrM",25,105
"3666",3722,255,1022,"BrF",25,108
"3667",3723,255,1199,"BrM",25,108
"3668",3724,256,914,"BrF",25,109
"3669",3725,256,1040,"BrM",25,109
"3670",3726,257,1017,"BrF",25,110
"3671",3727,257,1018,"BrM",25,110
"3672",3728,257,1409,"XF",25,110
"3673",3729,257,1416,"OFL",25,110
"3674",3730,258,1160,"BrF",25,112
"3675",3731,258,1047,"BrM",25,112
"3676",3732,258,3352,"FL",25,112
"3677",3733,259,297,"BrF",25,115
"3678",3734,259,1862,"BrM",25,115
"3679",3735,259,1396,"XF",25,115
"3680",3736,259,329,"H",25,115
"3681",3737,259,1179,"H",25,115
"3682",3738,259,1268,"AB",25,115
"3683",3739,260,1049,"BrF",25,116
"3684",3740,260,776,"BrM",25,116
"3685",3741,261,774,"BrF",25,117
"3686",3742,261,1198,"BrM",25,117
"3687",3743,261,1397,"XF",25,117
"3688",3745,262,1205,"ABX",25,118
"3689",3746,262,1190,"BrF",25,118
"3690",3747,262,1191,"BrM",25,118
"3691",3749,263,1380,"BrF",25,123
"3692",3750,263,602,"BrM",25,123
"3693",3751,264,1401,"H",25,125
"3694",3752,264,638,"BrF",25,125
"3695",3753,264,1185,"BrM",25,125
"3696",3754,264,1400,"FL",25,125
"3697",3755,265,476,"ABX",25,126
"3698",3756,265,919,"BrF",25,126
"3699",3757,265,510,"BrM",25,126
"3700",3758,266,1024,"BrF",25,127
"3701",3759,266,676,"BrM",25,127
"3702",3760,267,663,"BrF",25,130
"3703",3761,267,509,"BrM",25,130
"3704",3762,267,3350,"FL",25,130
"3705",3763,2395,3349,"U",25,134
"3706",3764,2396,915,"BrF",25,135
"3707",3765,268,845,"BrF",25,137
"3708",3766,268,674,"BrM",25,137
"3709",3767,268,1398,"FL",25,137
"3710",3768,269,1382,"BrF",25,138
"3711",3769,269,1381,"H",25,138
"3712",3770,269,847,"BrM",25,138
"3713",3771,2397,1172,"BrF",25,139
"3714",3772,2397,1171,"BrM",25,139
"3715",3773,270,677,"BrF",25,141
"3716",3774,270,1168,"BrM",25,141
"3717",3775,270,938,"H",25,141
"3718",3776,270,3348,"OFL",25,141
"3719",3777,271,1304,"BrF",25,147
"3720",3778,271,668,"BrM",25,147
"3721",3780,272,639,"BrF",25,155
"3722",3781,272,1028,"BrM",25,155
"3723",3782,272,3360,"OFL",25,155
"3724",3783,273,666,"BrF",25,157
"3725",3784,273,1151,"BrM",25,157
"3726",3785,2398,542,"BrF",25,159
"3727",3786,2398,544,"BrM",25,159
"3728",3787,274,563,"BrF",25,160
"3729",3788,274,1153,"BrM",25,160
"3730",3789,275,627,"BrF",25,164
"3731",3790,275,509,"BrM",25,164
"3732",3791,276,1043,"BrF",25,165
"3733",3792,276,1276,"BrM",25,165
"3734",3794,277,1177,"BrF",25,166
"3735",3795,277,1395,"BrM",25,166
"3736",3796,277,1305,"ABX",25,166
"3737",3797,278,1272,"H",25,168
"3738",3798,278,1271,"BrF",25,168
"3739",3799,278,605,"BrM",25,168
"3740",3800,278,3359,"FL",25,168
"3741",3801,278,1270,"ABX",25,168
"3742",3802,2399,1155,"BrF",25,169
"3743",3803,2399,1154,"BrM",25,169
"3744",3804,279,524,"BrF",25,171
"3745",3805,279,634,"BrM",25,171
"3746",3807,279,1234,"H",25,171
"3747",3808,2400,601,"BrF",25,173
"3748",3809,2400,506,"BrM",25,173
"3749",3810,2401,912,"BrF",26,1
"3750",3811,2401,922,"BrM",26,1
"3751",3812,2401,1366,"OFL",26,1
"3752",3813,2402,1222,"ABX",26,2
"3753",3814,2402,927,"BrF",26,2
"3754",3815,2402,501,"BrM",26,2
"3755",3816,2402,1407,"NS",26,2
"3756",3817,2403,925,"BrF",26,3
"3757",3818,2403,1287,"BrM",26,3
"3758",3819,2403,837,"NS",26,3
"3759",3820,2404,1392,"BrF",26,4
"3760",3821,2404,911,"BrM",26,4
"3761",3822,2405,1432,"ABX",26,5
"3762",3823,2405,504,"BrF",26,5
"3763",3824,2405,1187,"BrM",26,5
"3764",3825,2405,44,"NS",26,5
"3765",3826,2406,1152,"BrF",26,7
"3766",3827,2406,1187,"BrM",26,7
"3767",3828,2406,1216,"NS",26,7
"3768",3829,280,596,"BrF",26,8
"3769",3830,280,497,"BrM",26,8
"3770",3831,280,1391,"NSA",26,8
"3771",3832,280,1348,"SEEN2",26,8
"3772",3833,2407,595,"BrF",26,9
"3773",3834,2407,495,"BrM",26,9
"3774",3835,2408,833,"BrF",26,12
"3775",3836,2408,200,"BrM",26,12
"3776",3837,2408,1363,"NS",26,12
"3777",3838,2409,823,"BrF",26,13
"3778",3839,2410,930,"ABX",26,14
"3779",3840,2410,458,"BrF",26,14
"3780",3841,2410,499,"BrM",26,14
"3781",3842,2410,1349,"SEEN2",26,14
"3782",3844,2411,859,"BrF",26,15
"3783",3845,2411,929,"BrM",26,15
"3784",3846,2411,1405,"ABX",26,15
"3785",3847,2412,3347,"BrF",26,16
"3786",3848,2412,1209,"BrM",26,16
"3787",3849,2412,457,"NS",26,16
"3788",3850,2412,868,"NS",26,16
"3789",3851,2412,1387,"OFL",26,16
"3790",3852,2413,840,"BrF",26,20
"3791",3853,2413,597,"BrM",26,20
"3792",3854,2413,1408,"NSA",26,20
"3793",3855,281,1345,"BrF",26,22
"3794",3856,281,1164,"BrM",26,22
"3795",3857,2414,1247,"BrF",26,23
"3796",3858,2414,1020,"BrM",26,23
"3797",3859,282,1059,"BrF",26,24
"3798",3860,2464,1028,"BrM",26,155
"3799",3861,2422,511,"BrF",26,49
"3800",3862,282,1167,"BrM",26,24
"3801",3863,283,1410,"ABX",26,25
"3802",3864,283,502,"BrF",26,25
"3803",3865,283,215,"BrM",26,25
"3804",3866,283,1224,"NS",26,25
"3805",3867,284,924,"BrF",26,26
"3806",3868,284,220,"BrM",26,26
"3807",3870,285,1346,"BrF",26,27
"3808",3871,285,1039,"BrM",26,27
"3809",3872,285,1235,"NS",26,27
"3810",3873,286,169,"BrF",26,28
"3811",3874,286,890,"BrM",26,28
"3812",3875,286,1406,"NS",26,28
"3813",3876,287,1246,"BrF",26,30
"3814",3877,287,507,"BrM",26,30
"3815",3878,287,1221,"ABX",26,30
"3816",3879,287,1384,"OFL",26,30
"3817",3880,2415,1286,"ABX",26,32
"3818",3881,2415,825,"BrF",26,32
"3819",3882,2415,1417,"NS",26,32
"3820",3883,2416,503,"BrF",26,33
"3821",3884,2416,470,"BrM",26,33
"3822",3885,2416,1214,"ABX",26,33
"3823",3886,2417,444,"BrF",26,35
"3824",3887,2417,1166,"BrM",26,35
"3825",3888,2417,1359,"ABX",26,35
"3826",3889,288,1218,"BrF",26,37
"3827",3890,288,886,"BrM",26,37
"3828",3891,289,441,"BrF",26,38
"3829",3892,289,1165,"BrM",26,38
"3830",3893,289,1415,"OFL",26,38
"3831",3894,290,1347,"BrF",26,40
"3832",3895,290,494,"BrM",26,40
"3833",3896,2418,199,"BrF",26,42
"3834",3897,2418,609,"BrM",26,42
"3835",3898,2418,442,"NSA",26,42
"3836",3899,2486,825,"BrF",27,32
"3837",3900,2418,1362,"NSA",26,42
"3838",3901,2419,3134,"BrF",26,43
"3839",3902,2419,1029,"BrM",26,43
"3840",3903,2420,794,"NS",26,44
"3841",3904,291,1404,"H",26,45
"3842",3905,291,221,"BrM",26,45
"3843",3906,291,1371,"NSA",26,45
"3844",3908,292,1383,"ABX",26,47
"3845",3909,292,921,"BrM",26,47
"3846",3910,292,1385,"SEEN2",26,47
"3847",3911,2421,1213,"ABX",26,48
"3848",3912,2421,826,"BrF",26,48
"3849",3913,2421,1212,"BrM",26,48
"3850",3914,2422,1386,"ABX",26,49
"3851",3915,2422,1274,"BrM",26,49
"3852",3916,2422,1388,"NSA",26,49
"3853",3917,2423,51,"BrM",26,51
"3854",3918,2424,449,"BrF",26,52
"3855",3919,293,1368,"ABX",26,53
"3856",3920,293,932,"H",26,53
"3857",3921,293,308,"BrF",26,53
"3858",3922,293,216,"BrM",26,53
"3859",3923,293,1390,"NSA",26,53
"3860",3924,293,1389,"NS",26,53
"3861",3925,2425,447,"BrF",26,54
"3862",3926,2425,1203,"BrM",26,54
"3863",3927,2425,1414,"NS",26,54
"3864",3928,2426,459,"BrF",26,55
"3865",3929,2426,1290,"BrM",26,55
"3866",3930,2426,462,"NS",26,55
"3867",3931,339,1161,"BrF",27,99
"3868",3932,2526,915,"BrF",27,135
"3869",3933,347,677,"BrF",27,141
"3870",3934,2423,466,"BrF",26,51
"3871",3935,2423,828,"NS",26,51
"3872",3936,2427,557,"BrM",26,57
"3873",3937,2428,163,"NS",26,59
"3874",3938,2429,1369,"BrF",26,60
"3875",3939,2429,1032,"BrM",26,60
"3876",3940,2429,1026,"NS",26,60
"3877",3941,2429,1411,"NS",26,60
"3878",3942,2430,78,"BrF",26,61
"3879",3943,2431,469,"BrF",26,62
"3880",3944,2431,607,"BrM",26,62
"3881",3945,2431,1364,"OFL",26,62
"3882",3946,2432,1042,"BrF",26,63
"3883",3947,2432,176,"BrM",26,63
"3884",3948,2433,848,"BrF",26,64
"3885",3949,2433,1370,"BrM",26,64
"3886",3951,2434,869,"BrF",26,65
"3887",3952,2434,453,"BrM",26,65
"3888",3953,2434,1361,"OFL",26,65
"3889",3954,294,561,"BrF",26,67
"3890",3955,294,467,"BrM",26,67
"3891",3956,294,1431,"FL",26,67
"3892",3957,2435,1200,"BrF",26,68
"3893",3958,2435,1156,"BrM",26,68
"3894",3959,2436,1193,"BrF",26,69
"3895",3960,2436,1178,"BrM",26,69
"3896",3961,2437,1244,"BrF",26,71
"3897",3962,2437,1188,"BrM",26,71
"3898",3963,2438,1186,"BrF",26,72
"3899",3964,2438,1184,"BrM",26,72
"3900",3965,2438,1402,"OFL",26,72
"3901",3966,2439,880,"BrF",26,73
"3902",3967,2439,436,"BrM",26,73
"3903",3968,295,835,"BrF",26,74
"3904",3969,295,1031,"BrM",26,74
"3905",3970,296,1215,"ABX",26,76
"3906",3971,296,628,"BrF",26,76
"3907",3972,296,1037,"BrM",26,76
"3908",3973,296,1365,"NS",26,76
"3909",3974,297,1158,"H",26,77
"3910",3975,297,1019,"BrF",26,77
"3911",3976,297,1159,"BrM",26,77
"3912",3977,297,1358,"ABX",26,77
"3913",3978,297,1227,"NSA",26,77
"3914",3979,297,1367,"OFL",26,77
"3915",3980,2440,1355,"BrF",26,79
"3916",3981,2440,1357,"BrM",26,79
"3917",3982,298,1173,"BrF",26,80
"3918",3983,298,1041,"BrM",26,80
"3919",3984,2441,3346,"ABX",26,81
"3920",3985,2441,853,"BrF",26,81
"3921",3986,2441,865,"BrM",26,81
"3922",3987,2442,1130,"BrF",26,82
"3923",3988,2442,1356,"BrM",26,82
"3924",3989,2443,832,"BrF",26,83
"3925",3990,2443,523,"BrM",26,83
"3926",3991,2443,1394,"ABX",26,83
"3927",3992,2444,450,"BrF",26,84
"3928",3993,2444,629,"BrM",26,84
"3929",3994,2445,522,"BrF",26,86
"3930",3995,2445,1360,"BrM",26,86
"3931",3996,2446,858,"BrF",26,87
"3932",3997,2446,1279,"BrM",26,87
"3933",3998,299,951,"BrF",26,88
"3934",3999,299,1196,"BrM",26,88
"3935",4000,2447,168,"BrF",26,89
"3936",4001,2447,1045,"BrM",26,89
"3937",4002,2447,1262,"ABX",26,89
"3938",4003,300,862,"BrF",26,90
"3939",4004,300,632,"BrM",26,90
"3940",4005,2448,858,"BrF",26,92
"3941",4006,2448,1063,"BrM",26,92
"3942",4007,301,1195,"BrF",26,94
"3943",4008,301,1243,"BrM",26,94
"3944",4009,2449,1170,"BrF",26,95
"3945",4010,2449,917,"BrM",26,95
"3946",4011,2450,1231,"NS",26,98
"3947",4012,302,1161,"BrF",26,99
"3948",4013,302,525,"BrM",26,99
"3949",4015,2451,472,"BrF",26,100
"3950",4016,2451,1062,"BrM",26,100
"3951",4017,2451,1215,"SEEN1",26,100
"3952",4018,2451,1430,"SEEN1",26,100
"3953",4019,303,1403,"BrF",26,101
"3954",4020,303,849,"BrM",26,101
"3955",4021,303,1413,"NS",26,101
"3956",4022,2452,670,"BrF",26,105
"3957",4023,2452,1381,"BrM",26,105
"3958",4024,2452,1211,"NS",26,105
"3959",4025,304,1022,"BrF",26,108
"3960",4026,304,1199,"BrM",26,108
"3961",4027,305,914,"BrF",26,109
"3962",4028,305,1040,"BrM",26,109
"3963",4029,2453,1017,"BrF",26,110
"3964",4030,2453,1018,"BrM",26,110
"3965",4031,2453,1409,"NSA",26,110
"3966",4033,306,1160,"BrF",26,112
"3967",4034,306,1047,"BrM",26,112
"3968",4035,306,3345,"OFL",26,112
"3969",4036,2454,297,"BrF",26,115
"3970",4037,2454,1862,"BrM",26,115
"3971",4038,2454,1179,"ABX",26,115
"3972",4039,2454,1268,"ABX",26,115
"3973",4040,2454,1396,"OFL",26,115
"3974",4041,307,1049,"BrF",26,116
"3975",4042,307,776,"BrM",26,116
"3976",4043,308,774,"BrF",26,117
"3977",4044,308,1198,"BrM",26,117
"3978",4045,308,1397,"NS",26,117
"3979",4046,2507,1367,"ABX",27,77
"3980",4047,2455,1205,"ABX",26,118
"3981",4048,2455,1190,"BrF",26,118
"3982",4049,2456,1380,"BrF",26,123
"3983",4050,2456,602,"BrM",26,123
"3984",4051,309,1401,"ABX",26,125
"3985",4052,309,638,"BrF",26,125
"3986",4053,309,1185,"BrM",26,125
"3987",4054,309,1400,"NS",26,125
"3988",4055,2457,476,"ABX",26,126
"3989",4056,2457,919,"BrF",26,126
"3990",4057,2457,510,"BrM",26,126
"3991",4058,2458,1024,"BrF",26,127
"3992",4059,310,915,"BrF",26,135
"3993",4060,310,847,"BrM",26,135
"3994",4061,2460,845,"BrF",26,137
"3995",4062,2460,674,"BrM",26,137
"3996",4063,2460,1398,"NS",26,137
"3997",4064,2461,1382,"BrF",26,138
"3998",4065,2461,847,"BrM",26,138
"3999",4066,311,1172,"BrF",26,139
"4000",4067,311,1171,"BrM",26,139
"4001",4068,312,677,"BrF",26,141
"4002",4069,312,1168,"BrM",26,141
"4003",4070,312,938,"NSA",26,141
"4004",4071,2462,1275,"BrF",26,144
"4005",4072,2462,3344,"BrM",26,144
"4006",4073,2463,1304,"BrF",26,147
"4007",4074,2463,668,"BrM",26,147
"4008",4076,2507,1158,"BrF",27,77
"4009",4077,2527,845,"BrF",27,137
"4010",4078,325,921,"BrM",27,47
"4011",4079,2529,1172,"BrF",27,139
"4012",4080,2464,639,"BrF",26,155
"4013",4081,2529,1171,"BrM",27,139
"4014",4082,2470,1271,"BrF",26,168
"4015",4083,2465,1151,"BrM",26,157
"4016",4084,313,542,"BrF",26,159
"4017",4085,313,544,"BrM",26,159
"4018",4086,2466,563,"BrF",26,160
"4019",4087,2467,509,"BrM",26,164
"4020",4088,2468,1043,"BrF",26,165
"4021",4089,2468,1306,"BrM",26,165
"4022",4090,2468,1276,"NSA",26,165
"4023",4091,2469,1177,"BrF",26,166
"4024",4092,2469,1395,"BrM",26,166
"4025",4093,2469,1305,"NSA",26,166
"4026",4094,2470,1272,"ABX",26,168
"4027",4095,2470,1270,"NS",26,168
"4028",4097,2470,1416,"SEEN1",26,168
"4029",4098,2471,1155,"BrF",26,169
"4030",4099,2471,1154,"BrM",26,169
"4031",4100,314,524,"BrF",26,171
"4032",4101,314,634,"BrM",26,171
"4033",4102,314,1234,"ABX",26,171
"4034",4103,2472,601,"BrF",26,173
"4035",4104,2472,506,"BrM",26,173
"4036",4105,7028,1412,"FLOAT",26,-3
"4037",4106,315,1366,"ABX",27,1
"4038",4107,315,912,"BrF",27,1
"4039",4108,315,922,"BrM",27,1
"4040",4109,315,1419,"FL",27,1
"4041",4110,315,1418,"FL",27,1
"4042",4111,316,1222,"ABX",27,2
"4043",4112,316,927,"BrF",27,2
"4044",4113,316,501,"BrM",27,2
"4045",4114,344,1190,"BrF",27,118
"4046",4115,2474,1392,"BrF",27,4
"4047",4116,2470,605,"BrM",26,168
"4048",4117,2474,911,"BrM",27,4
"4049",4118,2523,1380,"BrF",27,123
"4050",4119,316,1433,"FL",27,2
"4051",4120,317,925,"BrF",27,3
"4052",4121,317,1287,"BrM",27,3
"4053",4122,317,3342,"FL",27,3
"4054",4123,2475,1432,"ABX",27,5
"4055",4124,2475,504,"BrF",27,5
"4056",4125,2475,1187,"BrM",27,5
"4057",4126,318,1348,"ABX",27,8
"4058",4127,318,596,"BrF",27,8
"4059",4128,318,497,"BrM",27,8
"4060",4129,318,3335,"FL",27,8
"4061",4130,319,595,"BrF",27,9
"4062",4131,319,495,"BrM",27,9
"4063",4132,319,3331,"FL",27,9
"4064",4133,320,833,"BrF",27,12
"4065",4134,320,200,"BrM",27,12
"4066",4135,2476,823,"BrF",27,13
"4067",4136,2476,1268,"SEEN1",27,13
"4068",4137,2477,1349,"ABX",27,14
"4069",4138,2477,930,"ABX",27,14
"4070",4139,2477,499,"BrM",27,14
"4071",4141,2478,859,"BrF",27,15
"4072",4142,2478,929,"BrM",27,15
"4073",4143,7021,1405,"FLOAT",27,-3
"4074",4144,2478,1396,"SEEN1",27,15
"4075",4145,2479,1209,"BrM",27,16
"4076",4147,2479,1409,"SEEN1",27,16
"4077",4148,321,840,"BrF",27,20
"4078",4149,321,597,"BrM",27,20
"4079",4150,321,3343,"FL",27,20
"4080",4151,322,1345,"BrF",27,22
"4081",4152,322,1164,"BrM",27,22
"4082",4153,2522,329,"NSA",27,115
"4083",4154,2507,1227,"ABX",27,77
"4084",4155,2409,562,"BrM",26,13
"4085",4157,322,1421,"FL",27,22
"4086",4158,2480,1247,"BrF",27,23
"4087",4159,2480,1020,"BrM",27,23
"4088",4160,2481,1059,"BrF",27,24
"4089",4161,2481,1167,"BrM",27,24
"4090",4162,323,1410,"ABX",27,25
"4091",4163,323,215,"BrM",27,25
"4092",4165,2482,924,"BrF",27,26
"4093",4166,2482,220,"BrM",27,26
"4094",4168,2483,1346,"BrF",27,27
"4095",4169,2483,1039,"BrM",27,27
"4096",4170,2483,3341,"FL",27,27
"4097",4171,2484,169,"BrF",27,28
"4098",4172,2484,890,"BrM",27,28
"4099",4173,2485,1384,"ABX",27,30
"4100",4174,2485,1246,"BrF",27,30
"4101",4175,2485,507,"BrM",27,30
"4102",4176,2485,1221,"ABX",27,30
"4103",4177,2486,1286,"ABX",27,32
"4104",4178,2487,503,"BrF",27,33
"4105",4179,2487,470,"BrM",27,33
"4106",4180,2488,444,"BrF",27,35
"4107",4181,2488,1166,"BrM",27,35
"4108",4182,2488,1359,"NSA",27,35
"4109",4183,2489,1218,"BrF",27,37
"4110",4184,2489,886,"BrM",27,37
"4111",4185,2490,1415,"ABX",27,38
"4112",4186,2490,441,"BrF",27,38
"4113",4187,2490,1165,"BrM",27,38
"4114",4188,2490,3340,"FL",27,38
"4115",4189,324,494,"BrM",27,40
"4116",4190,2477,458,"BrF",27,14
"4117",4191,2466,1153,"BrM",26,160
"4118",4192,2520,1018,"BrM",27,110
"4119",4193,324,1420,"FL",27,40
"4120",4194,324,1222,"SEEN1",27,40
"4121",4195,2491,1152,"ABX",27,42
"4122",4196,2491,1362,"ABX",27,42
"4123",4197,2491,442,"ABX",27,42
"4124",4198,2491,199,"BrF",27,42
"4125",4199,2491,609,"BrM",27,42
"4126",4200,2491,542,"SEEN1",27,42
"4127",4201,2492,1029,"BrM",27,43
"4128",4202,2493,221,"BrM",27,45
"4129",4203,2493,1371,"ABX",27,45
"4130",4204,2493,1390,"SEEN1",27,45
"4131",4205,325,604,"BrF",27,47
"4132",4206,325,3339,"FL",27,47
"4133",4207,326,826,"BrF",27,48
"4134",4208,326,3338,"FL",27,48
"4135",4209,326,1213,"ABX",27,48
"4136",4210,2494,1388,"ABX",27,49
"4137",4211,2494,1386,"BrF",27,49
"4138",4212,2494,1274,"BrM",27,49
"4139",4213,2496,449,"BrF",27,52
"4140",4214,2496,1405,"SEEN1",27,52
"4141",4215,327,1368,"ABX",27,53
"4142",4216,327,1390,"ABX",27,53
"4143",4217,327,932,"ABX",27,53
"4144",4218,327,308,"BrF",27,53
"4145",4219,327,216,"BrM",27,53
"4146",4220,2507,1159,"BrM",27,77
"4147",4221,2507,1019,"NS",27,77
"4148",4222,2467,627,"BrF",26,164
"4149",4223,2520,1017,"BrF",27,110
"4150",4224,2465,666,"BrF",26,157
"4151",4225,2409,867,"NS",26,13
"4152",4226,2493,1404,"NSA",27,45
"4153",4228,327,3337,"FL",27,53
"4154",4229,327,3336,"FL",27,53
"4155",4230,328,447,"BrF",27,54
"4156",4231,328,1203,"BrM",27,54
"4157",4232,328,1423,"FL",27,54
"4158",4233,2497,459,"BrF",27,55
"4159",4234,2497,1290,"BrM",27,55
"4160",4235,2498,949,"BrF",27,57
"4161",4236,2498,557,"BrM",27,57
"4162",4237,2499,1369,"BrF",27,60
"4163",4238,2499,1032,"BrM",27,60
"4164",4239,2500,78,"BrF",27,61
"4165",4240,2500,607,"BrM",27,61
"4166",4241,329,469,"BrF",27,62
"4167",4242,329,607,"BrM",27,62
"4168",4243,330,1042,"BrF",27,63
"4169",4244,330,176,"BrM",27,63
"4170",4245,2501,1361,"ABX",27,65
"4171",4246,2501,869,"BrF",27,65
"4172",4247,2501,453,"BrM",27,65
"4173",4248,2502,561,"BrF",27,67
"4174",4249,2502,467,"BrM",27,67
"4175",4250,2502,1431,"OFL",27,67
"4176",4251,2502,1305,"SEEN1",27,67
"4177",4252,2502,1364,"SEEN1",27,67
"4178",4253,2503,1200,"BrF",27,68
"4179",4254,2503,1156,"BrM",27,68
"4180",4255,331,1193,"BrF",27,69
"4181",4256,331,1178,"BrM",27,69
"4182",4257,2504,1244,"BrF",27,71
"4183",4258,2504,1188,"BrM",27,71
"4184",4259,2505,1184,"BrM",27,72
"4185",4260,332,1410,"BrF",27,73
"4186",4261,332,436,"BrM",27,73
"4187",4262,332,1434,"FL",27,73
"4188",4263,2454,329,"NSA",26,115
"4189",4264,333,835,"BrF",27,74
"4190",4265,333,1031,"BrM",27,74
"4191",4266,333,3334,"FL",27,74
"4192",4267,2506,628,"BrF",27,76
"4193",4268,2506,1037,"BrM",27,76
"4194",4269,2517,1215,"NSA",27,100
"4195",4270,2507,1358,"SEEN1",27,77
"4196",4271,2508,1355,"BrF",27,79
"4197",4272,2508,1357,"BrM",27,79
"4198",4273,2509,1173,"BrF",27,80
"4199",4274,2509,1358,"SEEN1",27,80
"4200",4275,2510,3333,"ABX",27,81
"4201",4276,2510,853,"BrF",27,81
"4202",4277,2510,865,"BrM",27,81
"4203",4278,2511,1130,"BrF",27,82
"4204",4279,2511,1356,"BrM",27,82
"4205",4280,2512,1394,"ABX",27,83
"4206",4281,2512,832,"BrF",27,83
"4207",4282,2512,523,"BrM",27,83
"4208",4283,334,450,"BrF",27,84
"4209",4284,334,629,"BrM",27,84
"4210",4285,334,3332,"FL",27,84
"4211",4286,335,522,"BrF",27,86
"4212",4287,335,1360,"BrM",27,86
"4213",4288,335,1426,"FL",27,86
"4214",4289,2513,1279,"BrM",27,87
"4215",4290,2514,951,"BrF",27,88
"4216",4291,2514,1196,"BrM",27,88
"4217",4292,336,168,"BrF",27,89
"4218",4293,336,1045,"BrM",27,89
"4219",4294,336,3330,"FL",27,89
"4220",4295,337,862,"BrF",27,90
"4221",4296,7021,1412,"FLOAT",27,-3
"4222",4297,292,604,"BrF",26,47
"4223",4298,399,1019,"NS",28,77
"4224",4299,2536,1177,"BrF",27,166
"4225",4300,337,632,"BrM",27,90
"4226",4301,337,1427,"FL",27,90
"4227",4302,2515,858,"BrF",27,92
"4228",4303,2515,1063,"BrM",27,92
"4229",4304,2516,1195,"BrF",27,94
"4230",4305,2516,1243,"BrM",27,94
"4231",4306,2516,3329,"FL",27,94
"4232",4307,338,1170,"BrF",27,95
"4233",4308,338,917,"BrM",27,95
"4234",4309,338,1424,"FL",27,95
"4235",4310,339,525,"BrM",27,99
"4236",4312,2517,472,"BrF",27,100
"4237",4313,2517,1062,"BrM",27,100
"4238",4314,340,1403,"BrF",27,101
"4239",4315,340,849,"BrM",27,101
"4240",4316,340,1425,"FL",27,101
"4241",4317,2518,670,"BrF",27,105
"4242",4318,2518,1381,"BrM",27,105
"4243",4319,341,1022,"BrF",27,108
"4244",4320,341,1199,"BrM",27,108
"4245",4321,341,3328,"FL",27,108
"4246",4322,2519,914,"BrF",27,109
"4247",4323,2519,1040,"BrM",27,109
"4248",4325,2521,1160,"BrF",27,112
"4249",4326,2521,1047,"BrM",27,112
"4250",4328,2522,1179,"ABX",27,115
"4251",4329,2522,1396,"ABX",27,115
"4252",4330,2522,297,"BrF",27,115
"4253",4331,2522,1862,"BrM",27,115
"4254",4332,342,1049,"BrF",27,116
"4255",4333,2427,949,"BrF",26,57
"4256",4334,321,1408,"ABX",27,20
"4257",4335,2533,1151,"BrM",27,157
"4258",4336,2459,509,"BrM",26,130
"4259",4337,342,776,"BrM",27,116
"4260",4338,342,1422,"FL",27,116
"4261",4339,343,774,"BrF",27,117
"4262",4340,343,1198,"BrM",27,117
"4263",4341,343,1387,"SEEN1",27,117
"4264",4342,343,1424,"FL",27,117
"4265",4343,344,1205,"ABX",27,118
"4266",4344,344,1191,"BrM",27,118
"4267",4345,344,3327,"FL",27,118
"4268",4346,2523,602,"BrM",27,123
"4269",4347,345,1401,"NSA",27,125
"4270",4348,345,638,"BrF",27,125
"4271",4349,345,1185,"BrM",27,125
"4272",4350,345,3326,"FL",27,125
"4273",4351,2524,919,"BrF",27,126
"4274",4352,2524,510,"BrM",27,126
"4275",4353,2524,640,"SEEN1",27,126
"4276",4354,346,1024,"BrF",27,127
"4277",4355,346,676,"BrM",27,127
"4278",4356,346,3325,"FL",27,127
"4279",4357,2525,627,"ABX",27,130
"4280",4358,2525,663,"BrF",27,130
"4281",4359,2525,509,"BrM",27,130
"4282",4360,2526,1429,"OFL",27,135
"4283",4361,2528,1382,"BrF",27,138
"4284",4362,2528,847,"BrM",27,138
"4285",4363,347,938,"ABX",27,141
"4286",4364,347,1168,"BrM",27,141
"4287",4365,2530,1275,"BrF",27,144
"4288",4366,2458,676,"BrM",26,127
"4289",4368,2533,666,"BrF",27,157
"4290",4369,2495,51,"BrM",27,51
"4291",4370,323,502,"BrF",27,25
"4292",4371,326,1212,"BrM",27,48
"4293",4372,2459,663,"BrF",26,130
"4294",4373,2530,3324,"BrM",27,144
"4295",4374,2531,1304,"BrF",27,147
"4296",4375,2531,668,"BrM",27,147
"4297",4376,2532,639,"BrF",27,155
"4298",4377,2532,1028,"BrM",27,155
"4299",4378,2532,1387,"SEEN1",27,155
"4300",4380,348,544,"BrM",27,159
"4301",4382,2534,563,"BrF",27,160
"4302",4383,2535,1043,"BrF",27,165
"4303",4384,2535,1306,"BrM",27,165
"4304",4385,2535,1276,"NSA",27,165
"4305",4386,2536,1395,"BrM",27,166
"4306",4387,2537,1272,"ABX",27,168
"4307",4388,2537,1271,"BrF",27,168
"4308",4389,2537,1416,"SEEN1",27,168
"4309",4390,2538,1155,"BrF",27,169
"4310",4391,2538,1154,"BrM",27,169
"4311",4393,2539,524,"BrF",27,171
"4312",4394,2539,634,"BrM",27,171
"4313",4395,2539,1234,"H",27,171
"4314",4396,2539,1428,"OFL",27,171
"4315",4397,2540,601,"BrF",27,173
"4316",4398,2540,506,"BrM",27,173
"4317",4399,349,912,"BrF",28,1
"4318",4400,349,922,"BrM",28,1
"4319",4403,349,1520,"XF",28,1
"4320",4404,325,1383,"NSA",27,47
"4321",4405,2493,454,"BrF",27,45
"4322",4406,2455,1191,"BrM",26,118
"4323",4407,2487,1214,"ABX",27,33
"4324",4408,349,1366,"AB",28,1
"4325",4409,349,1419,"OFL",28,1
"4326",4410,349,1418,"OFL",28,1
"4327",4411,350,927,"BrF",28,2
"4328",4412,350,501,"BrM",28,2
"4329",4413,350,1433,"OFL",28,2
"4330",4414,351,925,"BrF",28,3
"4331",4415,351,1287,"BrM",28,3
"4332",4416,351,1509,"OFL",28,3
"4333",4417,352,1392,"BrF",28,4
"4334",4418,352,911,"BrM",28,4
"4335",4419,353,504,"BrF",28,5
"4336",4420,353,1187,"BrM",28,5
"4337",4421,353,1525,"FL",28,5
"4338",4422,353,1526,"FL",28,5
"4339",4423,353,1432,"H",28,5
"4340",4424,353,3311,"OFL",28,5
"4341",4425,2542,1348,"BrM",28,7
"4342",4426,354,596,"BrF",28,8
"4343",4427,354,497,"BrM",28,8
"4344",4428,354,3296,"OFL",28,8
"4345",4429,355,595,"BrF",28,9
"4346",4430,355,495,"BrM",28,9
"4347",4431,355,3290,"OFL",28,9
"4348",4432,356,833,"BrF",28,12
"4349",4433,356,200,"BrM",28,12
"4350",4435,356,1521,"XF",28,12
"4351",4436,357,823,"BrF",28,13
"4352",4437,357,1268,"BrM",28,13
"4353",4439,358,1349,"ABX",28,14
"4354",4440,358,458,"BrF",28,14
"4355",4441,358,499,"BrM",28,14
"4356",4442,358,3281,"FL",28,14
"4357",4443,359,859,"TBRF",28,15
"4358",4444,359,3134,"BrF",28,15
"4359",4445,359,929,"BrM",28,15
"4360",4446,359,3323,"OFL",28,15
"4361",4447,360,1409,"BrF",28,16
"4362",4448,360,1209,"BrM",28,16
"4363",4449,361,930,"BrF",28,17
"4364",4450,361,1485,"BrM",28,17
"4365",4451,362,1408,"ABX",28,20
"4366",4452,362,840,"BrF",28,20
"4367",4453,362,597,"BrM",28,20
"4368",4455,362,1499,"XF",28,20
"4369",4456,362,1511,"H",28,20
"4370",4457,363,1345,"BrF",28,22
"4371",4458,363,1164,"BrM",28,22
"4372",4459,363,1421,"H",28,22
"4373",4460,364,1247,"BrF",28,23
"4374",4461,364,1020,"BrM",28,23
"4375",4462,364,1510,"FL",28,23
"4376",4463,365,1059,"BrF",28,24
"4377",4464,365,1167,"BrM",28,24
"4378",4465,365,1514,"FL",28,24
"4379",4466,366,3317,"ABX",28,25
"4380",4467,366,502,"BrF",28,25
"4381",4468,366,215,"BrM",28,25
"4382",4469,367,3316,"ABX",28,26
"4383",4470,367,924,"BrF",28,26
"4384",4471,367,220,"BrM",28,26
"4385",4473,367,1493,"XF",28,26
"4386",4474,368,1346,"BrF",28,27
"4387",4475,368,1039,"BrM",28,27
"4388",4476,368,1530,"XF",28,27
"4389",4477,369,169,"BrF",28,28
"4390",4478,369,890,"BrM",28,28
"4391",4479,369,1496,"XF",28,28
"4392",4480,370,1384,"AB",28,30
"4393",4481,370,1246,"BrF",28,30
"4394",4482,370,507,"BrM",28,30
"4395",4484,370,1491,"XF",28,30
"4396",4485,370,1221,"H",28,30
"4397",4486,371,825,"BrF",28,32
"4398",4487,371,1286,"BrM",28,32
"4399",4488,371,1537,"FL",28,32
"4400",4489,372,503,"BrF",28,33
"4401",4490,372,1214,"BrM",28,33
"4402",4491,372,3315,"FL",28,33
"4403",4492,372,3314,"OFL",28,33
"4404",4493,2543,444,"BrF",28,35
"4405",4494,2543,1166,"BrM",28,35
"4406",4495,2543,1515,"OFL",28,35
"4407",4496,373,1218,"BrF",28,37
"4408",4497,373,886,"BrM",28,37
"4409",4499,374,441,"BrF",28,38
"4410",4500,374,1165,"BrM",28,38
"4411",4501,374,3313,"FL",28,38
"4412",4502,374,1415,"H",28,38
"4413",4503,374,3312,"OFL",28,38
"4414",4504,375,1222,"BrF",28,40
"4415",4505,375,494,"BrM",28,40
"4416",4506,376,1500,"ABX",28,42
"4417",4507,376,3310,"ABX",28,42
"4418",4508,376,442,"ABX",28,42
"4419",4509,376,199,"BrF",28,42
"4420",4510,376,609,"BrM",28,42
"4421",4511,376,3309,"FL",28,42
"4422",4512,376,1152,"H",28,42
"4423",4513,376,1362,"SEEN1",28,42
"4424",4514,377,1385,"BrF",28,43
"4425",4515,377,1029,"BrM",28,43
"4426",4516,378,1404,"ABX",28,45
"4427",4517,378,454,"BrF",28,45
"4428",4518,378,221,"BrM",28,45
"4429",4519,378,1504,"FL",28,45
"4430",4520,378,1371,"ABX",28,45
"4431",4521,379,1383,"H",28,47
"4432",4522,379,604,"BrF",28,47
"4433",4523,379,921,"BrM",28,47
"4434",4524,379,3308,"FL",28,47
"4435",4525,379,3307,"OFL",28,47
"4436",4526,380,826,"BrF",28,48
"4437",4527,380,1212,"BrM",28,48
"4438",4528,380,1502,"XF",28,48
"4439",4529,380,1213,"H",28,48
"4440",4530,380,1501,"H",28,48
"4441",4531,381,1388,"ABX",28,49
"4442",4532,381,1386,"BrF",28,49
"4443",4533,381,1274,"BrM",28,49
"4444",4534,381,3306,"FL",28,49
"4445",4535,382,466,"BrF",28,51
"4446",4536,382,51,"BrM",28,51
"4447",4537,382,3305,"FL",28,51
"4448",4538,383,1370,"ABX",28,52
"4449",4539,383,449,"BrF",28,52
"4450",4540,383,1384,"H",28,52
"4451",4541,383,1215,"BrM",28,52
"4452",4542,384,1390,"ABX",28,53
"4453",4543,384,932,"H",28,53
"4454",4544,384,308,"BrF",28,53
"4455",4545,384,216,"BrM",28,53
"4456",4546,384,3304,"FL",28,53
"4457",4547,384,1439,"OFL",28,53
"4458",4548,384,3303,"OFL",28,53
"4459",4549,385,447,"BrF",28,54
"4460",4550,385,1203,"BrM",28,54
"4461",4552,385,1441,"XF",28,54
"4462",4553,386,459,"BrF",28,55
"4463",4554,386,1290,"BrM",28,55
"4464",4555,386,3302,"FL",28,55
"4465",4557,387,949,"BrF",28,57
"4466",4558,387,557,"BrM",28,57
"4467",4559,387,1505,"XF",28,57
"4468",4560,387,1523,"OFL",28,57
"4469",4561,388,1369,"BrF",28,60
"4470",4562,388,1032,"BrM",28,60
"4471",4563,388,3301,"FL",28,60
"4472",4564,389,78,"BrF",28,61
"4473",4565,389,607,"BrM",28,61
"4474",4566,390,1364,"ABX",28,62
"4475",4567,390,469,"BrF",28,62
"4476",4568,390,607,"BrM",28,62
"4477",4569,390,3300,"FL",28,62
"4478",4570,391,1042,"BrF",28,63
"4479",4571,391,176,"BrM",28,63
"4480",4572,391,1498,"XF",28,63
"4481",4573,391,3299,"H",28,63
"4482",4574,2544,1361,"ABX",28,65
"4483",4575,2544,869,"BrF",28,65
"4484",4576,2544,453,"BrM",28,65
"4485",4577,2544,3298,"OFL",28,65
"4486",4578,392,1305,"BrF",28,67
"4487",4579,392,467,"BrM",28,67
"4488",4580,392,1431,"ABX",28,67
"4489",4581,393,1200,"BrF",28,68
"4490",4582,393,1156,"BrM",28,68
"4491",4583,393,1495,"FL",28,68
"4492",4584,393,1506,"FL",28,68
"4493",4585,2545,1193,"BrF",28,69
"4494",4586,2545,1178,"BrM",28,69
"4495",4587,2545,3297,"OFL",28,69
"4496",4588,394,1244,"BrF",28,71
"4497",4589,394,1188,"BrM",28,71
"4498",4590,394,1513,"FL",28,71
"4499",4591,395,1186,"BrF",28,72
"4500",4592,395,1184,"BrM",28,72
"4501",4593,395,3295,"FL",28,72
"4502",4594,395,1503,"ABX",28,72
"4503",4595,396,1410,"BrF",28,73
"4504",4596,396,436,"BrM",28,73
"4505",4597,396,1531,"XF",28,73
"4506",4598,396,1434,"OFL",28,73
"4507",4599,397,835,"BrF",28,74
"4508",4600,397,1031,"BrM",28,74
"4509",4601,397,1494,"XF",28,74
"4510",4602,398,1358,"ABX",28,76
"4511",4603,398,628,"BrF",28,76
"4512",4604,398,1037,"BrM",28,76
"4513",4605,398,1440,"XF",28,76
"4514",4606,399,1367,"ABX",28,77
"4515",4607,399,1158,"BrF",28,77
"4516",4608,399,1159,"BrM",28,77
"4517",4609,2546,1227,"BrF",28,78
"4518",4610,2546,1358,"SEEN2",28,78
"4519",4611,2546,1490,"ABX",28,78
"4520",4612,400,1355,"BrF",28,79
"4521",4613,400,1357,"BrM",28,79
"4522",4614,2547,1173,"BrF",28,80
"4523",4615,2547,1534,"BrM",28,80
"4524",4616,401,3294,"ABX",28,81
"4525",4617,401,853,"BrF",28,81
"4526",4618,401,865,"BrM",28,81
"4527",4619,401,1435,"FL",28,81
"4528",4620,402,1130,"BrF",28,82
"4529",4621,402,1356,"BrM",28,82
"4530",4622,403,1394,"ABX",28,83
"4531",4623,403,832,"BrF",28,83
"4532",4624,403,523,"BrM",28,83
"4533",4625,404,450,"BrF",28,84
"4534",4626,404,629,"BrM",28,84
"4535",4627,404,3293,"OFL",28,84
"4536",4628,405,522,"BrF",28,86
"4537",4629,405,1360,"BrM",28,86
"4538",4632,405,3292,"FL",28,86
"4539",4633,2495,466,"BrF",27,51
"4540",4634,405,3291,"FL",28,86
"4541",4635,405,1426,"SEEN2",28,86
"4542",4636,406,1437,"BrF",28,87
"4543",4637,406,1279,"BrM",28,87
"4544",4638,406,1516,"FL",28,87
"4545",4639,407,951,"BrF",28,88
"4546",4640,407,1196,"BrM",28,88
"4547",4641,407,1512,"FL",28,88
"4548",4642,408,168,"BrF",28,89
"4549",4643,408,1045,"BrM",28,89
"4550",4644,408,1535,"FL",28,89
"4551",4645,408,1508,"OFL",28,89
"4552",4646,409,862,"BrF",28,90
"4553",4647,409,632,"BrM",28,90
"4554",4648,409,1427,"OFL",28,90
"4555",4649,2548,858,"BrF",28,92
"4556",4650,2548,1063,"BrM",28,92
"4557",4651,410,1195,"BrF",28,94
"4558",4652,410,1243,"BrM",28,94
"4559",4653,410,3289,"FL",28,94
"4560",4654,411,1170,"BrF",28,95
"4561",4655,411,917,"BrM",28,95
"4562",4656,412,1161,"BrF",28,99
"4563",4657,412,525,"BrM",28,99
"4564",4658,412,3288,"OFL",28,99
"4565",4659,413,472,"BrF",28,100
"4566",4660,413,1062,"BrM",28,100
"4567",4661,414,1403,"BrF",28,101
"4568",4662,414,849,"BrM",28,101
"4569",4663,414,1527,"XF",28,101
"4570",4664,414,1528,"FL",28,101
"4571",4665,414,1425,"H",28,101
"4572",4666,415,670,"BrF",28,105
"4573",4667,415,1381,"BrM",28,105
"4574",4668,416,1022,"BrF",28,108
"4575",4669,416,1199,"BrM",28,108
"4576",4670,416,3287,"OFL",28,108
"4577",4671,417,914,"BrF",28,109
"4578",4672,417,1040,"BrM",28,109
"4579",4673,417,1488,"XF",28,109
"4580",4674,418,1017,"BrF",28,110
"4581",4675,418,1018,"BrM",28,110
"4582",4676,418,1536,"FL",28,110
"4583",4677,419,1160,"BrF",28,112
"4584",4678,419,1047,"BrM",28,112
"4585",4679,420,1396,"ABX",28,115
"4586",4680,420,1179,"ABX",28,115
"4587",4681,420,297,"BrF",28,115
"4588",4682,420,1862,"BrM",28,115
"4589",4683,420,329,"H",28,115
"4590",4684,421,1049,"BrF",28,116
"4591",4685,421,776,"BrM",28,116
"4592",4686,421,1422,"OFL",28,116
"4593",4687,2549,774,"BrF",28,117
"4594",4688,2549,1198,"BrM",28,117
"4595",4689,2550,1205,"ABX",28,118
"4596",4690,2550,1190,"BrF",28,118
"4597",4691,2550,1191,"BrM",28,118
"4598",4693,422,1380,"BrF",28,123
"4599",4694,422,602,"BrM",28,123
"4600",4695,422,3286,"OFL",28,123
"4601",4696,423,1401,"H",28,125
"4602",4697,423,638,"BrF",28,125
"4603",4698,423,1185,"BrM",28,125
"4604",4699,423,1518,"OFL",28,125
"4605",4700,424,919,"BrF",28,126
"4606",4701,424,510,"BrM",28,126
"4607",4702,424,3285,"FL",28,126
"4608",4703,425,1024,"BrF",28,127
"4609",4704,425,676,"BrM",28,127
"4610",4705,425,3284,"FL",28,127
"4611",4706,425,3283,"ABX",28,127
"4612",4707,426,915,"BrF",28,129
"4613",4708,426,1412,"BrM",28,129
"4614",4709,427,627,"ABX",28,130
"4615",4710,427,663,"BrF",28,130
"4616",4711,427,509,"BrM",28,130
"4617",4712,427,3282,"FL",28,130
"4618",4713,428,845,"BrF",28,137
"4619",4714,428,1276,"BrM",28,137
"4620",4715,429,1429,"ABX",28,138
"4621",4716,429,1382,"BrF",28,138
"4622",4717,429,847,"BrM",28,138
"4623",4718,429,3280,"FL",28,138
"4624",4719,430,1172,"BrF",28,139
"4625",4720,430,1171,"BrM",28,139
"4626",4722,431,938,"H",28,141
"4627",4723,431,677,"BrF",28,141
"4628",4724,431,1168,"BrM",28,141
"4629",4726,431,1533,"FL",28,141
"4630",4727,431,1524,"FL",28,141
"4631",4728,431,3279,"OFL",28,141
"4632",4729,432,1275,"BrF",28,144
"4633",4730,432,3278,"BrM",28,144
"4634",4731,433,1304,"BrF",28,147
"4635",4732,433,668,"BrM",28,147
"4636",4733,433,1529,"XF",28,147
"4637",4734,433,1497,"H",28,147
"4638",4736,434,639,"BrF",28,155
"4639",4737,434,1028,"BrM",28,155
"4640",4738,434,3322,"U",28,155
"4641",4739,435,666,"BrF",28,157
"4642",4740,435,1151,"BrM",28,157
"4643",4741,435,1489,"XF",28,157
"4644",4742,435,3321,"OFL",28,157
"4645",4743,436,1517,"BrF",28,159
"4646",4744,436,544,"BrM",28,159
"4647",4745,436,1532,"XF",28,159
"4648",4746,436,1492,"OFL",28,159
"4649",4747,437,563,"BrF",28,160
"4650",4748,437,1430,"BrM",28,160
"4651",4749,438,3320,"ABX",28,165
"4652",4750,438,1043,"BrF",28,165
"4653",4751,438,1306,"BrM",28,165
"4654",4752,438,3319,"FL",28,165
"4655",4753,439,1177,"BrF",28,166
"4656",4754,439,1395,"BrM",28,166
"4657",4755,439,1487,"XF",28,166
"4658",4756,440,1272,"H",28,168
"4659",4757,440,1271,"BrF",28,168
"4660",4758,440,1416,"BrM",28,168
"4661",4759,440,3318,"FL",28,168
"4662",4760,440,1507,"OFL",28,168
"4663",4761,441,1155,"BrF",28,169
"4664",4762,441,1154,"BrM",28,169
"4665",4763,441,1436,"XF",28,169
"4666",4764,442,524,"BrF",28,171
"4667",4765,442,634,"BrM",28,171
"4668",4766,442,1438,"XF",28,171
"4669",4767,442,1234,"H",28,171
"4670",4768,442,1428,"H",28,171
"4671",4769,443,601,"BrF",28,173
"4672",4770,443,506,"BrM",28,173
"4673",4771,7027,1359,"FLOAT",28,-3
"4674",4772,7027,1405,"FLOAT",28,-3
"4675",4773,2553,1544,"OFL",29,1
"4676",4774,2554,1545,"OFL",29,5
"4677",4775,2555,1546,"OFL",29,9
"4678",4776,2556,1560,"FL",29,13
"4679",4777,2557,1559,"FL",29,14
"4680",4778,2558,1567,"U",29,33
"4681",4779,2559,1550,"FL",29,37
"4682",4780,2560,1565,"OFL",29,38
"4683",4781,2561,1555,"OFL",29,42
"4684",4782,2561,1543,"U",29,42
"4685",4783,2562,1553,"FL",29,47
"4686",4784,2562,1557,"FL",29,47
"4687",4785,2563,1561,"FL",29,49
"4688",4786,2564,1558,"FL",29,51
"4689",4787,2565,1554,"OFL",29,53
"4690",4788,2566,1541,"FL",29,55
"4691",4789,2566,1539,"FL",29,55
"4692",4790,2566,1538,"OFL",29,55
"4693",4791,2567,1556,"FL",29,60
"4694",4792,2567,1552,"FL",29,60
"4695",4793,2568,1549,"FL",29,63
"4696",4794,2569,1551,"OFL",29,65
"4697",4795,2570,1540,"FL",29,67
"4698",4797,2572,1563,"U",29,84
"4699",4798,2573,1562,"FL",29,86
"4700",4799,2574,1542,"FL",29,112
"4701",4800,2574,1566,"FL",29,112
"4702",4801,2575,1564,"FL",29,115
"4703",4802,2576,1548,"FL",29,127
"4704",4803,2576,1547,"U",29,127
"4705",4804,2577,1568,"FL",29,130
"4706",4805,2578,1570,"FL",29,164
"4707",4807,2579,1569,"U",29,165
"4708",4809,3300,295,"BrF",12,13
"4709",4810,3300,2531,"BrM",12,13
"4710",4811,1697,2532,"ABX",12,14
"4711",4812,1697,2326,"ABX",12,14
"4712",4813,1697,2008,"BrF",12,14
"4713",4814,1697,2764,"BrM",12,14
"4714",4815,1698,251,"U",12,15
"4715",4816,1698,1859,"BrF",12,15
"4716",4817,1698,1686,"BrM",12,15
"4717",4818,1699,174,"BrF",12,16
"4718",4819,1699,22,"BrM",12,16
"4719",4820,1700,311,"FL",12,19
"4720",4821,1700,2750,"BrF",12,19
"4721",4822,1700,98,"BrM",12,19
"4722",4823,1701,2480,"ABX",12,20
"4723",4824,1701,428,"BrF",12,20
"4724",4825,1701,28,"BrM",12,20
"4725",4826,1702,2482,"BrF",12,22
"4726",4827,1702,2481,"BrM",12,22
"4727",4828,1703,2533,"FL",12,24
"4728",4829,1703,165,"ABX",12,24
"4729",4830,1703,185,"BrF",12,24
"4730",4831,1703,29,"BrM",12,24
"4731",4832,1704,2749,"BrF",12,25
"4732",4833,1704,215,"BrM",12,25
"4733",4834,1705,37,"BrF",12,26
"4734",4835,1705,36,"BrM",12,26
"4735",4836,3301,321,"ABX",12,27
"4736",4837,3301,320,"ABX",12,27
"4737",4838,3301,319,"TBRM",12,27
"4738",4839,3301,220,"BrM",12,27
"4739",4840,3301,2125,"BrM",12,27
"4740",4841,1706,308,"FL",12,28
"4741",4842,1706,168,"AB",12,28
"4742",4843,1706,169,"BrF",12,28
"4743",4844,1706,21,"BrM",12,28
"4744",4845,1707,166,"FL",12,30
"4745",4846,1707,294,"BrF",12,30
"4746",4847,1707,2343,"BrM",12,30
"4747",4848,1708,2534,"BrF",12,32
"4748",4849,1708,2733,"BrM",12,32
"4749",4850,3302,300,"ABX",12,33
"4750",4851,3302,299,"TBRF",12,33
"4751",4852,3302,2014,"BrF",12,33
"4752",4853,3302,2128,"BrM",12,33
"4753",4854,1709,172,"AB",12,35
"4754",4855,1709,237,"BrF",12,35
"4755",4856,1709,293,"BrM",12,35
"4756",4857,1710,2535,"FL",12,38
"4757",4858,1710,186,"ABX",12,38
"4758",4859,1710,189,"BrF",12,38
"4759",4860,1710,42,"BrM",12,38
"4760",4861,1711,332,"FL",12,40
"4761",4862,1711,205,"ABX",12,40
"4762",4863,1711,165,"ABX",12,40
"4763",4864,1711,2240,"ABX",12,40
"4764",4865,1711,799,"BrF",12,40
"4765",4866,1711,69,"BrM",12,40
"4766",4867,1712,2536,"FL",12,41
"4767",4868,1712,199,"BrF",12,41
"4768",4869,1712,2763,"BrM",12,41
"4769",4870,1713,794,"BrF",12,44
"4770",4871,1713,2756,"BrM",12,44
"4771",4872,3303,322,"TBRF",12,45
"4772",4873,3303,24,"TBRM",12,45
"4773",4874,3303,2441,"BrF",12,45
"4774",4875,3303,221,"BrM",12,45
"4775",4876,1714,2490,"ABX",12,47
"4776",4877,1714,2079,"BrF",12,47
"4777",4878,1714,2078,"BrM",12,47
"4778",4879,1715,2082,"BrF",12,49
"4779",4880,1715,2081,"BrM",12,49
"4780",4881,1716,176,"AB",12,51
"4781",4882,1716,2138,"BrF",12,51
"4782",4883,1716,2537,"BrM",12,51
"4783",4884,1717,309,"FL",12,52
"4784",4885,1717,192,"ABX",12,52
"4785",4886,1717,2084,"BrF",12,52
"4786",4887,1717,304,"BrM",12,52
"4787",4888,1718,2249,"BrF",12,53
"4788",4889,1718,216,"BrM",12,53
"4789",4890,1719,1915,"BrF",12,54
"4790",4891,1719,2538,"BrM",12,54
"4791",4892,1720,252,"FL",12,55
"4792",4893,1720,1914,"BrF",12,55
"4793",4894,1720,77,"BrM",12,55
"4794",4895,1721,323,"ABX",12,56
"4795",4896,1721,193,"ABX",12,56
"4796",4897,1721,207,"BrF",12,56
"4797",4898,1721,65,"BrM",12,56
"4798",4899,1722,2540,"FL",12,57
"4799",4900,1722,2539,"BrF",12,57
"4800",4901,1722,2485,"BrM",12,57
"4801",4902,1723,200,"AB",12,59
"4802",4903,1723,163,"BrF",12,59
"4803",4904,1723,67,"BrM",12,59
"4804",4905,1724,201,"ABX",12,61
"4805",4906,1724,79,"BrF",12,61
"4806",4907,1724,1924,"BrM",12,61
"4807",4908,1725,167,"SEEN1",12,63
"4808",4909,1725,2447,"ABX",12,63
"4809",4910,1725,1927,"BrF",12,63
"4810",4911,1725,176,"BrM",12,63
"4811",4912,3304,213,"SEEN1",12,67
"4812",4913,3304,2542,"FL",12,67
"4813",4914,3304,330,"FL",12,67
"4814",4915,3304,51,"AB",12,67
"4815",4917,3304,430,"BrF",12,67
"4816",4919,3304,1929,"TBRM",12,67
"4817",4920,3304,2541,"BrM",12,67
"4818",4921,1726,326,"ABX",12,69
"4819",4922,1726,328,"ABX",12,69
"4820",4923,1726,325,"BrF",12,69
"4821",4924,1726,327,"BrM",12,69
"4822",4925,1727,2147,"BrF",12,70
"4823",4926,1727,1932,"BrM",12,70
"4824",4927,1728,2545,"FL",12,71
"4825",4928,1728,170,"ABX",12,71
"4826",4929,1728,225,"ABX",12,71
"4827",4930,1728,2544,"ABX",12,71
"4828",4931,1728,171,"AB",12,71
"4829",4932,1728,2543,"ABX",12,71
"4830",4933,1728,790,"BrF",12,71
"4831",4934,1728,167,"BrU",12,71
"4832",4935,1729,173,"FL",12,73
"4833",4936,1729,2546,"BrM",12,73
"4834",4937,3305,314,"TBRM",12,76
"4835",4938,3305,301,"TBRF",12,76
"4836",4939,3305,2497,"ABX",12,76
"4837",4940,3305,2152,"BrF",12,76
"4838",4941,3305,2151,"BrM",12,76
"4839",4942,1730,2159,"BrF",12,79
"4840",4943,1730,2158,"BrM",12,79
"4841",4944,1731,1938,"BrF",12,81
"4842",4945,1731,1937,"BrM",12,81
"4843",4946,1732,2161,"BrF",12,82
"4844",4947,1732,2160,"BrM",12,82
"4845",4948,1733,2163,"BrF",12,83
"4846",4949,1733,2162,"BrM",12,83
"4847",4950,1734,2547,"ABX",12,84
"4848",4951,1734,2548,"BrF",12,84
"4849",4952,1734,2164,"BrM",12,84
"4850",4953,1735,2165,"BrF",12,86
"4851",4954,1735,2793,"BrM",12,86
"4852",4955,1736,1940,"BrF",12,87
"4853",4956,1736,1939,"BrM",12,87
"4854",4957,1737,168,"AB",12,89
"4855",4958,1737,2737,"BrF",12,89
"4856",4959,1737,1941,"BrM",12,89
"4857",4960,1738,1944,"BrF",12,92
"4858",4961,1738,1943,"BrM",12,92
"4859",4962,1739,1949,"BrF",12,95
"4860",4963,1739,1948,"BrM",12,95
"4861",4964,1740,2111,"BrF",12,96
"4862",4965,1740,73,"BrM",12,96
"4863",4966,1741,2549,"BrF",12,97
"4864",4967,1741,2550,"BrM",12,97
"4865",4968,1742,1954,"BrF",12,99
"4866",4969,1742,1953,"BrM",12,99
"4867",4970,1743,2100,"BrF",12,100
"4868",4971,1743,2099,"BrM",12,100
"4869",4972,1744,2037,"BrF",12,102
"4870",4973,1744,2457,"BrM",12,102
"4871",4974,1745,2503,"ABX",12,103
"4872",4975,1745,64,"BrF",12,103
"4873",4976,1745,178,"BrM",12,103
"4874",4977,1746,1961,"BrF",12,104
"4875",4978,1746,1960,"BrM",12,104
"4876",4979,1747,1963,"BrF",12,105
"4877",4980,1747,1962,"BrM",12,105
"4878",4981,1748,2040,"BrF",12,106
"4879",4982,1748,1965,"BrM",12,106
"4880",4983,1749,296,"FL",12,108
"4881",4984,1749,2101,"BrF",12,108
"4882",4985,1749,75,"BrM",12,108
"4883",4986,1750,2506,"ABX",12,109
"4884",4987,1750,40,"BrF",12,109
"4885",4988,1750,2459,"BrM",12,109
"4886",4989,1751,34,"BrF",12,110
"4887",4990,1751,2044,"BrM",12,110
"4888",4991,1752,310,"FL",12,112
"4889",4992,1752,217,"AB",12,112
"4890",4993,1752,1860,"ABX",12,112
"4891",4994,1752,800,"BrF",12,112
"4892",4995,1752,2551,"BrM",12,112
"4893",4996,1753,307,"FL",12,113
"4894",4997,1753,233,"BrF",12,113
"4895",4998,1753,2045,"BrM",12,113
"4896",4999,1754,2461,"ABX",12,115
"4897",5000,1754,297,"AB",12,115
"4898",5001,1754,329,"BrF",12,115
"4899",5002,1754,298,"BrM",12,115
"4900",5003,1755,2552,"FL",12,116
"4901",5004,1755,2047,"BrF",12,116
"4902",5005,1755,2046,"BrM",12,116
"4903",5006,1756,2178,"BrF",12,117
"4904",5007,1756,2177,"BrM",12,117
"4905",5008,1757,2180,"BrF",12,121
"4906",5009,1757,331,"BrM",12,121
"4907",5010,1758,2048,"BrF",12,123
"4908",5011,1758,1968,"BrM",12,123
"4909",5012,1759,2553,"FL",12,125
"4910",5013,1759,2182,"BrF",12,125
"4911",5014,1759,2181,"BrM",12,125
"4912",5015,1760,2319,"BrF",12,126
"4913",5016,1760,2318,"BrM",12,126
"4914",5017,1761,78,"BrF",12,127
"4915",5018,1761,1971,"BrM",12,127
"4916",5019,1762,82,"BrF",12,129
"4917",5020,1762,1973,"BrM",12,129
"4918",5021,1763,2515,"BrF",12,130
"4919",5022,1763,2514,"BrM",12,130
"4920",5023,1764,2422,"BrF",12,131
"4921",5024,1764,2423,"BrM",12,131
"4922",5025,1765,177,"FL",12,132
"4923",5026,1765,1978,"BrF",12,132
"4924",5027,1765,1977,"BrM",12,132
"4925",5028,3306,303,"TBRF",12,134
"4926",5029,3306,313,"TBRM",12,134
"4927",5030,3306,197,"ABX",12,134
"4928",5031,3306,1980,"BrF",12,134
"4929",5032,3306,1979,"BrM",12,134
"4930",5033,1766,2204,"BrF",12,137
"4931",5034,1766,2205,"BrM",12,137
"4932",5035,1767,2206,"BrF",12,138
"4933",5036,1767,1983,"BrM",12,138
"4934",5037,1768,2554,"ABX",12,142
"4935",5038,1768,2285,"BrF",12,142
"4936",5039,1768,2284,"BrM",12,142
"4937",5040,1769,2519,"ABX",12,143
"4938",5041,1769,2287,"BrF",12,143
"4939",5042,1769,2286,"BrM",12,143
"4940",5043,1770,2113,"BrF",12,144
"4941",5044,1770,1985,"BrM",12,144
"4942",5045,1771,2207,"BrF",12,146
"4943",5046,1771,2208,"BrM",12,146
"4944",5047,1772,2555,"ABX",12,148
"4945",5048,1772,2209,"BrF",12,148
"4946",5049,1772,2210,"BrM",12,148
"4947",5050,1773,2556,"FL",12,151
"4948",5051,1773,2192,"BrF",12,151
"4949",5052,1773,2191,"BrM",12,151
"4950",5053,1774,2557,"BrF",12,152
"4951",5054,1774,2521,"BrM",12,152
"4952",5055,1775,2558,"ABX",12,153
"4953",5056,1775,2194,"BrF",12,153
"4954",5057,1775,2193,"BrM",12,153
"4955",5058,1776,2841,"BrF",12,154
"4956",5059,1776,2107,"BrM",12,154
"4957",5060,1777,71,"BrF",12,155
"4958",5061,1777,2522,"BrM",12,155
"4959",5062,1778,2196,"BrF",12,157
"4960",5063,1778,2195,"BrM",12,157
"4961",5064,1779,202,"ABX",12,158
"4962",5065,1779,2199,"BrF",12,158
"4963",5066,1779,2198,"BrM",12,158
"4964",5067,1780,2409,"BrF",12,159
"4965",5068,1780,2408,"BrM",12,159
"4966",5069,1781,2202,"BrF",12,160
"4967",5070,1781,2201,"BrM",12,160
"4968",5071,3307,305,"TBRM",12,161
"4969",5072,3307,2524,"BrF",12,161
"4970",5073,3307,208,"BrM",12,161
"4971",5074,1782,31,"BrF",12,163
"4972",5075,1782,2203,"BrM",12,163
"4973",5076,1783,2559,"FL",12,164
"4974",5077,1783,2058,"BrF",12,164
"4975",5078,1783,2057,"BrM",12,164
"4976",5079,1784,1995,"BrF",12,165
"4977",5080,1784,1994,"BrM",12,165
"4978",5081,1785,1997,"BrF",12,166
"4979",5082,1785,1996,"BrM",12,166
"4980",5083,1786,2000,"BrF",12,167
"4981",5084,1786,1999,"BrM",12,167
"4982",5085,1787,2063,"BrF",12,168
"4983",5086,1787,2311,"BrM",12,168
"4984",5087,1788,213,"BrF",12,169
"4985",5088,1788,2064,"BrM",12,169
"4986",5089,1789,2313,"BrF",12,170
"4987",5090,1789,2312,"BrM",12,170
"4988",5091,1790,2529,"ABX",12,171
"4989",5092,1790,2108,"BrF",12,171
"4990",5093,1790,33,"BrM",12,171
"4991",5094,1791,2317,"BrF",12,172
"4992",5095,1791,2316,"BrM",12,172
"4993",5096,1792,2470,"BrF",12,173
"4994",5097,1792,54,"BrM",12,173
"4995",5098,1793,2560,"BrM",12,174
"4996",5099,1818,2832,"BrF",14,1
"4997",5100,1819,2843,"BrM",14,4
"4998",5101,1820,37,"ABX",14,7
"4999",5102,1820,44,"BrM",14,7
"5000",5103,1821,200,"BrM",14,13
"5001",5104,1822,174,"BrF",14,14
"5002",5105,1822,2764,"BrM",14,14
"5003",5106,1823,1859,"BrF",14,15
"5004",5107,1823,1686,"BrM",14,15
"5005",5108,1824,428,"BrF",14,20
"5006",5109,1824,28,"BrM",14,20
"5007",5110,1825,192,"BrM",14,22
"5008",5111,1826,172,"AB",14,24
"5009",5112,1826,185,"BrF",14,24
"5010",5113,1826,29,"BrM",14,24
"5011",5114,1827,2749,"BrF",14,25
"5012",5115,1827,215,"BrM",14,25
"5013",5116,1828,328,"ABX",14,26
"5014",5117,1829,220,"BrM",14,27
"5015",5118,1830,2561,"FL",14,28
"5016",5119,1830,308,"AB",14,28
"5017",5120,1830,169,"BrF",14,28
"5018",5121,1830,21,"BrM",14,28
"5019",5122,1831,294,"BrF",14,30
"5020",5123,1832,2733,"BrM",14,32
"5021",5124,1833,237,"BrF",14,35
"5022",5125,1833,293,"BrM",14,35
"5023",5126,1834,189,"BrF",14,38
"5024",5127,1834,42,"BrM",14,38
"5025",5128,1835,500,"FL",14,40
"5026",5129,1835,799,"BrF",14,40
"5027",5130,1835,494,"BrM",14,40
"5028",5131,1836,199,"BrF",14,41
"5029",5132,1836,2763,"BrM",14,41
"5030",5133,1837,794,"BrF",14,44
"5031",5134,1837,2756,"BrM",14,44
"5032",5135,1838,221,"BrM",14,45
"5033",5136,1839,176,"AB",14,51
"5034",5137,1839,2138,"BrF",14,51
"5035",5138,1839,2537,"BrM",14,51
"5036",5139,1840,25,"BrM",14,52
"5037",5140,1841,308,"BrF",14,53
"5038",5141,1841,216,"BrM",14,53
"5039",5142,1842,77,"BrM",14,55
"5040",5143,1843,207,"BrF",14,56
"5041",5144,1843,65,"BrM",14,56
"5042",5145,1844,163,"BrF",14,59
"5043",5146,1845,79,"BrF",14,61
"5044",5147,1846,2844,"FL",14,63
"5045",5148,1846,213,"BrF",14,63
"5046",5149,1846,2447,"ABX",14,63
"5047",5150,1846,2562,"ABX",14,63
"5048",5151,1846,176,"BrM",14,63
"5049",5152,1847,2563,"ABX",14,67
"5050",5153,1847,51,"AB",14,67
"5051",5154,1847,430,"BrF",14,67
"5052",5155,1847,2541,"BrM",14,67
"5053",5156,1848,326,"ABX",14,69
"5054",5157,1848,325,"BrF",14,69
"5055",5158,1848,327,"BrM",14,69
"5056",5159,1849,2564,"FL",14,71
"5057",5160,1849,171,"AB",14,71
"5058",5161,1849,2544,"ABX",14,71
"5059",5162,1849,790,"BrF",14,71
"5060",5163,1849,170,"BrM",14,71
"5061",5164,1850,792,"BrF",14,73
"5062",5165,1851,168,"BrF",14,89
"5063",5166,1852,73,"BrM",14,96
"5064",5167,1853,64,"BrF",14,103
"5065",5168,1853,178,"BrM",14,103
"5066",5169,1854,2565,"FL",14,108
"5067",5170,1854,296,"ABX",14,108
"5068",5171,1854,2566,"ABX",14,108
"5069",5172,1854,2845,"BrF",14,108
"5070",5173,1854,75,"BrM",14,108
"5071",5174,1855,40,"BrF",14,109
"5072",5175,1855,1862,"BrM",14,109
"5073",5176,1856,34,"BrF",14,110
"5074",5177,1857,217,"AB",14,112
"5075",5178,1857,800,"BrF",14,112
"5076",5179,1858,307,"ABX",14,113
"5077",5180,1858,233,"BrF",14,113
"5078",5181,1858,2045,"BrM",14,113
"5079",5182,1859,297,"AB",14,115
"5080",5183,1859,329,"BrF",14,115
"5081",5184,1859,298,"BrM",14,115
"5082",5185,1860,78,"BrF",14,127
"5083",5186,1861,82,"BrF",14,129
"5084",5187,1862,2841,"BrF",14,154
"5085",5188,1863,71,"BrF",14,155
"5086",5189,1864,208,"BrM",14,161
"5087",5190,1865,33,"BrM",14,171
"5088",5191,1866,2317,"BrF",14,172
"5089",5192,1866,2316,"BrM",14,172
"5090",5193,1867,54,"BrM",14,173
"5091",5194,1910,2567,"BrF",16,2
"5092",5195,1910,2568,"BrM",16,2
"5093",5196,3308,2114,"BrF",16,3
"5094",5197,3308,172,"U",16,3
"5095",5198,1911,441,"AB",16,4
"5096",5199,1911,440,"BrF",16,4
"5097",5200,1911,44,"BrM",16,4
"5098",5201,1912,2115,"BrF",16,7
"5099",5202,1912,2569,"BrM",16,7
"5100",5203,1913,455,"BrF",16,8
"5101",5204,1913,2116,"BrM",16,8
"5102",5205,1914,2119,"BrF",16,9
"5103",5206,1914,2118,"BrM",16,9
"5104",5207,1915,442,"AB",16,13
"5105",5208,1915,443,"BrF",16,13
"5106",5209,1915,200,"BrM",16,13
"5107",5210,1916,2532,"ABX",16,14
"5108",5211,1916,2570,"BrF",16,14
"5109",5212,1916,2571,"BrM",16,14
"5110",5213,1917,2572,"ABX",16,15
"5111",5214,1917,2573,"ABX",16,15
"5112",5215,1917,1859,"BrF",16,15
"5113",5216,1917,1686,"BrM",16,15
"5114",5217,1918,457,"BrF",16,16
"5115",5218,1918,22,"BrM",16,16
"5116",5219,1919,428,"BrF",16,20
"5117",5220,1919,2574,"BrM",16,20
"5118",5221,1920,2575,"BrF",16,24
"5119",5222,1920,29,"BrM",16,24
"5120",5223,1921,2576,"ABX",16,25
"5121",5224,1921,2577,"BrF",16,25
"5122",5225,1921,215,"BrM",16,25
"5123",5226,3309,2578,"ABX",16,26
"5124",5227,3309,220,"BrM",16,26
"5125",5228,3309,2579,"U",16,26
"5126",5229,1922,328,"ABX",16,27
"5127",5230,1922,2580,"ABX",16,27
"5128",5231,1922,2581,"BrF",16,27
"5129",5232,1922,2125,"BrM",16,27
"5130",5233,1923,169,"BrF",16,28
"5131",5234,1923,21,"BrM",16,28
"5132",5235,1924,294,"BrF",16,30
"5133",5236,1924,2343,"BrM",16,30
"5134",5237,1925,2582,"ABX",16,32
"5135",5238,1925,2534,"BrF",16,32
"5136",5239,1925,54,"BrM",16,32
"5137",5240,1926,2584,"ABX",16,33
"5138",5241,1926,2014,"BrF",16,33
"5139",5242,1926,2128,"BrM",16,33
"5140",5243,1927,470,"AB",16,35
"5141",5244,1927,471,"ABX",16,35
"5142",5245,1927,307,"ABX",16,35
"5143",5246,1927,237,"BrF",16,35
"5144",5247,1927,293,"BrM",16,35
"5145",5248,1928,2583,"BrF",16,38
"5146",5249,1928,42,"BrM",16,38
"5147",5250,1929,445,"ABX",16,40
"5148",5251,1929,436,"AB",16,40
"5149",5252,1929,451,"ABX",16,40
"5150",5253,1929,799,"AB",16,40
"5151",5254,1929,500,"BrF",16,40
"5152",5255,1929,494,"BrM",16,40
"5153",5256,1930,2585,"ABX",16,41
"5154",5257,1930,2756,"ABX",16,41
"5155",5258,1930,2586,"BrF",16,41
"5156",5259,1930,2587,"BrM",16,41
"5157",5260,1931,794,"BrF",16,44
"5158",5261,1931,2588,"BrM",16,44
"5159",5262,1932,2589,"ABX",16,45
"5160",5263,1932,454,"BrF",16,45
"5161",5264,1932,221,"BrM",16,45
"5162",5265,1933,444,"AB",16,52
"5163",5266,1933,464,"BrF",16,52
"5164",5267,1933,25,"BrM",16,52
"5165",5268,1934,308,"BrF",16,53
"5166",5269,1934,216,"BrM",16,53
"5167",5270,1935,447,"BrF",16,54
"5168",5271,1935,448,"BrM",16,54
"5169",5272,1936,459,"AB",16,55
"5170",5273,1936,460,"ABX",16,55
"5171",5274,1936,461,"ABX",16,55
"5172",5275,1936,462,"BrF",16,55
"5173",5276,1936,465,"BrM",16,55
"5174",5277,1937,449,"ABX",16,56
"5175",5278,1937,207,"BrF",16,56
"5176",5279,1937,65,"BrM",16,56
"5177",5280,1938,472,"ABX",16,61
"5178",5281,1938,78,"BrF",16,61
"5179",5282,1938,2590,"BrM",16,61
"5180",5283,1939,466,"AB",16,63
"5181",5284,1939,2591,"BrF",16,63
"5182",5285,1939,51,"BrM",16,63
"5183",5286,1940,452,"ABX",16,67
"5184",5287,1940,453,"AB",16,67
"5185",5288,1940,430,"BrF",16,67
"5186",5289,1940,2541,"BrM",16,67
"5187",5290,1941,2592,"BrF",16,69
"5188",5291,1941,2593,"BrM",16,69
"5189",5292,1942,458,"BrF",16,71
"5190",5293,1943,2594,"ABX",16,81
"5191",5294,1943,456,"BrF",16,81
"5192",5295,1943,2595,"BrM",16,81
"5193",5296,1944,2165,"BrF",16,86
"5194",5297,1944,2596,"BrM",16,86
"5195",5298,3310,478,"ABX",16,87
"5196",5299,3310,251,"BrF",16,87
"5197",5300,3310,479,"BrF",16,87
"5198",5301,1945,474,"AB",16,89
"5199",5302,1945,475,"ABX",16,89
"5200",5303,1945,168,"BrF",16,89
"5201",5304,1945,473,"BrM",16,89
"5202",5305,1946,2597,"BrF",16,92
"5203",5306,1946,2598,"BrM",16,92
"5204",5307,1947,2599,"FL",16,95
"5205",5308,1947,2600,"ABX",16,95
"5206",5309,1947,2601,"BrF",16,95
"5207",5310,1947,2602,"BrM",16,95
"5208",5311,1948,2111,"BrF",16,96
"5209",5312,1948,2603,"BrM",16,96
"5210",5313,1949,2549,"BrF",16,97
"5211",5314,1949,2550,"BrM",16,97
"5212",5315,1950,2604,"BrF",16,99
"5213",5316,1950,2605,"BrM",16,99
"5214",5317,1951,2606,"ABX",16,101
"5215",5318,1951,2607,"BrF",16,101
"5216",5319,1951,2608,"BrM",16,101
"5217",5320,1952,2609,"BrF",16,102
"5218",5321,1952,2457,"BrM",16,102
"5219",5322,1953,2503,"ABX",16,103
"5220",5323,1953,64,"BrF",16,103
"5221",5324,1953,178,"BrM",16,103
"5222",5325,1954,2610,"BrF",16,104
"5223",5326,1954,2611,"BrM",16,104
"5224",5327,1955,2612,"BrF",16,105
"5225",5328,1955,2613,"BrM",16,105
"5226",5329,1956,2614,"BrF",16,106
"5227",5330,1956,2615,"BrM",16,106
"5228",5331,1957,2616,"ABX",16,108
"5229",5332,1957,2845,"BrF",16,108
"5230",5333,1957,75,"BrM",16,108
"5231",5334,1958,2617,"ABX",16,109
"5232",5335,1958,40,"BrF",16,109
"5233",5336,1958,1862,"BrM",16,109
"5234",5337,1959,2618,"ABX",16,110
"5235",5338,1959,1017,"BrF",16,110
"5236",5339,1959,2619,"BrM",16,110
"5237",5340,1960,450,"AB",16,112
"5238",5341,1960,217,"BrF",16,112
"5239",5342,1960,439,"BrM",16,112
"5240",5343,1961,437,"ABX",16,113
"5241",5344,1961,173,"ABX",16,113
"5242",5345,1961,2620,"ABX",16,113
"5243",5346,1961,1017,"SEEN1",16,113
"5244",5347,1961,438,"BrM",16,113
"5245",5348,1961,446,"BrM",16,113
"5246",5349,1962,2846,"ABX",16,115
"5247",5350,1962,297,"AB",16,115
"5248",5351,1962,329,"BrF",16,115
"5249",5352,1962,298,"BrM",16,115
"5250",5353,1963,2621,"ABX",16,116
"5251",5354,1963,2622,"BrF",16,116
"5252",5355,1963,2623,"BrM",16,116
"5253",5356,1964,2178,"BrF",16,117
"5254",5357,1964,2177,"BrM",16,117
"5255",5358,1965,2182,"BrF",16,125
"5256",5359,1965,2181,"BrM",16,125
"5257",5360,1966,476,"BrF",16,126
"5258",5361,1966,477,"BrM",16,126
"5259",5362,1967,2624,"ABX",16,134
"5260",5363,1967,2625,"BrF",16,134
"5261",5364,1967,2626,"BrM",16,134
"5262",5365,1968,2205,"BrM",16,137
"5263",5366,1969,2627,"ABX",16,144
"5264",5367,1969,2628,"ABX",16,144
"5265",5368,1969,2113,"BrF",16,144
"5266",5369,1969,208,"BrM",16,144
"5267",5370,1970,2209,"BrF",16,148
"5268",5371,1971,2192,"BrF",16,151
"5269",5372,1971,2191,"BrM",16,151
"5270",5373,1972,2629,"BrF",16,154
"5271",5374,1972,2107,"BrM",16,154
"5272",5375,1973,2629,"BrF",16,155
"5273",5376,1973,2522,"BrM",16,155
"5274",5377,1974,2199,"BrF",16,158
"5275",5378,1974,2198,"BrM",16,158
"5276",5379,1975,2630,"ABX",16,159
"5277",5380,1975,2409,"BrF",16,159
"5278",5381,1975,2408,"BrM",16,159
"5279",5382,1976,2631,"BrF",16,163
"5280",5383,1976,2203,"BrM",16,163
"5281",5384,1977,2632,"ABX",16,165
"5282",5385,1977,2633,"BrF",16,165
"5283",5386,1977,2634,"BrM",16,165
"5284",5387,1978,2635,"ABX",16,166
"5285",5388,1978,2636,"BrF",16,166
"5286",5389,1978,2637,"BrM",16,166
"5287",5390,1979,2638,"BrF",16,168
"5288",5391,1979,2311,"BrM",16,168
"5289",5392,1980,213,"ABX",16,169
"5290",5393,1980,467,"AB",16,169
"5291",5394,1980,468,"BrF",16,169
"5292",5395,1980,469,"AB",16,169
"5293",5396,1981,2108,"BrF",16,171
"5294",5397,1981,2639,"BrM",16,171
"5295",5398,1982,2567,"BrF",17,2
"5296",5399,1982,2568,"BrM",17,2
"5297",5400,1983,495,"AB",17,5
"5298",5401,1983,496,"ABX",17,5
"5299",5402,1983,440,"BrF",17,5
"5300",5403,1983,44,"BrM",17,5
"5301",5404,1984,596,"BrF",17,8
"5302",5405,1984,497,"BrM",17,8
"5303",5406,1985,595,"BrF",17,9
"5304",5407,1985,499,"BrM",17,9
"5305",5408,1986,2640,"FL",17,12
"5306",5409,1986,443,"BrF",17,12
"5307",5410,1986,200,"BrM",17,12
"5308",5411,1987,2641,"BrF",17,13
"5309",5412,1987,562,"BrM",17,13
"5310",5413,1988,457,"BrF",17,16
"5311",5414,1988,22,"BrM",17,16
"5312",5415,1989,29,"SEEN1",17,21
"5313",5416,1989,501,"SEEN1",17,21
"5314",5417,1989,436,"AB",17,21
"5315",5418,1989,172,"BrF",17,21
"5316",5419,3311,594,"BrF",17,24
"5317",5420,3311,29,"BrM",17,24
"5318",5421,3311,501,"U",17,24
"5319",5422,1990,504,"AB",17,25
"5320",5423,1990,502,"BrF",17,25
"5321",5424,1990,215,"BrM",17,25
"5322",5425,3312,220,"BrM",17,26
"5323",5426,3312,2642,"BrF",17,26
"5324",5427,1991,2643,"ABX",17,28
"5325",5428,1991,169,"BrF",17,28
"5326",5429,1991,21,"BrM",17,28
"5327",5430,1992,606,"AB",17,30
"5328",5431,1992,601,"AB",17,30
"5329",5432,1992,600,"BrF",17,30
"5330",5433,1992,507,"BrM",17,30
"5331",5434,1993,510,"SEEN1",17,32
"5332",5435,1993,563,"FL",17,32
"5333",5436,1993,599,"BrM",17,32
"5334",5437,1994,503,"BrF",17,33
"5335",5438,1994,470,"BrM",17,33
"5336",5439,1995,470,"SEEN1",17,35
"5337",5440,1995,2644,"ABX",17,35
"5338",5441,1995,444,"BrF",17,35
"5339",5442,1995,293,"BrM",17,35
"5340",5443,1996,594,"SEEN1",17,38
"5341",5444,1996,498,"ABX",17,38
"5342",5445,1996,441,"BrF",17,38
"5343",5446,1996,42,"BrM",17,38
"5344",5447,1997,799,"AB",17,40
"5345",5448,1997,500,"BrF",17,40
"5346",5449,1997,494,"BrM",17,40
"5347",5450,1998,442,"AB",17,41
"5348",5451,1998,199,"BrF",17,41
"5349",5452,1998,1686,"BrM",17,41
"5350",5453,1999,199,"SEEN1",17,44
"5351",5454,1999,794,"BrF",17,44
"5352",5455,1999,609,"BrM",17,44
"5353",5456,2000,2589,"ABX",17,45
"5354",5457,2000,2645,"ABX",17,45
"5355",5458,2000,454,"BrF",17,45
"5356",5459,2000,221,"BrM",17,45
"5357",5460,2001,511,"BrF",17,47
"5358",5461,2001,512,"BrM",17,47
"5359",5462,2002,2646,"ABX",17,49
"5360",5463,2002,604,"BrF",17,49
"5361",5464,2002,603,"BrM",17,49
"5362",5465,2003,464,"BrF",17,52
"5363",5466,2003,25,"BrM",17,52
"5364",5467,2004,308,"BrF",17,53
"5365",5468,2004,216,"BrM",17,53
"5366",5469,2005,447,"BrF",17,54
"5367",5470,2005,448,"BrM",17,54
"5368",5471,2006,2647,"FL",17,55
"5369",5472,2006,459,"AB",17,55
"5370",5473,2006,462,"BrF",17,55
"5371",5474,2006,465,"BrM",17,55
"5372",5475,2007,449,"ABX",17,56
"5373",5476,2007,207,"BrF",17,56
"5374",5477,2007,65,"BrM",17,56
"5375",5478,2008,558,"BrF",17,57
"5376",5479,2008,557,"BrM",17,57
"5377",5480,2009,608,"AB",17,59
"5378",5481,2009,163,"BrF",17,59
"5379",5482,2009,510,"BrM",17,59
"5380",5483,2010,78,"BrF",17,61
"5381",5484,2010,555,"BrM",17,61
"5382",5485,2011,509,"SEEN1",17,62
"5383",5486,2011,607,"AB",17,62
"5384",5487,2012,663,"SEEN1",17,63
"5385",5488,2012,560,"ABX",17,63
"5386",5489,2012,466,"AB",17,63
"5387",5490,2012,561,"BrF",17,63
"5388",5491,2012,467,"BrM",17,63
"5389",5492,2013,171,"BrF",17,71
"5390",5493,2013,2648,"BrM",17,71
"5391",5494,2014,2847,"FL",17,73
"5392",5495,2014,627,"BrF",17,73
"5393",5496,2014,2649,"BrM",17,73
"5394",5497,2015,521,"FL",17,76
"5395",5498,2015,628,"BrF",17,76
"5396",5499,2015,2650,"BrM",17,76
"5397",5500,2016,630,"BrF",17,80
"5398",5501,2016,2651,"BrM",17,80
"5399",5502,2017,629,"AB",17,83
"5400",5503,2017,523,"BrM",17,83
"5401",5504,2018,522,"BrF",17,86
"5402",5505,2018,2596,"BrM",17,86
"5403",5506,3313,251,"BrF",17,87
"5404",5507,3313,479,"BrF",17,87
"5405",5508,2019,474,"AB",17,89
"5406",5509,2019,168,"BrF",17,89
"5407",5510,2019,632,"BrM",17,89
"5408",5511,2020,639,"BrF",17,95
"5409",5512,2021,529,"ABX",17,99
"5410",5513,2021,640,"BrF",17,99
"5411",5514,2021,525,"BrM",17,99
"5412",5515,2022,540,"SEEN1",17,102
"5413",5516,2022,2652,"ABX",17,102
"5414",5517,2022,635,"BrF",17,102
"5415",5518,2022,636,"BrM",17,102
"5416",5519,2023,526,"FL",17,103
"5417",5520,2023,527,"FL",17,103
"5418",5521,2023,528,"AB",17,103
"5419",5522,2023,64,"BrF",17,103
"5420",5523,2023,178,"BrM",17,103
"5421",5524,2024,641,"AB",17,104
"5422",5525,2024,530,"BrF",17,104
"5423",5526,2024,637,"BrM",17,104
"5424",5527,2025,541,"BrF",17,106
"5425",5528,2025,539,"BrM",17,106
"5426",5529,2026,663,"BrF",17,107
"5427",5530,2026,667,"BrM",17,107
"5428",5531,2027,506,"AB",17,108
"5429",5532,2027,505,"BrF",17,108
"5430",5533,2027,75,"BrM",17,108
"5431",5534,2028,2617,"ABX",17,109
"5432",5535,2028,40,"BrF",17,109
"5433",5536,2028,1862,"BrM",17,109
"5434",5537,2029,2653,"FL",17,110
"5435",5538,2029,1017,"BrF",17,110
"5436",5539,2029,2619,"BrM",17,110
"5437",5540,2030,2654,"FL",17,112
"5438",5541,2030,597,"FL",17,112
"5439",5542,2030,598,"ABX",17,112
"5440",5543,2030,217,"BrF",17,112
"5441",5544,2030,439,"BrM",17,112
"5442",5545,2031,2655,"FL",17,115
"5443",5546,2031,631,"FL",17,115
"5444",5547,2031,297,"BrF",17,115
"5445",5548,2031,298,"BrM",17,115
"5446",5549,2032,531,"BrF",17,116
"5447",5550,2032,642,"BrM",17,116
"5448",5551,2033,508,"BrF",17,123
"5449",5552,2033,602,"BrM",17,123
"5450",5553,2034,638,"BrF",17,125
"5451",5554,2034,633,"BrM",17,125
"5452",5555,2035,679,"BrF",17,126
"5453",5556,2035,477,"BrM",17,126
"5454",5557,2036,551,"BrF",17,127
"5455",5558,2036,676,"BrM",17,127
"5456",5559,2037,509,"SEEN1",17,129
"5457",5560,2037,549,"ABX",17,129
"5458",5561,2037,675,"BrF",17,129
"5459",5562,2037,550,"BrM",17,129
"5460",5563,2038,678,"BrF",17,131
"5461",5564,2038,553,"BrM",17,131
"5462",5565,2039,2656,"FL",17,134
"5463",5566,2039,666,"AB",17,134
"5464",5567,2039,546,"ABX",17,134
"5465",5568,2039,543,"BrF",17,134
"5466",5569,2039,540,"BrM",17,134
"5467",5570,2040,548,"BrF",17,137
"5468",5571,2040,674,"BrM",17,137
"5469",5572,2041,677,"BrF",17,142
"5470",5573,2041,673,"BrM",17,142
"5471",5574,2042,665,"ABX",17,144
"5472",5575,2042,542,"BrF",17,144
"5473",5576,2042,208,"BrM",17,144
"5474",5577,2043,554,"SEEN1",17,148
"5475",5578,2043,664,"SEEN1",17,148
"5476",5579,2044,669,"BrM",17,150
"5477",5580,2047,554,"BrF",17,158
"5478",5581,2047,664,"ABX",17,158
"5479",5582,2047,547,"BrM",17,158
"5480",5583,2045,670,"AB",17,155
"5481",5584,2045,671,"BrF",17,155
"5482",5585,2046,663,"SEEN1",17,157
"5483",5586,2046,552,"BrF",17,157
"5484",5587,2046,2657,"BrM",17,157
"5485",5588,2048,664,"ABX",17,159
"5486",5589,2048,544,"AB",17,159
"5487",5590,2048,672,"AB",17,159
"5488",5591,2048,668,"BrM",17,159
"5489",5592,2049,669,"SEEN1",17,161
"5490",5593,2049,545,"BrM",17,161
"5491",5594,2050,31,"BrF",17,163
"5492",5595,2050,556,"BrM",17,163
"5493",5596,2051,551,"SEEN1",17,164
"5494",5597,2051,681,"BrM",17,164
"5495",5598,2052,680,"BrF",17,165
"5496",5599,2052,559,"BrM",17,165
"5497",5601,2053,663,"SEEN1",17,169
"5498",5602,2053,2658,"ABX",17,169
"5499",5603,2053,176,"AB",17,169
"5500",5604,2053,468,"BrF",17,169
"5501",5605,2053,605,"BrM",17,169
"5502",5606,2054,497,"SEEN1",17,171
"5503",5607,2054,524,"BrF",17,171
"5504",5608,2054,634,"BrM",17,171
"5505",5609,2078,859,"ABX",19,1
"5506",5610,2078,2659,"ABX",19,1
"5507",5611,2078,912,"BrF",19,1
"5508",5612,2078,922,"BrM",19,1
"5509",5613,2079,2567,"BrF",19,2
"5510",5614,2079,501,"BrM",19,2
"5511",5615,2080,2660,"ABX",19,3
"5512",5616,2080,926,"ABX",19,3
"5513",5617,2080,925,"BrF",19,3
"5514",5618,2080,928,"BrM",19,3
"5515",5619,2081,495,"SEEN1",19,5
"5516",5620,2081,496,"ABX",19,5
"5517",5621,2081,504,"BrF",19,5
"5518",5622,2081,44,"BrM",19,5
"5519",5623,2082,943,"XF",19,8
"5520",5624,2082,596,"BrF",19,8
"5521",5625,2082,497,"BrM",19,8
"5522",5626,2083,499,"SEEN1",19,9
"5523",5627,2083,595,"BrF",19,9
"5524",5628,2083,495,"BrM",19,9
"5525",5629,2084,2661,"SEEN1",19,12
"5526",5630,2084,939,"AB",19,12
"5527",5631,2084,913,"AB",19,12
"5528",5632,2084,443,"BrF",19,12
"5529",5633,2084,200,"BrM",19,12
"5530",5634,2085,867,"FL",19,13
"5531",5635,2085,512,"SEEN1",19,13
"5532",5636,2085,927,"H",19,13
"5533",5637,2085,823,"BrF",19,13
"5534",5638,2085,562,"BrM",19,13
"5535",5639,2086,915,"ABX",19,14
"5536",5640,2086,930,"ABX",19,14
"5537",5641,2086,458,"BrF",19,14
"5538",5642,2086,499,"BrM",19,14
"5539",5643,2087,914,"AB",19,15
"5540",5644,2087,1859,"BrF",19,15
"5541",5645,2087,1686,"BrM",19,15
"5542",5646,2088,2662,"ABX",19,16
"5543",5647,2088,457,"BrF",19,16
"5544",5648,2088,22,"BrM",19,16
"5545",5649,2089,911,"ABX",19,20
"5546",5650,2089,840,"BrF",19,20
"5547",5651,2089,597,"BrM",19,20
"5548",5652,2090,498,"SEEN1",19,22
"5549",5653,2090,949,"XF",19,22
"5550",5654,2090,172,"BrF",19,22
"5551",5655,2090,1861,"BrM",19,22
"5552",5656,2091,672,"SEEN1",19,24
"5553",5657,2091,923,"ABX",19,24
"5554",5658,2091,838,"ABX",19,24
"5555",5659,2091,594,"BrF",19,24
"5556",5660,2091,29,"BrM",19,24
"5557",5661,2092,504,"SEEN1",19,25
"5558",5662,2092,886,"FL",19,25
"5559",5663,2092,839,"ABX",19,25
"5560",5664,2092,2848,"NS",19,25
"5561",5665,2092,502,"BrF",19,25
"5562",5666,2092,215,"BrM",19,25
"5563",5667,3314,838,"SEEN1",19,26
"5564",5668,3314,2663,"ABX",19,26
"5565",5669,3314,924,"BrF",19,26
"5566",5670,3314,220,"BrM",19,26
"5567",5671,2093,2664,"BrF",19,27
"5568",5672,2093,2665,"BrM",19,27
"5569",5673,2094,868,"FL",19,28
"5570",5674,2094,169,"BrF",19,28
"5571",5675,2094,21,"BrM",19,28
"5572",5676,2095,600,"SEEN1",19,30
"5573",5677,2095,601,"SEEN1",19,30
"5574",5678,2095,2666,"BrF",19,30
"5575",5679,2095,507,"BrM",19,30
"5576",5680,2096,825,"BrF",19,32
"5577",5681,2096,672,"BrM",19,32
"5578",5682,2097,503,"BrF",19,33
"5579",5683,2097,470,"BrM",19,33
"5580",5684,2098,470,"SEEN1",19,35
"5581",5685,2098,887,"XF",19,35
"5582",5686,2098,915,"ABX",19,35
"5583",5687,2098,444,"BrF",19,35
"5584",5688,2098,293,"BrM",19,35
"5585",5689,2099,594,"SEEN1",19,38
"5586",5690,2099,838,"SEEN1",19,38
"5587",5691,2099,888,"FL",19,38
"5588",5692,2099,498,"ABX",19,38
"5589",5693,2099,839,"ABX",19,38
"5590",5694,2099,441,"BrF",19,38
"5591",5695,2099,42,"BrM",19,38
"5592",5696,2100,948,"CH",19,40
"5593",5697,2100,837,"ABX",19,40
"5594",5698,2100,799,"H",19,40
"5595",5699,2100,500,"BrF",19,40
"5596",5700,2100,494,"BrM",19,40
"5597",5701,2101,609,"H",19,41
"5598",5702,2101,890,"FL",19,41
"5599",5703,2101,889,"FL",19,41
"5600",5704,2101,442,"H",19,41
"5601",5705,2101,199,"BrF",19,41
"5602",5706,2101,929,"BrM",19,41
"5603",5707,2102,2667,"SEEN1",19,44
"5604",5708,2102,842,"ABX",19,44
"5605",5709,2102,794,"BrF",19,44
"5606",5710,2102,609,"BrM",19,44
"5607",5712,1,2668,"H",19,45
"5608",5713,1,931,"ABX",19,45
"5609",5714,1,841,"OFL",19,45
"5610",5715,1,454,"BrF",19,45
"5611",5716,1,221,"BrM",19,45
"5612",5717,2103,511,"SEEN1",19,47
"5613",5718,2103,512,"SEEN1",19,47
"5614",5719,2103,2669,"FL",19,47
"5615",5721,2103,2670,"H",19,47
"5616",5722,2103,604,"BrF",19,47
"5617",5723,2103,603,"BrM",19,47
"5618",5724,2104,2646,"ABX",19,49
"5619",5725,2104,511,"BrF",19,49
"5620",5726,2104,2672,"BrM",19,49
"5621",5727,2105,828,"SEEN2",19,51
"5622",5728,2105,2673,"ABX",19,51
"5623",5729,2105,466,"BrF",19,51
"5624",5730,2105,51,"BrM",19,51
"5625",5731,2106,939,"SEEN1",19,52
"5626",5732,2106,874,"XF",19,52
"5627",5733,2106,848,"ABX",19,52
"5628",5734,2106,464,"BrF",19,52
"5629",5735,2106,25,"BrM",19,52
"5630",5736,2107,2674,"ABX",19,53
"5631",5737,2107,932,"ABX",19,53
"5632",5738,2107,308,"BrF",19,53
"5633",5739,2107,216,"BrM",19,53
"5634",5740,2108,447,"BrF",19,54
"5635",5741,2108,448,"BrM",19,54
"5636",5743,2109,465,"ABX",19,55
"5637",5744,2109,917,"ABX",19,55
"5638",5745,2109,459,"ABX",19,55
"5639",5746,2109,462,"BrF",19,55
"5640",5747,2109,921,"BrM",19,55
"5641",5748,2110,449,"SEEN1",19,56
"5642",5750,2110,207,"BrF",19,56
"5643",5751,2110,65,"BrM",19,56
"5644",5752,2111,558,"ABX",19,57
"5645",5753,2111,449,"BrF",19,57
"5646",5754,2111,557,"BrM",19,57
"5647",5755,2112,891,"XF",19,59
"5648",5756,2112,919,"SEEN1",19,59
"5649",5757,2112,850,"AB",19,59
"5650",5758,2112,163,"H",19,59
"5651",5759,2112,608,"BrF",19,59
"5652",5760,2112,510,"BrM",19,59
"5653",5761,2113,78,"BrF",19,61
"5654",5762,2113,555,"BrM",19,61
"5655",5764,2114,509,"SEEN1",19,62
"5656",5765,2114,885,"XF",19,62
"5657",5766,2114,465,"SEEN1",19,62
"5658",5767,2114,607,"H",19,62
"5659",5768,2114,469,"BrF",19,62
"5660",5769,2114,606,"BrM",19,62
"5661",5770,2115,560,"SEEN1",19,63
"5662",5771,2115,561,"SEEN1",19,63
"5663",5772,2115,827,"H",19,63
"5664",5773,2115,466,"SEEN1",19,63
"5665",5774,6553,947,"FLOAT",19,-3
"5666",5775,2115,828,"SEEN1",19,63
"5667",5776,2115,465,"SEEN1",19,63
"5668",5777,2115,453,"SEEN1",19,63
"5669",5778,2115,2844,"H",19,63
"5670",5779,2115,916,"AB",19,63
"5671",5780,2115,468,"BrF",19,63
"5672",5781,2115,176,"BrM",19,63
"5673",5782,2116,51,"SEEN1",19,67
"5674",5783,2116,453,"SEEN1",19,67
"5675",5784,2116,561,"BrF",19,67
"5676",5785,2116,467,"BrM",19,67
"5677",5786,2117,2675,"ABX",19,68
"5678",5787,2117,878,"BrF",19,68
"5679",5788,2117,879,"BrM",19,68
"5680",5790,2,946,"XF",19,69
"5681",5791,2,2676,"BrF",19,69
"5682",5792,2,2677,"BrM",19,69
"5683",5793,2118,2678,"SEEN1",19,71
"5684",5794,2118,826,"ABX",19,71
"5685",5795,2118,918,"ABX",19,71
"5686",5796,2118,171,"BrF",19,71
"5687",5797,2118,877,"BrM",19,71
"5688",5798,2119,627,"SEEN1",19,73
"5689",5799,2119,835,"SEEN1",19,73
"5690",5800,2119,2847,"BrF",19,73
"5691",5801,2119,436,"BrM",19,73
"5692",5802,2120,836,"SEEN1",19,74
"5693",5803,2120,2679,"ABX",19,74
"5694",5804,2120,835,"BrF",19,74
"5695",5805,2120,860,"BrM",19,74
"5696",5806,2121,871,"FL",19,76
"5697",5807,2121,521,"AB",19,76
"5698",5808,2121,628,"BrF",19,76
"5699",5809,2121,2650,"BrM",19,76
"5700",5810,2122,630,"BrF",19,80
"5701",5811,2122,2651,"BrM",19,80
"5702",5812,2123,856,"ABX",19,81
"5703",5813,2123,853,"BrF",19,81
"5704",5814,2123,881,"BrM",19,81
"5705",5815,2124,629,"SEEN1",19,83
"5706",5816,2124,832,"BrF",19,83
"5707",5817,2124,523,"BrM",19,83
"5708",5818,2125,472,"SEEN1",19,84
"5709",5819,2125,863,"BrF",19,84
"5710",5820,2125,629,"BrM",19,84
"5711",5821,2126,2680,"ABX",19,86
"5712",5822,2126,522,"BrF",19,86
"5713",5823,2126,830,"BrM",19,86
"5714",5824,3315,2681,"ABX",19,87
"5715",5825,3315,251,"BrF",19,87
"5716",5826,3315,479,"BrF",19,87
"5717",5827,3315,2682,"BrM",19,87
"5718",5828,2127,632,"SEEN1",19,89
"5719",5829,2127,945,"FL",19,89
"5720",5830,2127,880,"XF",19,89
"5721",5831,2127,474,"H",19,89
"5722",5832,2127,168,"BrF",19,89
"5723",5833,2127,831,"BrM",19,89
"5724",5834,2128,478,"ABX",19,92
"5725",5835,2128,858,"BrF",19,92
"5726",5836,2128,857,"BrM",19,92
"5727",5837,2129,855,"BrF",19,94
"5728",5838,2129,854,"BrM",19,94
"5729",5839,2130,642,"SEEN1",19,95
"5730",5840,2130,865,"ABX",19,95
"5731",5841,2130,866,"ABX",19,95
"5732",5842,2130,862,"BrF",19,95
"5733",5843,2130,864,"BrM",19,95
"5734",5844,2131,640,"BrF",19,99
"5735",5845,2131,525,"BrM",19,99
"5736",5846,2132,635,"BrF",19,102
"5737",5847,2132,636,"BrM",19,102
"5738",5848,2133,526,"SEEN1",19,103
"5739",5849,2133,527,"SEEN1",19,103
"5740",5850,2133,875,"XF",19,103
"5741",5851,2133,528,"H",19,103
"5742",5852,2133,64,"BrF",19,103
"5743",5853,2133,178,"BrM",19,103
"5744",5854,2134,2683,"SEEN1",19,104
"5745",5855,2134,667,"ABX",19,104
"5746",5856,2134,641,"ABX",19,104
"5747",5857,2134,530,"BrF",19,104
"5748",5858,2134,637,"BrM",19,104
"5749",5859,2135,670,"BrF",19,105
"5750",5860,2135,849,"BrM",19,105
"5751",5861,2136,541,"BrF",19,106
"5752",5862,2136,539,"BrM",19,106
"5753",5863,2137,663,"SEEN1",19,107
"5754",5864,2137,667,"SEEN1",19,107
"5755",5866,2138,506,"H",19,108
"5756",5867,2138,861,"FL",19,108
"5757",5868,2138,2684,"H",19,108
"5758",5869,2138,505,"BrF",19,108
"5759",5870,2138,75,"BrM",19,108
"5760",5871,2139,529,"SEEN1",19,109
"5761",5872,2139,40,"BrF",19,109
"5762",5873,2139,1862,"BrM",19,109
"5763",5874,2140,2685,"ABX",19,110
"5764",5875,2140,1017,"BrF",19,110
"5765",5876,2140,834,"BrM",19,110
"5766",5877,2141,439,"SEEN1",19,112
"5767",5878,2141,597,"SEEN1",19,112
"5768",5879,2141,914,"SEEN1",19,112
"5769",5880,2141,631,"SEEN1",19,112
"5770",5881,2141,217,"BrF",19,112
"5771",5882,2141,836,"BrM",19,112
"5772",5883,2142,631,"SEEN1",19,115
"5773",5884,2142,329,"BrF",19,115
"5774",5885,2142,833,"H",19,115
"5775",5886,2142,297,"H",19,115
"5776",5887,2142,298,"BrM",19,115
"5777",5888,2143,642,"SEEN1",19,116
"5778",5889,2143,2686,"ABX",19,116
"5779",5890,2143,531,"BrF",19,116
"5780",5891,2143,776,"BrM",19,116
"5781",5892,2144,843,"ABX",19,117
"5782",5893,2144,774,"ABX",19,117
"5783",5894,2144,775,"BrF",19,117
"5784",5895,2144,642,"BrM",19,117
"5785",5896,2145,2687,"BrF",19,121
"5786",5897,2145,331,"BrM",19,121
"5787",5898,2146,495,"SEEN1",19,123
"5788",5899,2146,2688,"ABX",19,123
"5789",5900,2146,508,"BrF",19,123
"5790",5901,2146,602,"BrM",19,123
"5791",5902,2147,870,"XF",19,124
"5792",5903,2147,872,"BrF",19,124
"5793",5904,2147,873,"BrM",19,124
"5794",5905,2148,876,"H",19,125
"5795",5906,2148,2689,"H",19,125
"5796",5907,2148,638,"BrF",19,125
"5797",5908,2148,633,"BrM",19,125
"5798",5909,2149,919,"SEEN1",19,126
"5799",5910,2149,2690,"ABX",19,126
"5800",5911,2149,679,"ABX",19,126
"5801",5912,2149,476,"BrF",19,126
"5802",5913,2149,477,"BrM",19,126
"5803",5914,2150,2691,"ABX",19,127
"5804",5915,2150,551,"BrF",19,127
"5805",5916,2150,676,"BrM",19,127
"5806",5917,2151,675,"BrF",19,129
"5807",5918,2151,550,"BrM",19,129
"5808",5919,2152,2692,"ABX",19,130
"5809",5920,2152,2693,"BrF",19,130
"5810",5921,2152,549,"BrM",19,130
"5811",5922,2153,869,"XF",19,132
"5812",5923,2153,2694,"BrF",19,132
"5813",5924,2153,851,"BrM",19,132
"5814",5925,2154,666,"SEEN1",19,134
"5815",5926,2154,546,"SEEN1",19,134
"5816",5927,2154,941,"SEEN1",19,134
"5817",5928,2154,2656,"ABX",19,134
"5818",5929,2154,543,"BrF",19,134
"5819",5930,2154,540,"BrM",19,134
"5820",5931,2155,2695,"BrF",19,136
"5821",5932,2155,941,"BrM",19,136
"5822",5933,2156,548,"SEEN1",19,137
"5823",5934,2156,845,"BrF",19,137
"5824",5935,2156,674,"BrM",19,137
"5825",5936,2157,472,"BrF",19,138
"5826",5937,2157,546,"BrM",19,138
"5827",5938,2158,937,"ABX",19,141
"5828",5939,2158,938,"ABX",19,141
"5829",5940,2158,677,"BrF",19,141
"5830",5941,2158,673,"BrM",19,141
"5831",5942,2159,665,"ABX",19,144
"5832",5943,2159,542,"BrF",19,144
"5833",5944,2159,208,"BrM",19,144
"5834",5945,2160,554,"BrF",19,149
"5835",5946,2160,664,"BrM",19,149
"5836",5947,2161,2696,"BrM",19,150
"5837",5948,2162,554,"SEEN1",19,155
"5838",5949,2162,844,"ABX",19,155
"5839",5950,2162,671,"BrF",19,155
"5840",5951,2164,547,"BrM",19,158
"5841",5952,2163,552,"SEEN1",19,157
"5842",5953,2163,666,"BrF",19,157
"5843",5954,2163,2657,"BrM",19,157
"5844",5955,2165,672,"SEEN1",19,159
"5845",5956,2165,544,"ABX",19,159
"5846",5957,2165,2697,"BrF",19,159
"5847",5958,2165,668,"BrM",19,159
"5848",5959,2166,846,"ABX",19,160
"5849",5960,2166,847,"ABX",19,160
"5850",5961,2166,940,"BrF",19,160
"5851",5962,2166,545,"BrM",19,160
"5852",5963,2167,31,"SEEN1",19,163
"5853",5964,2167,627,"BrF",19,163
"5854",5965,2167,556,"BrM",19,163
"5855",5966,2168,663,"BrF",19,164
"5856",5967,2168,681,"BrM",19,164
"5857",5969,2169,678,"SEEN1",19,165
"5858",5970,2169,2698,"ABX",19,165
"5859",5971,2169,680,"BrF",19,165
"5860",5972,2169,559,"BrM",19,165
"5861",5973,2170,563,"SEEN1",19,166
"5862",5974,2170,2699,"BrF",19,166
"5863",5975,2170,824,"BrM",19,166
"5864",5976,2171,892,"XF",19,167
"5865",5977,2171,942,"BrF",19,167
"5866",5978,2171,852,"BrM",19,167
"5867",5979,2172,2700,"BrM",19,168
"5868",5980,2173,605,"SEEN1",19,169
"5869",5981,2173,468,"SEEN1",19,169
"5870",5982,2173,467,"SEEN1",19,169
"5871",5984,2173,827,"BrF",19,169
"5872",5985,2173,920,"BrM",19,169
"5873",5986,2174,2701,"BrF",19,170
"5874",5987,2175,629,"SEEN1",19,171
"5875",5988,2175,884,"XF",19,171
"5876",5989,2175,524,"BrF",19,171
"5877",5990,2175,634,"BrM",19,171
"5878",5991,2176,2702,"BrF",19,172
"5879",5992,2176,509,"BrM",19,172
"5880",5993,2177,601,"BrF",19,173
"5881",5994,2177,506,"BrM",19,173
"5882",5995,2197,1033,"XF",21,1
"5883",5996,2197,912,"BrF",21,1
"5884",5997,2197,922,"BrM",21,1
"5885",5998,2198,927,"BrF",21,2
"5886",5999,2198,501,"BrM",21,2
"5887",6000,2199,925,"BrF",21,3
"5888",6001,2199,837,"BrM",21,3
"5889",6002,2200,504,"BrF",21,5
"5890",6003,2200,44,"BrM",21,5
"5891",6004,2201,943,"ABX",21,8
"5892",6005,2201,596,"BrF",21,8
"5893",6006,2201,497,"BrM",21,8
"5894",6007,2202,1061,"CH",21,9
"5895",6008,2202,595,"BrF",21,9
"5896",6009,2202,495,"BrM",21,9
"5897",6010,2203,833,"BrF",21,12
"5898",6011,2203,200,"BrM",21,12
"5899",6012,2204,1029,"XF",21,13
"5900",6013,2204,1016,"CH",21,13
"5901",6014,2204,867,"H",21,13
"5902",6015,2204,823,"BrF",21,13
"5903",6016,2204,562,"BrM",21,13
"5904",6017,2205,2849,"CH",21,14
"5905",6018,2205,930,"H",21,14
"5906",6019,2205,458,"BrF",21,14
"5907",6020,2205,499,"BrM",21,14
"5908",6021,2206,1859,"BrF",21,15
"5909",6022,2206,842,"BrM",21,15
"5910",6023,2207,457,"BrF",21,16
"5911",6024,2207,22,"BrM",21,16
"5912",6025,2208,840,"BrF",21,20
"5913",6026,2208,597,"BrM",21,20
"5914",6027,2209,949,"ABX",21,22
"5915",6028,2209,172,"BrF",21,22
"5916",6029,2209,1861,"BrM",21,22
"5917",6030,2210,1021,"BrF",21,23
"5918",6031,2210,1020,"BrM",21,23
"5919",6032,2211,838,"BrF",21,24
"5920",6033,2211,29,"BrM",21,24
"5921",6034,2212,886,"ABX",21,25
"5922",6035,2212,502,"BrF",21,25
"5923",6036,2212,215,"BrM",21,25
"5924",6038,3316,924,"BrF",21,26
"5925",6039,3316,220,"BrM",21,26
"5926",6040,2213,2850,"SEEN1",21,27
"5927",6041,2213,1055,"BrF",21,27
"5928",6042,2213,1039,"BrM",21,27
"5929",6043,2214,1036,"SEEN1",21,28
"5930",6044,2214,868,"ABX",21,28
"5931",6045,2214,169,"BrF",21,28
"5932",6046,2214,21,"BrM",21,28
"5933",6047,2215,2666,"BrF",21,30
"5934",6048,2215,507,"BrM",21,30
"5935",6050,11,825,"BrF",21,32
"5936",6051,11,672,"BrM",21,32
"5937",6052,2216,1045,"FL",21,33
"5938",6053,2216,503,"BrF",21,33
"5939",6054,2216,470,"BrM",21,33
"5940",6055,2217,1048,"CH",21,34
"5941",6056,2218,887,"ABX",21,35
"5942",6057,2218,444,"BrF",21,35
"5943",6058,2218,293,"BrM",21,35
"5944",6059,2219,441,"BrF",21,38
"5945",6060,2219,42,"BrM",21,38
"5946",6061,2220,1049,"FL",21,40
"5947",6062,2220,799,"H",21,40
"5948",6063,2220,500,"BrF",21,40
"5949",6064,2220,494,"BrM",21,40
"5950",6065,2221,1054,"XF",21,41
"5951",6066,2221,890,"AB",21,41
"5952",6067,2221,889,"AB",21,41
"5953",6068,2221,442,"H",21,41
"5954",6069,2221,199,"BrF",21,41
"5955",6070,2223,609,"BrM",21,44
"5956",6071,2223,2703,"ABX",21,44
"5957",6072,2223,794,"BrF",21,44
"5958",6074,2224,2851,"SEEN1",21,45
"5959",6075,2224,2668,"H",21,45
"5960",6076,2224,1024,"AB",21,45
"5961",6077,2224,841,"SEEN1",21,45
"5962",6078,2224,454,"BrF",21,45
"5963",6079,2224,221,"BrM",21,45
"5964",6080,2225,2671,"SEEN1",21,47
"5965",6081,2225,604,"BrF",21,47
"5966",6082,2225,921,"BrM",21,47
"5967",6083,2226,2704,"ABX",21,48
"5968",6085,2226,455,"BrF",21,48
"5969",6086,2226,828,"SEEN1",21,48
"5970",6087,2227,2705,"ABX",21,49
"5971",6088,2227,511,"BrF",21,49
"5972",6089,2227,2672,"BrM",21,49
"5973",6090,2228,828,"ABX",21,51
"5974",6091,2228,2673,"ABX",21,51
"5975",6092,2228,466,"BrF",21,51
"5976",6093,2228,51,"BrM",21,51
"5977",6095,12,464,"BrF",21,52
"5978",6096,12,25,"BrM",21,52
"5979",6097,2229,1025,"ABX",21,53
"5980",6098,2229,932,"H",21,53
"5981",6099,2229,308,"BrF",21,53
"5982",6100,2229,216,"BrM",21,53
"5983",6101,2230,447,"BrF",21,54
"5984",6102,2230,448,"BrM",21,54
"5985",6103,2231,1030,"FL",21,55
"5986",6104,2231,459,"H",21,55
"5987",6105,2231,1027,"ABX",21,55
"5988",6106,2231,465,"ABX",21,55
"5989",6107,2231,462,"BrF",21,55
"5990",6108,2231,947,"BrM",21,55
"5991",6109,2232,1059,"XF",21,56
"5992",6110,2232,917,"H",21,56
"5993",6111,2232,207,"BrF",21,56
"5994",6112,2232,65,"BrM",21,56
"5995",6113,2233,776,"SEEN1",21,57
"5996",6114,2233,449,"BrF",21,57
"5997",6115,2233,557,"BrM",21,57
"5998",6116,2234,1035,"ABX",21,59
"5999",6117,2234,1026,"OFL",21,59
"6000",6118,2234,163,"H",21,59
"6001",6119,2234,608,"H",21,59
"6002",6120,2234,850,"BrF",21,59
"6003",6121,2234,510,"BrM",21,59
"6004",6122,2235,78,"BrF",21,61
"6005",6123,2235,555,"BrM",21,61
"6006",6124,2236,607,"ABX",21,62
"6007",6125,2236,885,"ABX",21,62
"6008",6126,2236,469,"BrF",21,62
"6009",6127,2236,606,"BrM",21,62
"6010",6128,2237,1032,"FL",21,63
"6011",6129,2237,916,"ABX",21,63
"6012",6130,2237,468,"ABX",21,63
"6013",6131,2237,827,"BrF",21,63
"6014",6132,2237,176,"BrM",21,63
"6015",6133,2238,529,"BrF",21,65
"6016",6134,2238,453,"BrM",21,65
"6017",6135,2239,1038,"FL",21,67
"6018",6136,2239,561,"BrF",21,67
"6019",6137,2239,467,"BrM",21,67
"6020",6138,2240,2675,"ABX",21,68
"6021",6139,2240,878,"BrF",21,68
"6022",6140,2240,879,"BrM",21,68
"6023",6141,2241,775,"ABX",21,69
"6024",6142,2241,2676,"BrF",21,69
"6025",6143,2241,2677,"BrM",21,69
"6026",6144,2242,171,"BrF",21,71
"6027",6145,2242,877,"BrM",21,71
"6028",6146,2243,792,"BrF",21,73
"6029",6147,2243,436,"BrM",21,73
"6030",6148,2244,1062,"FL",21,74
"6031",6149,2244,835,"BrF",21,74
"6032",6150,2244,860,"BrM",21,74
"6033",6151,2245,949,"SEEN1",21,76
"6034",6152,2245,1036,"SEEN2",21,76
"6035",6153,2245,1050,"XF",21,76
"6036",6154,2245,628,"BrF",21,76
"6037",6155,2245,1037,"BrM",21,76
"6038",6156,2246,2706,"SEEN1",21,80
"6039",6157,2246,630,"BrF",21,80
"6040",6158,2246,1041,"BrM",21,80
"6041",6159,2247,1047,"XF",21,81
"6042",6160,2247,853,"BrF",21,81
"6043",6161,2247,865,"BrM",21,81
"6044",6162,2248,832,"BrF",21,83
"6045",6163,2248,523,"BrM",21,83
"6046",6164,2249,450,"ABX",21,84
"6047",6165,2249,2707,"ABX",21,84
"6048",6166,2249,2708,"ABX",21,84
"6049",6167,2249,863,"BrF",21,84
"6050",6168,2249,629,"BrM",21,84
"6051",6169,2250,1019,"ABX",21,86
"6052",6170,2250,522,"BrF",21,86
"6053",6171,2250,1015,"BrM",21,86
"6054",6172,2251,951,"ABX",21,87
"6055",6173,2251,479,"BrF",21,87
"6056",6174,2251,866,"BrM",21,87
"6057",6175,2252,1031,"FL",21,89
"6058",6176,2252,880,"H",21,89
"6059",6177,2252,168,"BrF",21,89
"6060",6178,2252,474,"H",21,89
"6061",6179,2252,831,"BrM",21,89
"6062",6180,2253,2709,"BrF",21,90
"6063",6181,2253,632,"BrM",21,90
"6064",6182,2254,1051,"CH",21,92
"6065",6183,2254,858,"BrF",21,92
"6066",6184,2254,857,"BrM",21,92
"6067",6185,2255,855,"BrF",21,94
"6068",6186,2255,854,"BrM",21,94
"6069",6187,2256,866,"ABX",21,95
"6070",6188,2256,862,"BrF",21,95
"6071",6189,2256,864,"BrM",21,95
"6072",6190,2257,640,"BrF",21,99
"6073",6191,2257,525,"BrM",21,99
"6074",6192,2258,2710,"BrF",21,101
"6075",6193,2258,849,"BrM",21,101
"6076",6194,2259,635,"BrF",21,102
"6077",6195,2259,636,"BrM",21,102
"6078",6197,13,1063,"CH",21,103
"6079",6198,13,528,"H",21,103
"6080",6199,13,64,"BrF",21,103
"6081",6200,13,178,"BrM",21,103
"6082",6201,2260,1056,"FL",21,104
"6083",6202,2260,2711,"NS",21,104
"6084",6203,2260,530,"BrF",21,104
"6085",6204,2260,641,"H",21,104
"6086",6205,2260,637,"BrM",21,104
"6087",6206,2261,2712,"ABX",21,105
"6088",6207,2261,670,"BrF",21,105
"6089",6208,2262,2713,"ABX",21,106
"6090",6209,2262,2714,"BrF",21,106
"6091",6210,2262,539,"BrM",21,106
"6092",6211,2263,1023,"ABX",21,108
"6093",6212,2263,1022,"ABX",21,108
"6094",6213,2263,505,"BrF",21,108
"6095",6214,2263,75,"BrM",21,108
"6096",6216,2264,40,"BrF",21,109
"6097",6217,2264,1862,"BrM",21,109
"6098",6218,2265,1046,"CH",21,110
"6099",6219,2265,1040,"AB",21,110
"6100",6220,2265,1017,"BrF",21,110
"6101",6221,2265,1018,"BrM",21,110
"6102",6222,2266,868,"SEEN1",21,112
"6103",6223,2266,869,"SEEN2",21,112
"6104",6224,2266,1016,"XF",21,112
"6105",6225,2266,950,"H",21,112
"6106",6226,2266,217,"BrF",21,112
"6107",6227,2266,836,"BrM",21,112
"6108",6228,2267,1034,"XF",21,115
"6109",6229,2267,297,"H",21,115
"6110",6230,2267,329,"BrF",21,115
"6111",6231,2267,298,"BrM",21,115
"6112",6232,2268,2686,"ABX",21,116
"6113",6233,2268,531,"BrF",21,116
"6114",6234,2268,776,"BrM",21,116
"6115",6235,2269,774,"BrF",21,117
"6116",6236,2269,2715,"BrM",21,117
"6117",6237,2270,508,"BrF",21,123
"6118",6238,2270,602,"BrM",21,123
"6119",6239,2271,1058,"XF",21,124
"6120",6240,2271,870,"H",21,124
"6121",6241,2271,872,"BrF",21,124
"6122",6242,2271,873,"BrM",21,124
"6123",6243,2272,638,"H",21,125
"6124",6244,2272,876,"ABX",21,125
"6125",6245,2272,2689,"ABX",21,125
"6126",6246,2272,2716,"BrF",21,125
"6127",6247,2272,633,"BrM",21,125
"6128",6248,2273,949,"SEEN1",21,126
"6129",6249,2273,2690,"ABX",21,126
"6130",6250,2273,476,"ABX",21,126
"6131",6251,2273,919,"BrF",21,126
"6132",6252,2273,477,"BrM",21,126
"6133",6253,2274,551,"BrF",21,127
"6134",6254,2274,676,"BrM",21,127
"6135",6255,2275,1057,"FL",21,129
"6136",6256,2275,1060,"FL",21,129
"6137",6257,2275,675,"BrF",21,129
"6138",6258,2275,846,"BrM",21,129
"6139",6259,2276,2693,"BrF",21,130
"6140",6260,2276,549,"BrM",21,130
"6141",6261,2277,673,"BrM",21,131
"6142",6262,2278,1052,"FL",21,132
"6143",6263,2278,2717,"ABX",21,132
"6144",6264,2278,869,"ABX",21,132
"6145",6265,2278,2694,"BrF",21,132
"6146",6266,2278,851,"BrM",21,132
"6147",6268,14,1028,"ABX",21,134
"6148",6269,14,543,"BrF",21,134
"6149",6270,14,540,"BrM",21,134
"6150",6271,2279,915,"BrF",21,135
"6151",6272,2279,941,"BrM",21,135
"6152",6273,2280,845,"BrF",21,137
"6153",6274,2280,674,"BrM",21,137
"6154",6275,2281,472,"BrF",21,138
"6155",6276,2281,847,"BrM",21,138
"6156",6277,2282,938,"ABX",21,141
"6157",6278,2282,677,"BrF",21,141
"6158",6279,2282,550,"BrM",21,141
"6159",6280,2283,2718,"ABX",21,144
"6160",6281,2283,665,"BrF",21,144
"6161",6282,2283,208,"BrM",21,144
"6162",6283,2284,666,"SEEN1",21,147
"6163",6284,2284,844,"BrF",21,147
"6164",6285,2285,2719,"BrF",21,149
"6165",6286,2285,830,"BrM",21,149
"6166",6287,2286,554,"BrF",21,155
"6167",6288,2288,547,"BrM",21,158
"6168",6289,2287,666,"BrF",21,157
"6169",6290,2287,2720,"BrM",21,157
"6170",6291,2289,2721,"ABX",21,159
"6171",6292,2289,2722,"BrF",21,159
"6172",6293,2289,544,"BrM",21,159
"6173",6294,2290,931,"BrF",21,160
"6174",6295,2290,545,"BrM",21,160
"6175",6296,2291,627,"BrF",21,163
"6176",6297,2291,556,"BrM",21,163
"6177",6298,2292,2723,"ABX",21,164
"6178",6299,2292,663,"BrF",21,164
"6179",6300,2292,509,"BrM",21,164
"6180",6301,2293,1044,"XF",21,165
"6181",6302,2293,1043,"BrF",21,165
"6182",6303,2293,559,"BrM",21,165
"6183",6304,2294,2724,"ABX",21,166
"6184",6305,2294,2699,"BrF",21,166
"6185",6306,2294,824,"BrM",21,166
"6186",6307,2295,942,"BrF",21,167
"6187",6308,2295,852,"BrM",21,167
"6188",6309,2296,2725,"BrF",21,168
"6189",6310,2297,2726,"BrF",21,169
"6190",6311,2297,920,"BrM",21,169
"6191",6312,2298,2701,"BrF",21,170
"6192",6313,2298,2727,"BrM",21,170
"6193",6314,2299,1042,"XF",21,171
"6194",6315,2299,1053,"XF",21,171
"6195",6316,2299,884,"H",21,171
"6196",6317,2299,524,"BrF",21,171
"6197",6318,2299,634,"BrM",21,171
"6198",6319,2300,601,"BrF",21,173
"6199",6320,2300,506,"BrM",21,173
"6200",6321,3025,912,"BrF",39,1
"6201",6322,3025,1348,"BrM",39,1
"6202",6323,3025,1366,"ABX",39,1
"6203",6324,3025,1419,"ABX",39,1
"6204",6325,3025,1602,"CH",39,1
"6205",6326,3026,501,"BrM",39,2
"6206",6327,3026,927,"BrF",39,2
"6207",6328,3027,925,"BrF",39,3
"6208",6329,3027,1287,"BrM",39,3
"6209",6330,3027,1601,"CH",39,3
"6210",6331,3028,911,"BrM",39,4
"6211",6332,3028,1392,"BrF",39,4
"6212",6333,3029,504,"BrF",39,5
"6213",6334,3029,1187,"BrM",39,5
"6214",6335,3029,3269,"FL",39,5
"6215",6336,3029,1545,"U",39,5
"6216",6337,3030,1521,"U",39,6
"6217",6338,3030,3268,"FL",39,6
"6218",6339,3031,1362,"BrF",39,7
"6219",6340,3031,1509,"BrM",39,7
"6220",6341,3032,497,"BrM",39,8
"6221",6342,3032,1584,"U",39,8
"6222",6343,3033,495,"BrM",39,9
"6223",6344,3033,595,"BrF",39,9
"6224",6345,3033,1585,"FL",39,9
"6225",6346,3134,912,"BrF",40,1
"6226",6347,3134,1348,"BrM",40,1
"6227",6348,3134,1366,"H",40,1
"6228",6349,3134,1614,"FL",40,1
"6229",6350,3135,501,"BrM",40,2
"6230",6351,3135,927,"BrF",40,2
"6231",6352,3135,1684,"ABX",40,2
"6232",6353,3136,925,"BrF",40,3
"6233",6354,3136,1287,"BrM",40,3
"6234",6355,3136,1601,"ABX",40,3
"6235",6356,3137,911,"BrM",40,4
"6236",6357,3137,1532,"BrF",40,4
"6237",6358,3138,1187,"BrM",40,5
"6238",6360,3139,1521,"U",40,6
"6239",6361,3139,1603,"BrF",40,6
"6240",6362,3140,1362,"BrF",40,7
"6241",6363,3140,1509,"BrM",40,7
"6242",6364,3141,497,"BrM",40,8
"6243",6365,3141,3231,"U",40,8
"6244",6366,3142,495,"BrM",40,9
"6245",6367,3142,595,"BrF",40,9
"6246",6368,3142,1585,"ABX",40,9
"6247",6369,3143,1485,"BrM",40,12
"6248",6370,3144,823,"BrF",40,13
"6249",6371,3144,1268,"BrM",40,13
"6250",6372,3144,1620,"FL",40,13
"6251",6374,3145,329,"ABX",40,14
"6252",6375,3145,458,"BrF",40,14
"6253",6376,3145,499,"BrM",40,14
"6254",6377,3146,929,"BrM",40,15
"6255",6378,3146,1589,"BrF",40,15
"6256",6379,3147,1209,"BrM",40,16
"6257",6380,3147,1409,"BrF",40,16
"6258",6381,3148,1152,"BrF",40,17
"6259",6382,3148,1349,"BrM",40,17
"6260",6383,3149,597,"BrM",40,20
"6261",6384,3149,840,"BrF",40,20
"6262",6385,3149,1623,"FL",40,20
"6263",6386,3150,1511,"BrF",40,22
"6264",6387,3150,1499,"BrM",40,22
"6265",6388,3151,1020,"BrM",40,23
"6266",6389,3151,1247,"BrF",40,23
"6267",6390,3151,1604,"ABX",40,23
"6268",6391,3152,1059,"BrF",40,24
"6269",6392,3152,1515,"BrM",40,24
"6270",6393,3153,1359,"BrM",40,25
"6271",6394,3153,1506,"BrF",40,25
"6272",6395,3154,3238,"FL",40,26
"6273",6396,3154,220,"BrM",40,26
"6274",6397,3154,1493,"ABX",40,26
"6275",6399,3154,1531,"BrF",40,26
"6276",6400,3155,1039,"BrM",40,27
"6277",6401,3155,1346,"BrF",40,27
"6278",6402,3156,1501,"BrF",40,28
"6279",6403,3156,1606,"U",40,28
"6280",6404,3157,507,"BrM",40,30
"6281",6405,3157,1221,"ABX",40,30
"6282",6406,3157,1503,"BrF",40,30
"6283",6407,3157,3237,"U",40,30
"6284",6408,3158,825,"BrF",40,32
"6285",6409,3158,1286,"BrM",40,32
"6286",6410,3159,503,"BrF",40,33
"6287",6411,3159,1214,"BrM",40,33
"6288",6413,3160,1536,"BrF",40,34
"6289",6414,3160,3236,"U",40,34
"6290",6415,3161,444,"BrF",40,35
"6291",6416,3161,1166,"BrM",40,35
"6292",6417,3162,1218,"BrF",40,37
"6293",6418,3162,1542,"ABX",40,37
"6294",6419,3163,441,"BrF",40,38
"6295",6420,3163,1165,"BrM",40,38
"6296",6421,3163,1594,"ABX",40,38
"6297",6422,3164,1415,"BrF",40,39
"6298",6423,3164,1564,"BrM",40,39
"6299",6424,3165,494,"BrM",40,40
"6300",6425,3165,1222,"BrF",40,40
"6301",6426,3165,1605,"ABX",40,40
"6302",6427,3165,1607,"FL",40,40
"6303",6428,3166,3235,"FL",40,42
"6304",6429,3166,199,"BrF",40,42
"6305",6430,3166,442,"ABX",40,42
"6306",6431,3166,609,"BrM",40,42
"6307",6433,3166,1543,"ABX",40,42
"6308",6434,3166,1555,"ABX",40,42
"6309",6435,3167,1029,"BrM",40,43
"6310",6436,3167,1573,"BrF",40,43
"6311",6437,3168,221,"BrM",40,45
"6312",6438,3168,454,"BrF",40,45
"6313",6439,3168,1390,"ABX",40,45
"6314",6440,3168,1404,"ABX",40,45
"6315",6441,3169,921,"BrM",40,47
"6316",6442,3169,1383,"BrF",40,47
"6317",6443,3170,826,"BrF",40,48
"6318",6444,3170,1213,"BrM",40,48
"6319",6445,3170,1573,"SEEN1",40,48
"6320",6446,3171,1386,"BrF",40,49
"6321",6447,3171,1388,"ABX",40,49
"6322",6448,3171,1557,"BrM",40,49
"6323",6449,3172,1502,"BrF",40,50
"6324",6450,3172,1553,"BrM",40,50
"6325",6451,3173,51,"BrM",40,51
"6326",6452,3173,1361,"BrF",40,51
"6327",6453,3174,1370,"BrM",40,52
"6328",6454,3174,1384,"BrF",40,52
"6329",6455,3174,1616,"ABX",40,52
"6330",6456,3175,3234,"ABX",40,53
"6331",6457,3175,216,"BrM",40,53
"6332",6458,3175,308,"BrF",40,53
"6333",6459,3175,932,"ABX",40,53
"6334",6460,3176,1504,"BrM",40,54
"6335",6461,3176,1552,"BrF",40,54
"6336",6462,3177,3233,"OFL",40,55
"6337",6463,3177,459,"BrF",40,55
"6338",6464,3177,1441,"BrM",40,55
"6339",6465,3178,949,"BrF",40,57
"6340",6466,3178,1540,"BrM",40,57
"6341",6467,3180,1032,"BrM",40,60
"6342",6468,3180,1369,"BrF",40,60
"6343",6469,3180,1572,"ABX",40,60
"6344",6470,3181,607,"BrM",40,61
"6345",6471,3181,1563,"BrF",40,61
"6346",6472,3182,1538,"BrF",40,62
"6347",6473,3182,1539,"BrM",40,62
"6348",6474,3183,176,"BrM",40,63
"6349",6475,3183,1042,"BrF",40,63
"6350",6476,3185,1305,"BrF",40,67
"6351",6477,3185,1431,"ABX",40,67
"6352",6478,3185,1595,"BrM",40,67
"6353",6479,3186,1156,"BrM",40,68
"6354",6480,3186,1200,"BrF",40,68
"6355",6481,3187,3232,"ABX",40,69
"6356",6482,3187,1193,"BrF",40,69
"6357",6483,3187,1495,"ABX",40,69
"6358",6484,3187,1622,"FL",40,69
"6359",6485,3187,1624,"FL",40,69
"6360",6486,3188,1188,"BrM",40,71
"6361",6487,3188,1244,"BrF",40,71
"6362",6488,3189,1184,"BrM",40,72
"6363",6489,3189,1186,"BrF",40,72
"6364",6490,3189,3230,"U",40,72
"6365",6491,3190,1031,"BrM",40,74
"6366",6492,3190,1490,"ABX",40,74
"6367",6493,3191,1559,"BrF",40,75
"6368",6494,3191,1591,"BrM",40,75
"6369",6495,3192,3229,"OFL",40,76
"6370",6496,3192,628,"BrF",40,76
"6371",6497,3192,1358,"BrM",40,76
"6372",6498,3193,3228,"OFL",40,77
"6373",6499,3193,1158,"BrF",40,77
"6374",6500,3193,1367,"BrM",40,77
"6375",6501,3194,1355,"BrF",40,79
"6376",6502,3194,1357,"BrM",40,79
"6377",6503,3195,1173,"BrF",40,80
"6378",6504,3195,1435,"ABX",40,80
"6379",6505,3195,1566,"BrM",40,80
"6380",6506,3196,865,"BrM",40,81
"6381",6507,3196,1508,"BrF",40,81
"6382",6508,3197,3227,"BrF",40,82
"6383",6509,3197,1356,"BrM",40,82
"6384",6510,3198,523,"BrM",40,83
"6385",6511,3198,832,"BrF",40,83
"6386",6512,3198,1618,"FL",40,83
"6387",6513,3199,1491,"BrF",40,85
"6388",6514,3199,1615,"BrM",40,85
"6389",6515,3200,522,"BrF",40,86
"6390",6516,3200,1360,"BrM",40,86
"6391",6517,3201,1437,"BrF",40,87
"6392",6518,3201,1578,"BrM",40,87
"6393",6519,3202,951,"BrF",40,88
"6394",6520,3202,1196,"BrM",40,88
"6395",6521,3202,1583,"SEEN1",40,88
"6396",6522,3203,168,"BrF",40,89
"6397",6523,3203,1045,"BrM",40,89
"6398",6524,3204,862,"BrF",40,90
"6399",6525,3204,1489,"BrM",40,90
"6400",6526,3205,1488,"BrM",40,91
"6401",6527,3205,1575,"BrF",40,91
"6402",6528,3206,3226,"BrM",40,92
"6403",6529,3206,858,"BrF",40,92
"6404",6530,3207,1195,"BrF",40,94
"6405",6531,3208,917,"BrM",40,95
"6406",6532,3208,1170,"BrF",40,95
"6407",6533,3209,1428,"BrF",40,98
"6408",6534,3209,1438,"U",40,98
"6409",6535,3209,3225,"U",40,98
"6410",6536,3210,1161,"BrF",40,99
"6411",6537,3210,1533,"BrM",40,99
"6412",6538,3211,476,"BrF",40,100
"6413",6539,3211,1394,"BrM",40,100
"6414",6540,3212,849,"BrM",40,101
"6415",6541,3212,1403,"BrF",40,101
"6416",6542,3212,1527,"ABX",40,101
"6417",6543,3213,670,"BrF",40,105
"6418",6544,3213,1381,"BrM",40,105
"6419",6545,3214,1199,"BrM",40,108
"6420",6546,3214,1586,"BrF",40,108
"6421",6547,3215,1040,"BrM",40,109
"6422",6548,3215,1592,"BrF",40,109
"6423",6549,3216,1017,"BrF",40,110
"6424",6550,3216,1621,"FL",40,110
"6425",6551,3216,1018,"BrM",40,110
"6426",6552,3216,3224,"U",40,110
"6427",6553,3217,1512,"BrM",40,111
"6428",6554,3217,1550,"BrF",40,111
"6429",6555,3218,1396,"BrM",40,112
"6430",6556,3218,1510,"BrF",40,112
"6431",6557,3219,297,"BrF",40,115
"6432",6558,3219,1862,"BrM",40,115
"6433",6559,3220,1049,"BrF",40,116
"6434",6560,3220,1608,"BrM",40,116
"6435",6561,3220,3223,"U",40,116
"6436",6562,3221,774,"BrF",40,117
"6437",6563,3221,1598,"ABX",40,117
"6438",6564,3221,3222,"FL",40,117
"6439",6565,3222,1190,"BrF",40,118
"6440",6566,3222,1191,"BrM",40,118
"6441",6567,3222,1205,"ABX",40,118
"6442",6568,3223,3221,"BrF",40,121
"6443",6569,3223,3220,"BrM",40,121
"6444",6570,3224,602,"BrM",40,123
"6445",6571,3224,1380,"BrF",40,123
"6446",6572,3225,3219,"FL",40,125
"6447",6573,3225,638,"BrF",40,125
"6448",6574,3225,1401,"ABX",40,125
"6449",6575,3225,1551,"BrM",40,125
"6450",6576,3226,510,"BrM",40,126
"6451",6577,3226,919,"BrF",40,126
"6452",6578,3227,676,"BrM",40,127
"6453",6579,3227,1024,"BrF",40,127
"6454",6580,3228,1387,"BrF",40,128
"6455",6581,3228,1427,"BrM",40,128
"6456",6582,3229,915,"BrF",40,129
"6457",6583,3229,1412,"BrM",40,129
"6458",6584,3230,509,"BrM",40,130
"6459",6585,3230,1513,"ABX",40,130
"6460",6586,3231,1382,"BrF",40,134
"6461",6587,3231,1429,"H",40,134
"6462",6588,3232,1524,"BrM",40,135
"6463",6589,3232,1588,"BrF",40,135
"6464",6591,3233,845,"BrF",40,137
"6465",6592,3233,1276,"BrM",40,137
"6466",6593,3233,1613,"OFL",40,137
"6467",6594,3234,1171,"BrM",40,139
"6468",6595,3234,1172,"BrF",40,139
"6469",6596,3235,1494,"BrM",40,140
"6470",6597,3235,1617,"BrF",40,140
"6471",6598,3236,677,"BrF",40,141
"6472",6599,3236,938,"H",40,141
"6473",6600,3236,1168,"BrM",40,141
"6474",6601,3236,3218,"OFL",40,141
"6475",6602,3237,1275,"BrF",40,144
"6476",6603,3237,1587,"BrM",40,144
"6477",6604,3238,668,"BrM",40,147
"6478",6605,3238,1436,"U",40,147
"6479",6606,3238,1619,"CH",40,147
"6480",6607,3239,639,"BrF",40,155
"6481",6608,3239,1610,"BrM",40,155
"6482",6609,3240,1425,"BrM",40,157
"6483",6610,3240,1612,"BrF",40,157
"6484",6612,3241,544,"BrM",40,159
"6485",6613,3241,1517,"BrF",40,159
"6486",6614,3242,563,"BrF",40,160
"6487",6615,3242,1430,"BrM",40,160
"6488",6616,3242,3240,"U",40,160
"6489",6617,3243,3239,"ABX",40,165
"6490",6618,3243,1043,"BrF",40,165
"6491",6619,3243,1569,"BrM",40,165
"6492",6620,3244,1177,"BrF",40,166
"6493",6621,3244,1395,"BrM",40,166
"6494",6622,3244,1609,"FL",40,166
"6495",6623,3245,1593,"BrM",40,168
"6496",6624,3246,1155,"BrF",40,169
"6497",6625,3246,1570,"BrM",40,169
"6498",6626,3247,524,"BrF",40,171
"6499",6627,3247,634,"BrM",40,171
"6500",6628,3247,1600,"ABX",40,171
"6501",6629,3248,506,"BrM",40,173
"6502",6630,826,1524,"U",41,95
"6503",6631,3323,1878,"ABX",41,90
"6504",6632,825,1717,"BrF",41,92
"6505",6633,823,1196,"BrM",41,88
"6506",6634,827,1438,"BrF",41,98
"6507",6635,826,3179,"BrM",41,95
"6508",6636,827,1708,"ABX",41,98
"6509",6637,826,1170,"BrF",41,95
"6510",6639,825,3180,"U",41,92
"6511",6640,825,1718,"BrM",41,92
"6512",6641,824,3181,"BrF",41,91
"6513",6642,824,1683,"BrM",41,91
"6514",6643,3323,1738,"FL",41,90
"6515",6644,3323,1722,"BrM",41,90
"6516",6645,823,951,"BrF",41,88
"6517",6646,828,1533,"BrM",41,99
"6518",6647,830,1199,"BrM",41,108
"6519",6648,3272,1583,"U",41,89
"6520",6649,3323,862,"BrF",41,90
"6521",6650,3272,3182,"U",41,89
"6522",6651,824,3134,"SEEN2",41,91
"6523",6652,829,670,"BrF",41,105
"6524",6653,833,1512,"BrM",41,111
"6525",6654,832,1017,"BrF",41,110
"6526",6655,832,3174,"FL",41,110
"6527",6656,817,1664,"ABX",41,74
"6528",6657,823,1704,"CH",41,88
"6529",6658,832,1018,"BrM",41,110
"6530",6659,831,1580,"BrF",41,109
"6531",6660,831,3175,"FL",41,109
"6532",6661,831,1040,"BrM",41,109
"6533",6662,830,1730,"ABX",41,108
"6534",6663,829,1381,"BrM",41,105
"6535",6664,830,1612,"BrF",41,108
"6536",6665,828,1713,"CH",41,99
"6537",6666,829,1735,"H",41,105
"6538",6667,829,1734,"CH",41,105
"6539",6668,3274,3177,"U",41,101
"6540",6669,3274,1893,"ABX",41,101
"6541",6670,3274,849,"BrM",41,101
"6542",6671,3274,1403,"BrF",41,101
"6543",6672,3273,1394,"BrM",41,100
"6544",6673,3273,472,"ABX",41,100
"6545",6674,3273,476,"TBRF",41,100
"6546",6675,828,3178,"H",41,99
"6547",6676,828,1672,"BrF",41,99
"6548",6677,833,1576,"BrF",41,111
"6549",6678,815,1668,"U",41,71
"6550",6679,3266,628,"BrF",41,76
"6551",6680,818,1591,"BrM",41,75
"6552",6681,818,1559,"BrF",41,75
"6553",6682,818,1741,"FL",41,75
"6554",6683,817,1663,"ABX",41,74
"6555",6684,817,1490,"BrF",41,74
"6556",6685,816,1700,"ABX",41,72
"6557",6686,816,1186,"BrF",41,72
"6558",6687,816,1706,"ABX",41,72
"6559",6688,817,1031,"BrM",41,74
"6560",6689,6232,1682,"FLOAT",41,-3
"6561",6690,819,1711,"ABX",41,77
"6562",6691,815,1669,"SEEN1",41,71
"6563",6692,815,1188,"BrM",41,71
"6564",6693,815,1753,"AB",41,71
"6565",6694,815,1244,"BrF",41,71
"6566",6695,815,1703,"CH",41,71
"6567",6696,814,3192,"U",41,69
"6568",6697,834,1742,"FL",41,112
"6569",6698,851,1430,"BrM",41,160
"6570",6699,814,3191,"FL",41,69
"6571",6700,814,1595,"SEEN1",41,69
"6572",6701,816,1221,"BrM",41,72
"6573",6702,3268,1754,"BrM",41,81
"6574",6703,822,3183,"U",41,87
"6575",6704,822,1437,"BrF",41,87
"6576",6705,3271,1360,"BrM",41,86
"6577",6706,3270,1491,"BrF",41,85
"6578",6707,3270,3185,"U",41,85
"6579",6708,3270,3184,"U",41,85
"6580",6709,821,3186,"U",41,83
"6581",6710,821,1604,"U",41,83
"6582",6711,3269,1356,"BrM",41,82
"6583",6712,3269,3187,"BrF",41,82
"6584",6713,3266,3190,"U",41,76
"6585",6714,3268,1623,"U",41,81
"6586",6715,3266,1358,"BrM",41,76
"6587",6716,3268,1508,"BrF",41,81
"6588",6717,820,3188,"BrF",41,80
"6589",6718,820,1731,"FL",41,80
"6590",6719,820,1566,"BrM",41,80
"6591",6720,3267,3189,"FL",41,79
"6592",6721,3267,1355,"BrF",41,79
"6593",6722,819,1158,"BrF",41,77
"6594",6723,819,1435,"BrM",41,77
"6595",6724,819,1712,"ABX",41,77
"6596",6725,822,1578,"BrM",41,87
"6597",6726,3269,1892,"ABX",41,82
"6598",6727,3280,639,"BrF",41,155
"6599",6728,850,3217,"U",41,159
"6600",6729,852,1715,"H",41,165
"6601",6730,851,563,"BrF",41,160
"6602",6731,850,544,"BrM",41,159
"6603",6732,850,2993,"BrF",41,159
"6604",6733,850,1732,"CH",41,159
"6605",6734,849,668,"SEEN1",41,157
"6606",6735,849,1425,"BrM",41,157
"6607",6736,849,1727,"ABX",41,157
"6608",6737,852,1043,"BrF",41,165
"6609",6738,3280,1610,"BrM",41,155
"6610",6739,852,1492,"SEEN1",41,165
"6611",6742,848,1436,"BrF",41,147
"6612",6743,848,668,"BrM",41,147
"6613",6744,847,3162,"FL",41,144
"6614",6745,847,1275,"BrF",41,144
"6615",6746,783,1724,"U",41,11
"6616",6747,847,1587,"BrM",41,144
"6617",6748,846,3163,"FL",41,140
"6618",6749,846,1617,"BrF",41,140
"6619",6750,3280,1728,"U",41,155
"6620",6751,3283,3214,"FL",41,169
"6621",6752,814,1193,"BrF",41,69
"6622",6753,788,1209,"BrM",41,16
"6623",6754,854,601,"U",41,173
"6624",6755,854,522,"BrF",41,173
"6625",6756,854,506,"BrM",41,173
"6626",6757,853,524,"BrF",41,171
"6627",6758,853,1759,"U",41,171
"6628",6759,853,634,"BrM",41,171
"6629",6760,853,1600,"ABX",41,171
"6630",6761,852,1716,"FL",41,165
"6631",6762,3283,1570,"BrM",41,169
"6632",6763,6244,1597,"BrF",41,138
"6633",6764,3283,1155,"BrF",41,169
"6634",6765,3282,3215,"FL",41,168
"6635",6766,3282,1272,"BrF",41,168
"6636",6767,3282,1593,"BrM",41,168
"6637",6768,3282,1271,"ABX",41,168
"6638",6769,3281,1609,"ABX",41,166
"6639",6770,3281,1603,"BrF",41,166
"6640",6771,3281,1395,"BrM",41,166
"6641",6772,852,1569,"BrM",41,165
"6642",6773,852,3216,"U",41,165
"6643",6774,853,1710,"U",41,171
"6644",6775,3275,1190,"BrF",41,118
"6645",6776,840,476,"U",41,126
"6646",6777,839,1401,"H",41,125
"6647",6778,839,3170,"ABX",41,125
"6648",6779,839,1551,"BrM",41,125
"6649",6780,839,638,"BrF",41,125
"6650",6781,838,1756,"BrM",41,123
"6651",6782,838,3169,"FL",41,123
"6652",6783,838,1380,"BrF",41,123
"6653",6784,3276,1760,"BrF",41,121
"6654",6785,846,1494,"BrM",41,140
"6655",6786,3275,1489,"U",41,118
"6656",6787,840,510,"BrM",41,126
"6657",6788,837,1737,"FL",41,117
"6658",6789,837,3172,"U",41,117
"6659",6790,837,1598,"U",41,117
"6660",6791,837,774,"BrF",41,117
"6661",6792,836,1608,"BrM",41,116
"6662",6793,836,1049,"BrF",41,116
"6663",6795,836,1709,"ABX",41,116
"6664",6796,835,3173,"U",41,115
"6665",6797,834,1510,"BrF",41,112
"6666",6798,3276,3171,"BrM",41,121
"6667",6799,3278,3166,"FL",41,130
"6668",6800,834,1396,"BrM",41,112
"6669",6801,845,1680,"CH",41,137
"6670",6802,845,1276,"BrM",41,137
"6671",6803,845,1681,"ABX",41,137
"6672",6804,845,845,"BrF",41,137
"6673",6805,844,1677,"ABX",41,135
"6674",6806,844,1588,"BrF",41,135
"6675",6807,844,1679,"CH",41,135
"6676",6808,844,1678,"CH",41,135
"6677",6809,844,1581,"BrM",41,135
"6678",6810,840,919,"BrF",41,126
"6679",6811,843,1429,"BrF",41,134
"6680",6812,840,3168,"FL",41,126
"6681",6813,3278,509,"BrM",41,130
"6682",6814,3277,915,"BrF",41,129
"6683",6815,3277,1412,"BrM",41,129
"6684",6816,842,1891,"OFL",41,128
"6685",6817,842,1387,"BrF",41,128
"6686",6818,842,1427,"BrM",41,128
"6687",6819,841,3167,"U",41,127
"6688",6820,841,1616,"U",41,127
"6689",6821,841,1024,"BrF",41,127
"6690",6822,6244,3164,"BrM",41,138
"6691",6823,843,1751,"BrM",41,134
"6692",6824,792,1500,"BrM",41,24
"6693",6825,6229,1661,"FLOAT",41,-3
"6694",6826,794,1550,"BrF",41,26
"6695",6827,793,1721,"ABX",41,25
"6696",6828,793,3211,"FL",41,25
"6697",6829,6230,1619,"FLOAT",41,-3
"6698",6830,793,1725,"ABX",41,25
"6699",6831,793,1720,"ABX",41,25
"6700",6832,793,1359,"BrM",41,25
"6701",6833,793,1506,"BrF",41,25
"6702",6834,794,1723,"U",41,26
"6703",6835,792,1665,"ABX",41,24
"6704",6836,794,3209,"FL",41,26
"6705",6837,791,1020,"BrM",41,23
"6706",6838,791,1719,"B",41,23
"6707",6839,791,1755,"FL",41,23
"6708",6840,791,1247,"BrF",41,23
"6709",6842,790,3212,"FL",41,22
"6710",6844,790,1499,"BrM",41,22
"6711",6845,790,1511,"BrF",41,22
"6712",6846,795,1667,"H",41,34
"6713",6847,792,1059,"BrF",41,24
"6714",6848,3254,3205,"FL",41,32
"6715",6849,795,1531,"H",41,34
"6716",6850,795,1736,"FL",41,34
"6717",6851,795,1660,"SEEN1",41,34
"6718",6853,795,1218,"BrF",41,34
"6719",6854,795,1542,"BrM",41,34
"6720",6855,3255,1214,"BrM",41,33
"6721",6856,3255,503,"BrF",41,33
"6722",6857,3255,1894,"ABX",41,33
"6723",6858,794,1166,"BrM",41,26
"6724",6859,3254,3206,"U",41,32
"6725",6860,3250,3213,"FL",41,17
"6726",6862,3254,825,"BrF",41,32
"6727",6864,3253,3207,"U",41,30
"6728",6865,3253,1503,"BrF",41,30
"6729",6866,3252,1606,"BrM",41,28
"6730",6867,3252,1501,"BrF",41,28
"6731",6868,3251,1573,"ABX",41,27
"6732",6869,3251,3208,"BrM",41,27
"6733",6870,3251,1346,"BrF",41,27
"6734",6871,3254,1611,"U",41,32
"6735",6872,778,1287,"BrM",41,3
"6736",6873,789,1729,"BrM",41,20
"6737",6874,780,1287,"SEEN1",41,7
"6738",6875,780,1750,"FL",41,7
"6739",6877,779,1771,"BrF",41,5
"6740",6878,779,1662,"SEEN2",41,5
"6741",6879,779,1187,"BrM",41,5
"6742",6880,779,1702,"FL",41,5
"6743",6881,3249,1532,"BrF",41,4
"6744",6882,780,1362,"BrF",41,7
"6745",6883,778,3210,"FL",41,3
"6746",6884,781,497,"BrM",41,8
"6747",6885,778,1431,"BrF",41,3
"6748",6886,777,501,"BrM",41,2
"6749",6888,777,927,"BrF",41,2
"6750",6889,776,1348,"BrM",41,1
"6751",6890,776,912,"BrF",41,1
"6752",6891,776,1705,"CH",41,1
"6753",6892,776,1349,"SEEN1",41,1
"6754",6893,788,1673,"H",41,16
"6755",6894,814,1495,"ABX",41,69
"6756",6895,3249,911,"BrM",41,4
"6757",6896,784,930,"BrF",41,12
"6758",6897,3250,1152,"BrF",41,17
"6759",6898,3250,1349,"BrM",41,17
"6760",6899,788,1409,"BrF",41,16
"6761",6900,787,1589,"BrF",41,15
"6762",6901,787,1675,"OFL",41,15
"6763",6902,787,929,"BrM",41,15
"6764",6903,787,1029,"SEEN1",41,15
"6765",6904,786,3165,"FL",41,14
"6766",6905,786,458,"BrF",41,14
"6767",6906,780,1509,"BrM",41,7
"6768",6907,785,1268,"BrM",41,13
"6769",6908,789,840,"BrF",41,20
"6770",6909,784,3176,"FL",41,12
"6771",6910,784,1740,"ABX",41,12
"6772",6911,784,1485,"BrM",41,12
"6773",6913,783,1614,"BrF",41,11
"6774",6914,782,595,"BrF",41,9
"6775",6915,782,1701,"ABX",41,9
"6776",6916,782,1585,"BrM",41,9
"6777",6917,781,1660,"AB",41,8
"6778",6918,781,1605,"BrF",41,8
"6779",6919,785,823,"BrF",41,13
"6780",6920,809,1699,"ABX",41,54
"6781",6921,3265,1669,"SEEN1",41,68
"6782",6922,3265,1200,"BrF",41,68
"6783",6923,3260,1726,"OFL",41,57
"6784",6924,3260,1543,"SEEN1",41,57
"6785",6925,3260,949,"BrF",41,57
"6786",6927,3260,1540,"BrM",41,57
"6787",6928,810,1670,"BrM",41,55
"6788",6929,810,1671,"OFL",41,55
"6789",6930,812,1441,"SEEN1",41,60
"6790",6931,809,3198,"U",41,54
"6791",6932,812,1549,"SEEN1",41,60
"6792",6933,809,1552,"BrF",41,54
"6793",6934,809,1504,"BrM",41,54
"6794",6935,809,1698,"ABX",41,54
"6795",6936,808,932,"BrF",41,53
"6796",6937,808,1368,"BrM",41,53
"6797",6938,808,1739,"FL",41,53
"6798",6939,807,1370,"BrM",41,52
"6799",6940,807,1697,"ABX",41,52
"6800",6941,807,1696,"FL",41,52
"6801",6942,807,1384,"BrF",41,52
"6802",6943,810,459,"BrF",41,55
"6803",6944,3262,3195,"ABX",41,62
"6804",6945,789,1733,"CH",41,20
"6805",6946,3256,1166,"BrM",41,35
"6806",6947,3264,1305,"BrF",41,67
"6807",6948,3264,3194,"FL",41,67
"6808",6949,3264,1595,"BrM",41,67
"6809",6950,3263,1707,"ABX",41,66
"6810",6951,3263,1577,"BrM",41,66
"6811",6952,3263,1558,"BrF",41,66
"6812",6953,3263,1441,"SEEN1",41,66
"6813",6954,811,1758,"FL",41,58
"6814",6955,813,1042,"BrF",41,63
"6815",6956,811,1757,"BrF",41,58
"6816",6957,3262,1539,"BrM",41,62
"6817",6958,3262,1538,"BrF",41,62
"6818",6959,3261,3197,"U",41,61
"6819",6960,3261,3196,"FL",41,61
"6820",6961,3261,1572,"BrM",41,61
"6821",6962,3261,1563,"BrF",41,61
"6822",6963,812,1369,"BrF",41,60
"6823",6964,812,1746,"OFL",41,60
"6824",6965,812,1745,"ABX",41,60
"6825",6966,812,1744,"BrM",41,60
"6826",6967,813,176,"BrM",41,63
"6827",6968,797,1666,"BrM",41,39
"6828",6969,800,1029,"BrM",41,43
"6829",6970,800,3134,"SEEN1",41,43
"6830",6971,799,1543,"ABX",41,42
"6831",6972,799,609,"BrM",41,42
"6832",6973,799,199,"BrF",41,42
"6833",6974,799,3134,"ABX",41,42
"6834",6975,798,1714,"B",41,40
"6835",6976,798,1684,"BrM",41,40
"6836",6977,798,1222,"BrF",41,40
"6837",6978,798,1607,"ABX",41,40
"6838",6979,800,1749,"FL",41,43
"6839",6980,797,1743,"FL",41,39
"6840",6981,3257,1536,"BrF",41,36
"6841",6982,796,441,"BrF",41,38
"6842",6983,796,1165,"BrM",41,38
"6843",6984,3258,1531,"BrF",41,37
"6844",6985,3258,3202,"FL",41,37
"6845",6987,3257,3203,"FL",41,36
"6846",6988,806,51,"BrM",41,51
"6847",6989,3257,1493,"BrM",41,36
"6848",6990,811,1523,"BrM",41,58
"6849",6991,3256,3204,"BrF",41,35
"6850",6992,797,1415,"BrF",41,39
"6851",6993,806,1431,"SEEN1",41,51
"6852",6994,800,1674,"BrF",41,43
"6853",6995,806,3199,"FL",41,51
"6854",6996,806,1361,"BrF",41,51
"6855",6998,805,1200,"SEEN1",41,50
"6856",6999,3265,3193,"FL",41,68
"6857",7000,805,1553,"BrM",41,50
"6858",7001,804,1557,"BrM",41,49
"6859",7002,804,3200,"FL",41,49
"6860",7003,804,1388,"BrF",41,49
"6861",7004,803,1590,"BrM",41,48
"6862",7005,801,221,"BrM",41,45
"6863",7006,803,1747,"FL",41,48
"6864",7007,3259,3201,"FL",41,47
"6865",7008,3259,921,"BrM",41,47
"6866",7009,802,1390,"BrF",41,46
"6867",7010,802,1695,"BrM",41,46
"6868",7011,802,1748,"FL",41,46
"6869",7013,801,454,"BrF",41,45
"6870",7014,801,1676,"ABX",41,45
"6871",7015,803,826,"BrF",41,48
"6872",7016,551,1579,"BrM",30,174
"6873",7017,551,3155,"BrF",30,174
"6874",7018,551,1730,"SEEN1",30,174
"6875",7019,550,506,"BrM",30,173
"6876",7020,551,1781,"H",30,174
"6877",7021,551,1832,"CH",30,174
"6878",7022,551,1799,"U",30,174
"6879",7023,550,601,"BrF",30,173
"6880",7024,543,544,"BrM",30,159
"6881",7025,456,1589,"BrF",30,15
"6882",7026,2588,3156,"BrM",30,167
"6883",7027,444,1705,"H",30,1
"6884",7028,544,1677,"BrM",30,160
"6885",7029,444,912,"BrF",30,1
"6886",7030,444,1348,"BrM",30,1
"6887",7031,544,563,"BrF",30,160
"6888",7032,456,1675,"ABX",30,15
"6889",7033,456,3161,"U",30,15
"6890",7034,542,666,"BrF",30,157
"6891",7035,542,1759,"BrM",30,157
"6892",7036,543,2993,"BrF",30,159
"6893",7037,536,1794,"H",30,138
"6894",7038,456,929,"BrM",30,15
"6895",7039,533,1427,"BrM",30,128
"6896",7040,545,1682,"BrM",30,165
"6897",7041,528,1489,"BrM",30,118
"6898",7042,533,3135,"U",30,128
"6899",7043,533,1891,"BrF",30,128
"6900",7044,535,1581,"BrM",30,135
"6901",7045,535,1678,"ABX",30,135
"6902",7046,535,1798,"FL",30,135
"6903",7047,535,1588,"BrF",30,135
"6904",7048,536,1806,"FL",30,138
"6905",7049,537,1172,"BrF",30,139
"6906",7051,541,3159,"ABX",30,155
"6907",7052,537,1171,"BrM",30,139
"6908",7053,538,1494,"BrM",30,140
"6909",7054,538,1617,"BrF",30,140
"6910",7055,540,1789,"BrF",30,154
"6911",7056,540,3160,"FL",30,154
"6912",7057,540,1728,"BrM",30,154
"6913",7058,541,1791,"U",30,155
"6914",7059,541,1610,"BrM",30,155
"6915",7060,541,1725,"BrF",30,155
"6916",7061,536,1597,"BrF",30,138
"6917",7063,464,1723,"B",30,26
"6918",7064,460,1824,"FL",30,22
"6919",7065,460,1795,"BrM",30,22
"6920",7066,460,1419,"BrF",30,22
"6921",7067,461,1247,"BrF",30,23
"6922",7068,461,1660,"SEEN1",30,23
"6923",7069,461,1714,"BrM",30,23
"6924",7070,462,1500,"BrM",30,24
"6925",7071,462,1059,"BrF",30,24
"6926",7072,463,1506,"BrF",30,25
"6927",7073,459,1772,"H",30,20
"6928",7074,463,1720,"H",30,25
"6929",7075,459,1740,"BrF",30,20
"6930",7076,463,1721,"AB",30,25
"6931",7077,463,1825,"FL",30,25
"6932",7078,446,1763,"BrF",30,3
"6933",7079,446,1287,"BrM",30,3
"6934",7080,464,1550,"BrF",30,26
"6935",7081,464,1166,"BrM",30,26
"6936",7082,465,1346,"BrF",30,27
"6937",7083,528,1829,"FL",30,118
"6938",7084,458,1856,"CH",30,17
"6939",7085,465,3154,"FL",30,27
"6940",7086,463,1359,"BrM",30,25
"6941",7087,547,1272,"BrF",30,168
"6942",7088,545,1043,"BrF",30,165
"6943",7089,545,3158,"ABX",30,165
"6944",7090,546,1395,"BrM",30,166
"6945",7091,546,1603,"BrF",30,166
"6946",7092,457,1209,"BrM",30,16
"6947",7093,457,1409,"BrF",30,16
"6948",7094,457,1673,"H",30,16
"6949",7095,457,3157,"FL",30,16
"6950",7096,547,1807,"H",30,168
"6951",7097,547,1271,"H",30,168
"6952",7098,459,1348,"SEEN1",30,20
"6953",7099,547,1593,"BrM",30,168
"6954",7100,545,1716,"ABX",30,165
"6955",7101,548,1155,"BrF",30,169
"6956",7102,548,1785,"ABX",30,169
"6957",7103,548,1570,"BrM",30,169
"6958",7104,549,1710,"ABX",30,171
"6959",7105,549,634,"BrM",30,171
"6960",7106,549,524,"BrF",30,171
"6961",7107,458,1349,"BrM",30,17
"6962",7108,458,1753,"BrF",30,17
"6963",7109,458,1745,"SEEN1",30,17
"6964",7110,459,1729,"BrM",30,20
"6965",7111,547,1830,"FL",30,168
"6966",7112,478,1193,"BrF",30,48
"6967",7113,473,1543,"H",30,42
"6968",7114,474,1029,"BrM",30,43
"6969",7115,474,1749,"ABX",30,43
"6970",7116,474,1674,"BrF",30,43
"6971",7117,475,221,"BrM",30,45
"6972",7118,475,454,"BrF",30,45
"6973",7119,476,1550,"SEEN1",30,46
"6974",7120,476,3152,"FL",30,46
"6975",7121,476,1695,"BrM",30,46
"6976",7122,2582,1541,"BrF",30,59
"6977",7123,478,1747,"U",30,48
"6978",7124,473,442,"H",30,42
"6979",7125,478,1590,"BrM",30,48
"6980",7126,478,1805,"FL",30,48
"6981",7127,486,1563,"BrF",30,56
"6982",7128,486,1572,"BrM",30,56
"6983",7130,486,1827,"ABX",30,56
"6984",7131,488,1757,"BrF",30,58
"6985",7132,488,1758,"H",30,58
"6986",7133,488,1831,"FL",30,58
"6987",7134,448,1854,"CH",30,5
"6988",7135,476,1390,"BrF",30,46
"6989",7136,445,1746,"SEEN1",30,2
"6990",7137,458,1857,"CH",30,17
"6991",7138,506,1675,"SEEN1",30,81
"6992",7139,473,1855,"CH",30,42
"6993",7140,465,1773,"BrM",30,27
"6994",7141,448,1853,"CH",30,5
"6995",7142,461,1852,"CH",30,23
"6996",7143,513,1851,"H",30,94
"6997",7144,550,1850,"CH",30,173
"6998",7145,550,1849,"CH",30,173
"6999",7146,462,1848,"CH",30,24
"7000",7147,473,609,"BrM",30,42
"7001",7148,445,927,"BrF",30,2
"7002",7149,473,199,"BrF",30,42
"7003",7150,445,501,"BrM",30,2
"7004",7151,448,1702,"AB",30,5
"7005",7152,448,1187,"BrM",30,5
"7006",7153,448,1771,"BrF",30,5
"7007",7154,2581,1844,"CH",30,39
"7008",7155,2581,1666,"BrM",30,39
"7009",7156,2581,1766,"SEEN2",30,39
"7010",7157,2581,1743,"H",30,39
"7011",7158,2581,1415,"BrF",30,39
"7012",7159,2582,1786,"BrM",30,59
"7013",7160,445,1762,"B",30,2
"7014",7161,2585,1796,"BrM",30,93
"7015",7162,505,3143,"BrF",30,80
"7016",7163,505,1667,"SEEN1",30,80
"7017",7164,509,1823,"BrM",30,85
"7018",7165,509,1491,"BrF",30,85
"7019",7166,511,1799,"SEEN1",30,88
"7020",7167,511,1778,"ABX",30,88
"7021",7168,511,1779,"BrF",30,88
"7022",7169,511,1196,"BrM",30,88
"7023",7170,2584,862,"BrF",30,90
"7024",7171,488,1523,"BrM",30,58
"7025",7172,2585,1697,"BrF",30,93
"7026",7173,503,1707,"BrF",30,77
"7027",7175,513,1579,"SEEN1",30,94
"7028",7176,513,1195,"BrF",30,94
"7029",7177,513,1609,"BrM",30,94
"7030",7178,515,1822,"BrM",30,96
"7031",7179,515,1598,"BrF",30,96
"7032",7180,524,1576,"BrF",30,111
"7033",7181,524,1512,"BrM",30,111
"7034",7182,526,1665,"BrF",30,113
"7035",7183,526,1623,"BrM",30,113
"7036",7184,2584,1878,"BrM",30,90
"7037",7185,499,1700,"BrF",30,72
"7038",7186,490,1441,"BrM",30,61
"7039",7187,490,1561,"BrF",30,61
"7040",7188,490,3147,"FL",30,61
"7041",7189,490,1726,"ABX",30,61
"7042",7190,495,1669,"BrF",30,68
"7043",7191,495,3145,"FL",30,68
"7044",7192,495,1213,"BrM",30,68
"7045",7193,497,1495,"BrM",30,70
"7046",7194,497,1782,"BrF",30,70
"7047",7195,499,1221,"BrM",30,72
"7048",7196,505,1731,"H",30,80
"7049",7197,499,1745,"SEEN1",30,72
"7050",7198,505,1566,"BrM",30,80
"7051",7199,500,1843,"CH",30,74
"7052",7200,500,1664,"H",30,74
"7053",7201,500,1490,"BrF",30,74
"7054",7202,500,1031,"BrM",30,74
"7055",7203,501,1559,"BrF",30,75
"7056",7204,501,1591,"BrM",30,75
"7057",7205,501,1833,"CH",30,75
"7058",7206,503,1711,"ABX",30,77
"7059",7207,503,1435,"BrM",30,77
"7060",7208,528,1190,"BrF",30,118
"7061",7209,499,1820,"FL",30,72
"7062",7210,453,1485,"BrM",30,12
"7063",7211,506,1712,"U",30,81
"7064",7212,517,1533,"BrM",30,99
"7065",7213,517,1672,"BrF",30,99
"7066",7214,517,3138,"ABX",30,99
"7067",7215,518,472,"BrF",30,100
"7068",7216,518,1394,"BrM",30,100
"7069",7217,519,1790,"ABX",30,101
"7070",7218,519,1403,"BrF",30,101
"7071",7219,519,849,"BrM",30,101
"7072",7220,516,1438,"BrF",30,98
"7073",7221,453,1767,"B",30,12
"7074",7222,516,1718,"BrM",30,98
"7075",7223,453,930,"BrF",30,12
"7076",7224,520,1735,"BrF",30,105
"7077",7225,520,1381,"BrM",30,105
"7078",7226,521,1612,"BrF",30,108
"7079",7227,521,1199,"BrM",30,108
"7080",7228,521,1730,"H",30,108
"7081",7229,521,1774,"SEEN1",30,108
"7082",7230,522,1040,"BrM",30,109
"7083",7231,522,1803,"H",30,109
"7084",7232,522,1580,"BrF",30,109
"7085",7233,519,1808,"FL",30,101
"7086",7234,510,3139,"U",30,87
"7087",7235,504,1355,"BrF",30,79
"7088",7236,507,3142,"FL",30,82
"7089",7237,507,1892,"BrF",30,82
"7090",7238,507,1356,"BrM",30,82
"7091",7239,508,832,"BrF",30,83
"7092",7240,508,1604,"BrM",30,83
"7093",7241,508,3141,"FL",30,83
"7094",7242,2583,1780,"BrM",30,86
"7095",7243,2583,3140,"BrF",30,86
"7096",7244,516,1708,"H",30,98
"7097",7245,510,1722,"BrM",30,87
"7098",7246,523,1017,"BrF",30,110
"7099",7247,451,1499,"BrM",30,9
"7100",7248,451,595,"BrF",30,9
"7101",7249,452,1614,"BrF",30,11
"7102",7250,452,1724,"BrM",30,11
"7103",7251,512,1717,"BrF",30,92
"7104",7252,512,1797,"BrM",30,92
"7105",7253,514,1893,"H",30,95
"7106",7254,514,1170,"BrF",30,95
"7107",7256,514,1524,"BrM",30,95
"7108",7257,510,1437,"BrF",30,87
"7109",7258,3318,1429,"BrF",30,134
"7110",7259,531,3136,"ABX",30,126
"7111",7260,531,510,"BrM",30,126
"7112",7261,532,1024,"BrF",30,127
"7113",7262,532,1769,"SEEN2",30,127
"7114",7263,532,1770,"ABX",30,127
"7115",7264,532,1616,"BrM",30,127
"7116",7265,534,1412,"BrM",30,129
"7117",7266,534,915,"BrF",30,129
"7118",7267,455,458,"BrF",30,14
"7119",7268,523,1018,"BrM",30,110
"7120",7269,455,1775,"B",30,14
"7121",7270,530,1401,"BrF",30,125
"7122",7271,3318,1751,"TBRM",30,134
"7123",7272,3318,1886,"BrM",30,134
"7124",7273,2587,1801,"ABX",30,137
"7125",7274,2587,845,"BrF",30,137
"7126",7275,2587,1276,"BrM",30,137
"7127",7276,539,1587,"BrM",30,144
"7128",7277,539,1793,"ABX",30,144
"7129",7278,539,1275,"BrF",30,144
"7130",7279,468,1858,"CH",30,32
"7131",7280,446,1847,"CH",30,3
"7132",7281,455,499,"BrM",30,14
"7133",7282,527,1845,"CH",30,116
"7134",7283,506,1828,"FL",30,81
"7135",7284,525,1742,"ABX",30,112
"7136",7285,525,1776,"ABX",30,112
"7137",7286,525,1396,"BrM",30,112
"7138",7287,525,1510,"BrF",30,112
"7139",7288,525,1667,"U",30,112
"7140",7289,525,1031,"SEEN1",30,112
"7141",7290,454,1268,"BrM",30,13
"7142",7291,454,823,"BrF",30,13
"7143",7292,527,1685,"BrF",30,116
"7144",7293,531,919,"BrF",30,126
"7145",7294,527,1049,"H",30,116
"7146",7295,531,476,"ABX",30,126
"7147",7296,527,1608,"BrM",30,116
"7148",7297,2586,3137,"BrM",30,121
"7149",7298,2586,1760,"BrF",30,121
"7150",7299,529,1380,"BrF",30,123
"7151",7300,529,2957,"ABX",30,123
"7152",7301,529,1756,"BrM",30,123
"7153",7303,530,1551,"ABX",30,125
"7154",7304,530,1788,"BrM",30,125
"7155",7305,523,1777,"ABX",30,110
"7156",7306,527,1709,"B",30,116
"7157",7307,481,1361,"BrF",30,51
"7158",7308,506,1754,"BrM",30,81
"7159",7309,447,1532,"BrF",30,4
"7160",7310,447,1804,"FL",30,4
"7161",7311,477,1765,"BrF",30,47
"7162",7312,477,1753,"SEEN1",30,47
"7163",7313,477,921,"BrM",30,47
"7164",7314,479,1388,"BrF",30,49
"7165",7315,479,1557,"BrM",30,49
"7166",7316,480,1553,"BrM",30,50
"7167",7317,472,1684,"BrM",30,40
"7168",7318,480,1752,"ABX",30,50
"7169",7319,472,1222,"BrF",30,40
"7170",7320,481,1768,"ABX",30,51
"7171",7321,481,51,"BrM",30,51
"7172",7322,482,1384,"BrF",30,52
"7173",7323,482,3151,"FL",30,52
"7174",7324,482,1370,"BrM",30,52
"7175",7325,483,1739,"ABX",30,53
"7176",7326,483,1368,"BrM",30,53
"7177",7327,483,2987,"ABX",30,53
"7178",7328,483,932,"BrF",30,53
"7179",7329,483,1696,"ABX",30,53
"7180",7330,480,1200,"BrF",30,50
"7181",7331,470,1542,"BrM",30,34
"7182",7332,466,1606,"BrM",30,28
"7183",7333,466,1774,"ABX",30,28
"7184",7334,467,1503,"BrF",30,30
"7185",7335,467,507,"BrM",30,30
"7186",7336,467,3153,"FL",30,30
"7187",7337,468,825,"BrF",30,32
"7188",7338,468,1611,"BrM",30,32
"7189",7339,469,1894,"ABX",30,33
"7190",7340,469,503,"BrF",30,33
"7191",7341,447,911,"BrM",30,4
"7192",7342,469,1214,"BrM",30,33
"7193",7343,484,1504,"BrM",30,54
"7194",7344,470,1218,"BrF",30,34
"7195",7345,470,1736,"ABX",30,34
"7196",7347,2580,1787,"BrM",30,36
"7197",7348,2580,1536,"BrF",30,36
"7198",7349,2580,1826,"FL",30,36
"7199",7350,471,1165,"BrM",30,38
"7200",7351,471,441,"BrF",30,38
"7201",7352,471,1059,"SEEN1",30,38
"7202",7353,472,1764,"ABX",30,40
"7203",7356,493,1577,"BrM",30,66
"7204",7357,494,1784,"SEEN1",30,67
"7205",7358,494,1783,"ABX",30,67
"7206",7359,494,1595,"BrM",30,67
"7207",7360,494,1305,"BrF",30,67
"7208",7361,496,869,"BrF",30,69
"7209",7362,496,453,"BrM",30,69
"7210",7364,450,497,"BrM",30,8
"7211",7365,483,1695,"SEEN1",30,53
"7212",7366,450,1660,"H",30,8
"7213",7367,492,176,"BrM",30,63
"7214",7368,450,3144,"FL",30,8
"7215",7369,498,1703,"ABX",30,71
"7216",7370,498,1244,"BrF",30,71
"7217",7371,498,1846,"CH",30,71
"7218",7372,498,1188,"BrM",30,71
"7219",7373,502,628,"BrF",30,76
"7220",7374,502,1358,"BrM",30,76
"7221",7375,504,1819,"FL",30,79
"7222",7376,504,1802,"BrM",30,79
"7223",7377,506,1508,"BrF",30,81
"7224",7378,450,1605,"BrF",30,8
"7225",7379,487,949,"BrF",30,57
"7226",7380,466,1501,"BrF",30,28
"7227",7381,484,1821,"BrF",30,54
"7228",7382,484,1699,"ABX",30,54
"7229",7383,485,459,"BrF",30,55
"7230",7384,485,1671,"ABX",30,55
"7231",7385,485,1800,"H",30,55
"7232",7386,485,1670,"BrM",30,55
"7233",7387,449,1750,"ABX",30,7
"7234",7388,449,3150,"FL",30,7
"7235",7389,449,1509,"BrM",30,7
"7236",7390,493,1558,"BrF",30,66
"7237",7391,487,1540,"BrM",30,57
"7238",7392,492,1726,"SEEN1",30,63
"7239",7393,489,1441,"SEEN1",30,60
"7240",7394,489,1744,"BrM",30,60
"7241",7395,489,1745,"ABX",30,60
"7242",7396,489,3148,"FL",30,60
"7243",7397,489,1369,"BrF",30,60
"7244",7398,491,1538,"BrF",30,62
"7245",7399,491,1539,"BrM",30,62
"7246",7400,491,3146,"FL",30,62
"7247",7401,492,1042,"BrF",30,63
"7248",7402,484,1698,"ABX",30,54
"7249",7403,449,1362,"BrF",30,7
"7250",7404,2415,672,"BrM",26,32
"7251",7405,291,454,"BrF",26,45
"7252",7420,566,1705,"H",34,1
"7253",7421,566,1897,"AB",34,1
"7254",7422,566,1750,"BrM",34,1
"7255",7423,566,912,"BrF",34,1
"7256",7424,575,1589,"BrF",34,15
"7257",7425,575,929,"BrM",34,15
"7258",7426,2871,2973,"SEEN1",34,159
"7259",7427,2869,1789,"BrF",34,154
"7260",7428,2869,1728,"BrM",34,154
"7261",7429,2870,1610,"BrM",34,155
"7262",7430,2870,1725,"BrF",34,155
"7263",7431,630,666,"BrF",34,157
"7264",7432,630,1759,"BrM",34,157
"7265",7433,2871,544,"BrM",34,159
"7266",7435,2872,1677,"BrM",34,160
"7267",7436,2872,563,"BrF",34,160
"7268",7437,631,1682,"BrM",34,165
"7269",7438,631,1043,"BrF",34,165
"7270",7439,632,1603,"BrF",34,166
"7271",7440,632,1395,"BrM",34,166
"7272",7441,576,1753,"BrF",34,16
"7273",7442,576,1775,"BrM",34,16
"7274",7443,576,1857,"ABX",34,16
"7275",7444,633,1492,"BrM",34,167
"7276",7445,634,1272,"BrF",34,168
"7277",7446,634,1593,"BrM",34,168
"7278",7447,634,1271,"ABX",34,168
"7279",7448,634,1830,"ABX",34,168
"7280",7449,635,1570,"BrM",34,169
"7281",7450,635,1155,"BrF",34,169
"7282",7451,635,1881,"ABX",34,169
"7283",7452,636,524,"BrF",34,171
"7284",7453,636,634,"BrM",34,171
"7285",7454,637,2976,"BrM",34,173
"7286",7456,637,1716,"BrF",34,173
"7287",7457,638,1781,"BrF",34,174
"7288",7458,638,1579,"BrM",34,174
"7289",7459,577,1772,"H",34,20
"7290",7460,577,1729,"BrM",34,20
"7291",7461,578,1824,"ABX",34,22
"7292",7462,578,1419,"BrF",34,22
"7293",7463,578,1795,"BrM",34,22
"7294",7464,579,1702,"BrM",34,23
"7295",7465,579,1247,"BrF",34,23
"7296",7466,580,1723,"BrM",34,24
"7297",7467,581,1720,"BrM",34,25
"7298",7468,581,1848,"ABX",34,25
"7299",7469,581,1506,"BrF",34,25
"7300",7470,567,2984,"BrF",34,2
"7301",7471,567,501,"BrM",34,2
"7302",7472,2846,1895,"BrF",34,81
"7303",7473,567,1762,"ABX",34,2
"7304",7474,2831,2962,"OFL",34,3
"7305",7475,2831,1763,"BrF",34,3
"7306",7476,2831,1287,"BrM",34,3
"7307",7477,2834,1872,"BrF",34,26
"7308",7478,2834,1166,"BrM",34,26
"7309",7479,582,1773,"BrM",34,27
"7310",7480,604,2990,"OFL",34,63
"7311",7481,582,1346,"BrF",34,27
"7312",7482,583,1606,"BrM",34,28
"7313",7483,583,1879,"ABX",34,28
"7314",7484,583,1774,"ABX",34,28
"7315",7485,583,1501,"BrF",34,28
"7316",7486,584,507,"BrM",34,30
"7317",7487,584,1503,"BrF",34,30
"7318",7488,585,1611,"BrM",34,32
"7319",7489,585,1388,"BrF",34,32
"7320",7490,586,1214,"BrM",34,33
"7321",7491,586,503,"BrF",34,33
"7322",7492,2835,1864,"BrF",34,34
"7323",7493,2835,1542,"BrM",34,34
"7324",7494,587,1787,"BrM",34,36
"7325",7495,587,1826,"ABX",34,36
"7326",7496,587,1536,"BrF",34,36
"7327",7497,588,1165,"BrM",34,38
"7328",7498,588,441,"BrF",34,38
"7329",7499,589,1766,"ABX",34,39
"7330",7500,589,1743,"BrM",34,39
"7331",7501,589,1415,"BrF",34,39
"7332",7502,590,1764,"BrF",34,40
"7333",7503,590,1711,"BrM",34,40
"7334",7504,590,1848,"SEEN1",34,40
"7335",7505,568,1804,"ABX",34,4
"7336",7506,568,2975,"SEEN2",34,4
"7337",7507,568,1532,"BrF",34,4
"7338",7508,568,911,"BrM",34,4
"7339",7509,577,1740,"BrF",34,20
"7340",7510,2832,1187,"BrM",34,5
"7341",7511,591,609,"ABX",34,42
"7342",7512,591,1543,"BrM",34,42
"7343",7513,592,1854,"BrF",34,43
"7344",7514,592,2979,"H",34,43
"7345",7515,592,1762,"SEEN1",34,43
"7346",7516,592,1029,"BrM",34,43
"7347",7517,3386,2981,"FLOAT",34,-3
"7348",7518,6233,1867,"FLOAT",34,-3
"7349",7519,2836,221,"BrM",34,45
"7350",7520,2836,1384,"BrF",34,45
"7351",7521,2837,2980,"ABX",34,46
"7352",7522,593,1765,"BrF",34,47
"7353",7523,593,1752,"BrM",34,47
"7354",7524,594,1590,"BrM",34,48
"7355",7525,594,1193,"BrF",34,48
"7356",7526,2838,1200,"BrF",34,50
"7357",7527,2838,1553,"BrM",34,50
"7358",7528,595,1361,"BrF",34,51
"7359",7529,595,1698,"BrM",34,51
"7360",7530,596,1739,"BrM",34,53
"7361",7531,596,2987,"BrF",34,53
"7362",7532,597,1504,"BrM",34,54
"7363",7533,597,1821,"BrF",34,54
"7364",7534,6234,2959,"FLOAT",34,-3
"7365",7535,598,459,"BrF",34,55
"7366",7536,598,2967,"H",34,55
"7367",7537,598,2968,"ABX",34,55
"7368",7538,598,1800,"H",34,55
"7369",7539,569,1791,"BrF",34,7
"7370",7540,569,1509,"BrM",34,7
"7371",7541,599,510,"BrM",34,56
"7372",7542,599,1563,"BrF",34,56
"7373",7543,600,1523,"BrM",34,58
"7374",7544,600,1757,"BrF",34,58
"7375",7545,600,1831,"ABX",34,58
"7376",7546,601,2972,"SEEN1",34,59
"7377",7547,601,1541,"BrF",34,59
"7378",7548,602,1744,"BrM",34,60
"7379",7549,602,2960,"H",34,60
"7380",7550,602,1369,"BrF",34,60
"7381",7551,2839,1783,"BrM",34,61
"7382",7552,2839,1827,"BrF",34,61
"7383",7553,603,1538,"BrF",34,62
"7384",7554,603,1539,"BrM",34,62
"7385",7555,604,1042,"BrF",34,63
"7386",7556,604,1577,"BrM",34,63
"7387",7557,2840,1558,"BrF",34,66
"7388",7558,2840,1699,"BrM",34,66
"7389",7559,2841,1305,"BrF",34,67
"7390",7560,2841,1595,"BrM",34,67
"7391",7561,605,1669,"BrF",34,68
"7392",7562,605,1213,"BrM",34,68
"7393",7563,2842,869,"BrF",34,69
"7394",7564,2842,453,"BrM",34,69
"7395",7565,2842,2986,"OFL",34,69
"7396",7566,606,1782,"BrF",34,70
"7397",7567,606,1768,"BrM",34,70
"7398",7568,570,1605,"BrF",34,8
"7399",7569,570,1660,"H",34,8
"7400",7570,570,497,"BrM",34,8
"7401",7571,570,2966,"AB",34,8
"7402",7572,607,1742,"BrM",34,71
"7403",7573,607,1244,"BrF",34,71
"7404",7574,2843,1805,"BrF",34,72
"7405",7575,2843,1747,"BrM",34,72
"7406",7576,2844,1664,"ABX",34,74
"7407",7578,2844,1031,"BrM",34,74
"7408",7579,608,2964,"ABX",34,75
"7409",7580,608,1591,"BrM",34,75
"7410",7581,608,1559,"BrF",34,75
"7411",7582,3369,335,"FLOAT",34,-3
"7412",7583,609,1852,"BrF",34,76
"7413",7584,609,1358,"BrM",34,76
"7414",7587,610,1710,"BrM",34,77
"7415",7588,610,1707,"ABX",34,77
"7416",7589,610,1776,"BrF",34,77
"7417",7590,611,1819,"ABX",34,79
"7418",7591,611,1802,"BrM",34,79
"7419",7592,2845,1566,"BrM",34,80
"7420",7593,2845,1870,"BrF",34,80
"7421",7594,2846,1828,"ABX",34,81
"7422",7595,2846,1754,"BrM",34,81
"7423",7596,2847,1892,"BrF",34,82
"7424",7597,2847,1356,"BrM",34,82
"7425",7598,2848,1869,"ABX",34,83
"7426",7599,2848,832,"BrF",34,83
"7427",7600,2848,1604,"BrM",34,83
"7428",7601,2849,2982,"ABX",34,85
"7429",7602,2849,1491,"BrF",34,85
"7430",7603,2849,1823,"BrM",34,85
"7431",7604,2850,2978,"BrF",34,86
"7432",7606,2850,1709,"BrM",34,86
"7433",7607,612,1722,"BrM",34,87
"7434",7608,612,1437,"BrF",34,87
"7435",7609,2851,1196,"BrM",34,88
"7436",7610,2851,1779,"BrF",34,88
"7437",7611,571,1499,"BrM",34,9
"7438",7612,571,595,"BrF",34,9
"7439",7614,572,1614,"BrF",34,11
"7440",7615,613,862,"BrF",34,90
"7441",7616,613,1878,"BrM",34,90
"7442",7617,2852,2977,"NSA",34,91
"7443",7618,2853,1797,"BrM",34,92
"7444",7619,2853,1717,"BrF",34,92
"7445",7620,2854,1697,"BrF",34,93
"7446",7621,2854,1796,"BrM",34,93
"7447",7622,614,1195,"BrF",34,94
"7448",7623,614,1871,"BrM",34,94
"7449",7625,615,1170,"BrF",34,95
"7450",7626,615,1893,"H",34,95
"7451",7627,615,1524,"BrM",34,95
"7452",7628,2855,1769,"SEEN1",34,96
"7453",7629,2855,1822,"BrM",34,96
"7454",7630,2855,1598,"BrF",34,96
"7455",7632,2850,2963,"ABX",34,86
"7456",7633,2856,1708,"ABX",34,98
"7457",7634,2856,1438,"BrF",34,98
"7458",7635,2856,1718,"BrM",34,98
"7459",7636,2857,1533,"BrM",34,99
"7460",7637,2857,1672,"BrF",34,99
"7461",7638,2858,1394,"BrM",34,100
"7462",7639,2858,472,"BrF",34,100
"7463",7640,616,1719,"BrM",34,101
"7464",7641,616,1403,"BrF",34,101
"7465",7643,572,1767,"BrM",34,11
"7466",7644,2833,1485,"BrM",34,12
"7467",7645,582,2989,"OFL",34,27
"7468",7646,2833,930,"BrF",34,12
"7469",7647,2859,1890,"ABX",34,105
"7470",7648,2859,1735,"BrF",34,105
"7471",7649,2859,1381,"BrM",34,105
"7472",7650,2860,1199,"BrM",34,108
"7473",7651,2860,1851,"BrF",34,108
"7474",7652,617,1040,"BrM",34,109
"7475",7653,617,1580,"BrF",34,109
"7476",7654,2861,1018,"BrM",34,110
"7477",7655,2861,1017,"SEEN1",34,110
"7478",7656,2861,1777,"ABX",34,110
"7479",7657,618,1512,"BrM",34,111
"7480",7658,618,1576,"BrF",34,111
"7481",7659,619,1731,"BrM",34,112
"7482",7660,619,1790,"BrF",34,112
"7483",7661,620,1769,"SEEN1",34,113
"7484",7662,620,1623,"BrM",34,113
"7485",7663,620,1665,"BrF",34,113
"7486",7664,573,1778,"BrF",34,13
"7487",7665,573,1607,"BrM",34,13
"7488",7666,2862,1608,"BrM",34,116
"7489",7667,2862,1685,"BrF",34,116
"7490",7668,2863,1190,"BrF",34,118
"7491",7669,2863,1489,"BrM",34,118
"7492",7670,2863,1829,"ABX",34,118
"7493",7671,2864,1760,"BrF",34,121
"7494",7672,621,1756,"BrM",34,123
"7495",7673,622,1877,"AB",34,125
"7496",7674,622,1788,"BrM",34,125
"7497",7675,622,1401,"BrF",34,125
"7498",7676,623,476,"ABX",34,126
"7499",7677,623,919,"BrF",34,126
"7500",7679,624,1616,"BrM",34,127
"7501",7680,624,1770,"ABX",34,127
"7502",7681,624,1885,"ABX",34,127
"7503",7682,625,1891,"BrF",34,128
"7504",7683,625,1785,"BrM",34,128
"7505",7684,626,1678,"BrF",34,129
"7506",7685,626,1412,"BrM",34,129
"7507",7686,2861,1865,"BrF",34,110
"7508",7687,574,499,"BrM",34,14
"7509",7689,574,458,"BrF",34,14
"7510",7690,627,1886,"BrM",34,134
"7511",7691,627,1429,"BrF",34,134
"7512",7692,628,1798,"ABX",34,135
"7513",7693,628,1597,"BrF",34,135
"7514",7694,628,1581,"BrM",34,135
"7515",7695,629,1276,"BrM",34,137
"7516",7696,629,845,"BrF",34,137
"7517",7697,2865,1806,"ABX",34,138
"7518",7698,2865,1794,"BrM",34,138
"7519",7699,2867,1494,"BrM",34,140
"7520",7700,2867,1617,"BrF",34,140
"7521",7701,2866,1172,"BrF",34,139
"7522",7702,2850,1780,"TBRM",34,86
"7523",7703,2866,1171,"BrM",34,139
"7524",7704,2868,1275,"BrF",34,144
"7525",7705,2868,1587,"BrM",34,144
"7526",7706,579,3003,"OFL",34,23
"7527",7707,593,2985,"ABX",34,47
"7528",7708,601,2994,"BrM",34,59
"7529",7711,2852,2954,"BrF",34,91
"7530",7714,621,2957,"BrF",34,123
"7531",7715,624,2974,"AB",34,127
"7532",7717,2865,2992,"BrF",34,138
"7533",7719,2871,2993,"BrF",34,159
"7534",7720,591,3487,"BrF",34,42
"7535",7721,624,1024,"BrF",34,127
"7536",7722,3063,1577,"OFL",39,54
"7537",7723,3184,1577,"BrM",40,66
"7538",7724,3184,1558,"BrF",40,66
"7539",7725,3179,3084,"BrF",40,58
"7540",7726,3179,1523,"BrM",40,58
"7541",7727,2739,221,"BrM",32,45
"7542",7728,2758,1595,"BrM",32,67
"7543",7729,2736,335,"ABX",32,40
"7544",7730,2734,441,"BrF",32,38
"7545",7731,2760,453,"BrM",32,69
"7546",7732,2717,458,"BrF",32,14
"7547",7733,2748,459,"BrF",32,55
"7548",7734,2786,472,"BrF",32,100
"7549",7735,2800,476,"ABX",32,126
"7550",7736,2712,497,"BrM",32,8
"7551",7737,2717,499,"BrM",32,14
"7552",7738,2707,501,"BrM",32,2
"7553",7739,2731,503,"BrF",32,33
"7554",7740,2729,507,"BrM",32,30
"7555",7741,2800,510,"BrM",32,126
"7556",7742,2821,524,"BrF",32,171
"7557",7743,2814,544,"BrM",32,159
"7558",7744,2815,563,"BrF",32,160
"7559",7745,2713,595,"BrF",32,9
"7560",7746,2737,609,"BrM",32,42
"7561",7747,2821,634,"BrM",32,171
"7562",7748,2813,666,"BrF",32,157
"7563",7749,2772,832,"BrF",32,83
"7564",7750,2806,845,"BrF",32,137
"7565",7751,2777,862,"BrF",32,90
"7566",7752,2760,869,"BrF",32,69
"7567",7753,2709,911,"BrM",32,4
"7568",7754,2706,912,"BrF",32,1
"7569",7755,2800,919,"BrF",32,126
"7570",7756,2718,929,"BrM",32,15
"7571",7757,2715,930,"BrF",32,12
"7572",7758,2791,1017,"BrF",32,110
"7573",7759,2791,1018,"BrM",32,110
"7574",7760,2738,1029,"BrM",32,43
"7575",7761,2764,1031,"BrM",32,74
"7576",7762,2790,1040,"BrM",32,109
"7577",7763,2816,1043,"BrF",32,165
"7578",7764,2756,1042,"BrF",32,63
"7579",7765,2820,1155,"BrF",32,169
"7580",7766,2734,1165,"BrM",32,38
"7581",7767,2726,1166,"BrM",32,26
"7582",7768,2782,1170,"BrF",32,95
"7583",7769,2808,1171,"BrM",32,139
"7584",7770,2808,1172,"BrF",32,139
"7585",7771,2710,1187,"BrM",32,5
"7586",7772,2796,1190,"BrF",32,118
"7587",7773,2742,1193,"BrF",32,48
"7588",7774,2781,1195,"BrF",32,94
"7589",7775,2776,1196,"BrM",32,88
"7590",7776,2789,1199,"BrM",32,108
"7591",7777,2743,1200,"BrF",32,50
"7592",7778,2759,1213,"BrM",32,68
"7593",7779,2731,1214,"BrM",32,33
"7594",7780,2762,1244,"BrF",32,71
"7595",7781,2723,1247,"BrF",32,23
"7596",7782,2819,1271,"ABX",32,168
"7597",7783,2819,1272,"BrF",32,168
"7598",7784,2810,1275,"BrF",32,144
"7599",7785,2806,1276,"BrM",32,137
"7600",7786,2708,1287,"BrM",32,3
"7601",7787,2758,1305,"BrF",32,67
"7602",7788,2727,1346,"BrF",32,27
"7603",7789,2771,1356,"BrM",32,82
"7604",7790,2766,1358,"BrM",32,76
"7605",7791,2744,1361,"BrF",32,51
"7606",7792,2753,1369,"BrF",32,60
"7607",7793,2788,1381,"BrM",32,105
"7608",7794,2745,1384,"BrF",32,52
"7609",7795,2786,1394,"BrM",32,100
"7610",7796,2817,1395,"BrM",32,166
"7611",7797,2799,1401,"BrF",32,125
"7612",7798,2787,1403,"BrF",32,101
"7613",7799,2803,1412,"BrM",32,129
"7614",7800,2735,1415,"BrF",32,39
"7615",7801,2722,1419,"BrF",32,22
"7616",7802,2804,1429,"BrF",32,134
"7617",7803,2775,1437,"BrF",32,87
"7618",7804,2784,1438,"BrF",32,98
"7619",7805,2715,1485,"BrM",32,12
"7620",7806,2796,1489,"BrM",32,118
"7621",7807,2773,1491,"BrF",32,85
"7622",7808,2818,1492,"BrM",32,167
"7623",7809,2809,1494,"BrM",32,140
"7624",7810,2713,1499,"BrM",32,9
"7625",7811,2728,1501,"BrF",32,28
"7626",7812,2729,1503,"BrF",32,30
"7627",7813,2747,1504,"BrM",32,54
"7628",7814,2725,1506,"BrF",32,25
"7629",7815,2711,1509,"BrM",32,7
"7630",7816,2792,1512,"BrM",32,111
"7631",7817,2751,1523,"BrM",32,58
"7632",7818,2782,1524,"BrM",32,95
"7633",7819,2709,1532,"BrF",32,4
"7634",7820,2785,1533,"BrM",32,99
"7635",7821,2733,1536,"BrF",32,36
"7636",7822,2755,1538,"BrF",32,62
"7637",7823,2755,1539,"BrM",32,62
"7638",7824,2752,1541,"BrF",32,59
"7639",7825,2732,1542,"BrM",32,34
"7640",7826,2737,1543,"ABX",32,42
"7641",7827,2743,1553,"BrM",32,50
"7642",7828,2757,1558,"BrF",32,66
"7643",7829,2765,1559,"BrF",32,75
"7644",7830,2749,1563,"BrF",32,56
"7645",7831,2769,1566,"BrM",32,80
"7646",7832,2820,1570,"BrM",32,169
"7647",7833,2792,1576,"BrF",32,111
"7648",7834,2756,1577,"BrM",32,63
"7649",7835,2823,1579,"BrM",32,174
"7650",7836,2790,1580,"BrF",32,109
"7651",7837,2805,1581,"BrM",32,135
"7652",7838,2810,1587,"BrM",32,144
"7653",7839,2718,1589,"BrF",32,15
"7654",7840,2742,1590,"BrM",32,48
"7655",7841,2765,1591,"BrM",32,75
"7656",7842,2819,1593,"BrM",32,168
"7657",7843,2807,1597,"BrF",32,138
"7658",7844,2783,1598,"BrF",32,96
"7659",7845,2817,1603,"BrF",32,166
"7660",7846,2772,1604,"BrM",32,83
"7661",7847,2712,1605,"BrF",32,8
"7662",7848,2728,1606,"BrM",32,28
"7663",7849,2716,1607,"BrM",32,13
"7664",7850,2795,1608,"BrM",32,116
"7665",7851,2812,1610,"BrM",32,155
"7666",7852,2730,1611,"BrM",32,32
"7667",7853,2714,1614,"BrF",32,11
"7668",7854,2801,1616,"BrM",32,127
"7669",7855,2809,1617,"BrF",32,140
"7670",7856,2794,1623,"BrM",32,113
"7671",7857,2712,1660,"H",32,8
"7672",7858,2764,1664,"H",32,74
"7673",7859,2794,1665,"BrF",32,113
"7674",7860,2759,1669,"BrF",32,68
"7675",7861,2785,1672,"BrF",32,99
"7676",7862,2803,1678,"BrF",32,129
"7677",7863,2816,1682,"BrM",32,165
"7678",7864,2795,1685,"BrF",32,116
"7679",7865,2780,1697,"BrF",32,93
"7680",7866,2747,1698,"ABX",32,54
"7681",7867,2757,1699,"BrM",32,66
"7682",7868,2710,1702,"ABX",32,5
"7683",7869,2706,1705,"ABX",32,1
"7684",7870,2767,1707,"ABX",32,77
"7685",7871,2784,1708,"ABX",32,98
"7686",7872,2774,1709,"BrM",32,86
"7687",7873,2795,1709,"B",32,116
"7688",7874,2821,1710,"ABX",32,171
"7689",7875,2767,1711,"ABX",32,77
"7690",7876,2824,1716,"BrF",32,175
"7691",7877,2779,1717,"BrF",32,92
"7692",7878,2784,1718,"BrM",32,98
"7693",7879,2787,1719,"BrM",32,101
"7694",7880,2725,1720,"ABX",32,25
"7695",7881,2775,1722,"BrM",32,87
"7696",7882,2724,1723,"BrM",32,24
"7697",7883,2771,1892,"BrF",32,82
"7698",7884,2714,1724,"BrM",32,11
"7699",7885,2812,1725,"BrF",32,155
"7700",7886,2811,1728,"BrM",32,154
"7701",7887,2721,1729,"BrM",32,20
"7702",7888,2769,1731,"ABX",32,80
"7703",7889,2788,1735,"BrF",32,105
"7704",7890,2746,1739,"ABX",32,53
"7705",7891,2721,1740,"BrF",32,20
"7706",7892,2793,1742,"ABX",32,112
"7707",7893,2735,1743,"ABX",32,39
"7708",7894,2753,1744,"BrM",32,60
"7709",7895,2706,1750,"BrM",32,1
"7710",7896,2741,1752,"BrM",32,47
"7711",7897,2720,1753,"BrF",32,17
"7712",7898,2770,1754,"BrM",32,81
"7713",7899,2798,1756,"BrM",32,123
"7714",7900,2751,1757,"BrF",32,58
"7715",7901,2813,1759,"BrM",32,157
"7716",7902,2797,1760,"BrF",32,121
"7717",7903,2738,1762,"U",32,43
"7718",7904,2708,1763,"BrF",32,3
"7719",7905,2736,1764,"ABX",32,40
"7720",7906,2741,1765,"BrF",32,47
"7721",7907,2735,1766,"ABX",32,39
"7722",7908,2715,1767,"ABX",32,12
"7723",7909,2744,1768,"ABX",32,51
"7724",7910,2801,1770,"ABX",32,127
"7725",7911,2721,1772,"H",32,20
"7726",7912,2727,1773,"BrM",32,27
"7727",7913,2728,1774,"ABX",32,28
"7728",7914,2717,1775,"B",32,14
"7729",7915,2767,1776,"BrF",32,77
"7730",7916,2791,1777,"ABX",32,110
"7731",7917,2716,1778,"BrF",32,13
"7732",7918,2776,1779,"BrF",32,88
"7733",7919,2823,1781,"ABX",32,174
"7734",7920,2761,1782,"BrF",32,70
"7735",7922,2758,1783,"ABX",32,67
"7736",7923,2820,1785,"ABX",32,169
"7737",7924,2733,1787,"BrM",32,36
"7738",7925,2799,1788,"BrM",32,125
"7739",7926,2811,1789,"BrF",32,154
"7740",7927,2793,1790,"BrF",32,112
"7741",7928,2711,1791,"BrF",32,7
"7742",7929,2815,1793,"BrM",32,160
"7743",7930,2807,1794,"ABX",32,138
"7744",7931,2722,1795,"BrM",32,22
"7745",7932,2780,1796,"BrM",32,93
"7746",7933,2779,1797,"BrM",32,92
"7747",7934,2805,1798,"ABX",32,135
"7748",7935,2748,1800,"H",32,55
"7749",7936,2768,1802,"BrM",32,79
"7750",7937,2709,1804,"ABX",32,4
"7751",7938,2807,1806,"ABX",32,138
"7752",7939,2747,1821,"BrF",32,54
"7753",7940,2783,1822,"BrM",32,96
"7754",7941,2773,1823,"BrM",32,85
"7755",7942,2722,1824,"ABX",32,22
"7756",7943,2733,1826,"ABX",32,36
"7757",7944,2749,1827,"ABX",32,56
"7758",7945,2770,1828,"ABX",32,81
"7759",7946,2796,1829,"ABX",32,118
"7760",7947,2819,1830,"ABX",32,168
"7761",7948,2751,1831,"ABX",32,58
"7762",7949,2725,1848,"ABX",32,25
"7763",7950,2781,1851,"ABX",32,94
"7764",7951,2723,1852,"ABX",32,23
"7765",7952,2710,1854,"ABX",32,5
"7766",7953,2719,1857,"NSA",32,16
"7767",7954,2729,1864,"ABX",32,30
"7768",7955,2717,1865,"ABX",32,14
"7769",7956,2738,1867,"ABX",32,43
"7770",7957,2772,1869,"ABX",32,83
"7771",7958,2769,1870,"BrF",32,80
"7772",7959,2781,1871,"BrM",32,94
"7773",7960,2789,1872,"ABX",32,108
"7774",7961,2799,1877,"U",32,125
"7775",7962,2777,1878,"BrM",32,90
"7776",7963,2728,1879,"ABX",32,28
"7777",7964,2737,3487,"BrF",32,42
"7778",7966,2778,2954,"BrF",32,91
"7779",7968,2814,2993,"BrF",32,159
"7780",7975,2820,1881,"ABX",32,169
"7781",7976,2804,1886,"BrM",32,134
"7782",7977,2788,1890,"ABX",32,105
"7783",7978,2802,1891,"BrF",32,128
"7784",7979,2782,1893,"ABX",32,95
"7785",7980,2706,1895,"ABX",32,1
"7786",7981,2707,1897,"ABX",32,2
"7787",7982,2747,2959,"U",32,54
"7788",7984,2753,2960,"ABX",32,60
"7789",7985,2708,2962,"FL",32,3
"7790",7986,2785,2963,"OFL",32,99
"7791",7987,2765,2964,"ABX",32,75
"7792",7988,2712,2966,"OFL",32,8
"7793",7989,2748,2967,"OFL",32,55
"7794",7990,2748,2968,"U",32,55
"7795",7991,2823,2969,"OFL",32,174
"7796",7992,2752,2972,"SEEN1",32,59
"7797",7993,2814,2973,"OFL",32,159
"7798",7994,2801,2974,"OFL",32,127
"7799",7995,2709,2975,"OFL",32,4
"7800",7996,2779,2977,"OFL",32,92
"7801",7997,2774,2978,"BrF",32,86
"7802",7998,2738,2979,"OFL",32,43
"7803",7999,2773,2982,"ABX",32,85
"7804",8000,2707,2984,"BrF",32,2
"7805",8001,2760,2986,"FL",32,69
"7806",8002,2746,2987,"ABX",32,53
"7807",8003,2727,2989,"FL",32,27
"7808",8004,2756,2990,"FL",32,63
"7809",8005,2801,1024,"BrF",32,127
"7810",8006,2719,1209,"BrM",32,16
"7811",8007,2765,2965,"OFL",32,75
"7812",8008,2823,2970,"BrF",32,174
"7813",8009,2789,2971,"OFL",32,108
"7814",8010,2790,1884,"ABX",32,109
"7815",8011,2725,1359,"BrM",32,25
"7816",8012,2785,2983,"ABX",32,99
"7817",8013,2761,3002,"U",32,70
"7818",8015,2742,3004,"FL",32,48
"7819",8016,2764,1843,"ABX",32,74
"7820",8017,2723,3003,"FL",32,23
"7821",8018,2761,1495,"BrM",32,70
"7822",8019,2724,1500,"U",32,24
"7823",8020,2812,3001,"FL",32,155
"7824",8021,2719,1866,"ABX",32,16
"7825",8022,2788,3000,"FL",32,105
"7826",8023,2735,1844,"ABX",32,39
"7827",8024,2754,1561,"BrF",32,61
"7828",8025,2720,1349,"BrM",32,17
"7829",8026,2735,1666,"BrM",32,39
"7830",8027,2768,1803,"BrF",32,79
"7831",8028,2726,1550,"BrF",32,26
"7832",8029,2736,1222,"BrF",32,40
"7833",8030,2708,1847,"ABX",32,3
"7834",8031,2763,1820,"ABX",32,72
"7835",8032,2770,1508,"BrF",32,81
"7836",8033,2719,1409,"BrF",32,16
"7837",8034,2726,1873,"ABX",32,26
"7838",8035,2763,1784,"BrM",32,72
"7839",8036,2732,1218,"BrF",32,34
"7840",8037,2746,1888,"ABX",32,53
"7841",8038,2740,1758,"BrF",32,46
"7842",8039,2804,1887,"ABX",32,134
"7843",8040,2754,1882,"BrM",32,61
"7844",8041,2822,506,"BrM",32,173
"7845",8042,2746,1368,"BrM",32,53
"7846",8043,2802,1427,"BrM",32,128
"7847",8044,2767,1435,"BrM",32,77
"7848",8045,2749,1572,"BrM",32,56
"7849",8046,2805,1588,"BrF",32,135
"7850",8047,2710,1673,"BrF",32,5
"7851",8048,2730,825,"BrF",32,32
"7852",8049,2789,1730,"ABX",32,108
"7853",8050,2766,628,"BrF",32,76
"7854",8051,2762,1188,"BrM",32,71
"7855",8052,2736,1684,"BrM",32,40
"7856",8053,2778,1683,"BrM",32,91
"7857",8054,2748,1671,"ABX",32,55
"7858",8055,2758,1896,"ABX",32,67
"7859",8056,2750,949,"BrF",32,57
"7860",8057,2822,601,"BrF",32,173
"7861",8058,2793,1396,"BrM",32,112
"7862",8059,2764,1490,"BrF",32,74
"7863",8060,2723,1714,"BrM",32,23
"7864",8061,2746,1696,"ABX",32,53
"7865",8062,2730,1858,"ABX",32,32
"7866",8063,2720,1856,"ABX",32,17
"7867",8064,2724,1510,"BrF",32,24
"7868",8065,2740,1695,"BrM",32,46
"7869",8066,2725,1825,"H",32,25
"7870",8067,2822,1849,"ABX",32,173
"7871",8068,2750,1726,"BrM",32,57
"7872",8069,2748,1670,"BrM",32,55
"7873",8070,2738,1674,"BrF",32,43
"7874",8071,2763,1700,"BrF",32,72
"7875",8072,2745,1868,"ABX",32,52
"7876",8073,2745,1370,"BrM",32,52
"7877",8074,2765,1833,"ABX",32,75
"7878",8076,610,1712,"SEEN1",34,77
"7879",8077,2858,1801,"SEEN1",34,100
"7880",8078,3319,1843,"BrM",33,250
"7881",8079,3319,1896,"SEEN2",33,250
"7882",8080,3319,1508,"BrF",33,250
"7883",8081,552,1359,"BrM",33,251
"7884",8082,552,1847,"BrF",33,251
"7885",8083,553,506,"BrM",33,252
"7886",8084,553,2971,"BrF",33,252
"7887",8085,554,1673,"BrF",33,253
"7888",8086,554,1671,"BrM",33,253
"7889",8087,555,1730,"BrM",33,254
"7890",8088,555,1876,"BrF",33,254
"7891",8089,556,1222,"BrF",33,255
"7892",8090,556,1500,"BrM",33,255
"7893",8091,3320,1396,"BrM",33,256
"7894",8093,3320,628,"BrF",33,256
"7895",8094,557,1714,"BrM",33,257
"7896",8095,557,1833,"BrF",33,257
"7897",8096,2825,1684,"BrM",33,258
"7898",8097,2825,825,"BrF",33,258
"7899",8098,2830,1666,"BrM",33,286
"7900",8099,2830,2970,"BrF",33,286
"7901",8100,558,1670,"BrM",33,259
"7902",8101,558,1490,"BrF",33,259
"7903",8102,2826,1820,"BrM",33,260
"7904",8103,2826,1849,"BrF",33,260
"7905",8104,559,1188,"BrM",33,261
"7906",8105,559,601,"BrF",33,261
"7907",8106,560,1882,"BrM",33,262
"7908",8107,560,1561,"BrF",33,262
"7909",8108,561,1858,"SEEN2",33,263
"7910",8109,561,1825,"BrF",33,263
"7911",8110,561,1721,"BrM",33,263
"7912",8111,562,1495,"BrM",33,264
"7913",8112,562,1409,"SEEN1",33,264
"7914",8113,562,1674,"BrF",33,264
"7915",8114,2827,1866,"SEEN2",33,265
"7916",8115,2827,1856,"SEEN2",33,265
"7917",8116,563,1873,"BrF",33,266
"7918",8117,563,1884,"BrM",33,266
"7919",8118,3321,1550,"BrF",33,267
"7920",8119,3321,1695,"BrM",33,267
"7921",8120,3321,1349,"ABX",33,267
"7922",8121,564,1427,"BrM",33,268
"7923",8122,564,1758,"BrF",33,268
"7924",8123,565,1726,"BrM",33,269
"7925",8124,565,1218,"BrF",33,269
"7926",8125,2828,1784,"BrM",33,270
"7927",8126,2828,1700,"BrF",33,270
"7928",8127,559,2998,"CH",33,261
"7929",8128,559,2999,"CH",33,261
"7930",8129,556,2997,"CH",33,255
"7931",8130,3321,3007,"CH",33,267
"7932",8132,2873,912,"BrF",35,1
"7933",8133,2873,1750,"BrM",35,1
"7934",8134,2873,1897,"ABX",35,1
"7935",8135,2873,3009,"OFL",35,1
"7936",8136,2873,1705,"ABX",35,1
"7937",8137,2874,501,"BrM",35,2
"7938",8138,2874,2984,"BrF",35,2
"7939",8139,2875,1287,"BrM",35,3
"7940",8140,2875,1763,"BrF",35,3
"7941",8141,2875,2962,"ABX",35,3
"7942",8142,2875,3085,"FL",35,3
"7943",8143,2876,1532,"BrF",35,4
"7944",8144,2876,1804,"ABX",35,4
"7945",8145,2876,911,"BrM",35,4
"7946",8146,2876,2975,"ABX",35,4
"7947",8147,2877,1187,"BrM",35,5
"7948",8148,2877,1740,"BrF",35,5
"7949",8149,2878,1791,"BrF",35,7
"7950",8150,2878,1509,"BrM",35,7
"7951",8151,2878,3024,"FL",35,7
"7952",8152,2879,1660,"ABX",35,8
"7953",8153,2879,1605,"BrF",35,8
"7954",8154,2879,3023,"FL",35,8
"7955",8155,2879,497,"BrM",35,8
"7956",8156,2880,595,"BrF",35,9
"7957",8157,2880,1499,"BrM",35,9
"7958",8158,2881,1767,"BrM",35,11
"7959",8159,2881,1614,"BrF",35,11
"7960",8160,2882,930,"BrF",35,12
"7961",8161,2893,2989,"ABX",35,27
"7962",8162,2882,1485,"BrM",35,12
"7963",8163,2883,1778,"BrF",35,13
"7964",8164,2883,1607,"BrM",35,13
"7965",8165,2884,458,"BrF",35,14
"7966",8166,2884,499,"BrM",35,14
"7967",8167,2885,929,"BrM",35,15
"7968",8168,2885,3016,"OFL",35,15
"7969",8169,2885,1589,"BrF",35,15
"7970",8170,2886,1753,"BrF",35,16
"7971",8171,2886,3087,"OFL",35,16
"7972",8172,2886,1775,"BrM",35,16
"7973",8173,2887,3010,"OFL",35,20
"7974",8174,2887,3020,"FL",35,20
"7975",8175,2887,1729,"BrM",35,20
"7976",8176,2887,1772,"H",35,20
"7977",8177,2887,1740,"BrF",35,20
"7978",8178,2888,1824,"ABX",35,22
"7979",8179,2888,1795,"BrM",35,22
"7980",8180,2888,1419,"BrF",35,22
"7981",8181,2889,3003,"ABX",35,23
"7982",8182,2889,1247,"BrF",35,23
"7983",8183,2889,3012,"OFL",35,23
"7984",8184,2889,1702,"BrM",35,23
"7985",8185,2890,1510,"BrF",35,24
"7986",8186,2890,3015,"OFL",35,24
"7987",8187,2890,1723,"BrM",35,24
"7988",8188,2891,1506,"BrF",35,25
"7989",8189,2891,1720,"BrM",35,25
"7990",8190,2892,1828,"BrF",35,26
"7991",8191,2892,1848,"BrM",35,26
"7992",8192,2893,1346,"BrF",35,27
"7993",8193,2917,2990,"ABX",35,63
"7994",8194,2893,1773,"BrM",35,27
"7995",8195,2894,1606,"BrM",35,28
"7996",8196,2894,1501,"BrF",35,28
"7997",8197,2894,1857,"ABX",35,28
"7998",8198,2894,1879,"ABX",35,28
"7999",8199,2894,1774,"ABX",35,28
"8000",8200,2895,1503,"BrF",35,30
"8001",8201,2895,507,"BrM",35,30
"8002",8202,639,1388,"BrF",35,32
"8003",8203,639,1611,"BrM",35,32
"8004",8204,2896,503,"BrF",35,33
"8005",8205,2896,1214,"BrM",35,33
"8006",8206,2897,1542,"BrM",35,34
"8007",8207,2897,1864,"BrF",35,34
"8008",8208,2898,1787,"BrM",35,36
"8009",8209,2898,1826,"ABX",35,36
"8010",8210,2898,3086,"FL",35,36
"8011",8211,2898,1536,"BrF",35,36
"8012",8212,2899,441,"BrF",35,38
"8013",8213,2899,1165,"BrM",35,38
"8014",8214,2900,1415,"BrF",35,39
"8015",8215,2900,1743,"BrM",35,39
"8016",8216,2900,3017,"OFL",35,39
"8017",8217,2900,1766,"ABX",35,39
"8018",8218,640,1711,"BrM",35,40
"8019",8219,640,1764,"BrF",35,40
"8020",8220,641,3487,"BrF",35,42
"8021",8221,641,1543,"BrM",35,42
"8022",8222,641,609,"ABX",35,42
"8023",8223,2901,1029,"BrM",35,43
"8024",8224,2901,3018,"OFL",35,43
"8025",8225,2901,1854,"BrF",35,43
"8026",8226,2902,1384,"BrF",35,45
"8027",8227,2902,1868,"ABX",35,45
"8028",8228,2902,221,"BrM",35,45
"8029",8229,2903,2980,"ABX",35,46
"8030",8230,2904,2985,"ABX",35,47
"8031",8231,2904,1752,"BrM",35,47
"8032",8232,2904,1765,"BrF",35,47
"8033",8233,2905,1193,"BrF",35,48
"8034",8234,2905,1590,"BrM",35,48
"8035",8235,2906,1553,"BrM",35,50
"8036",8236,2906,1200,"BrF",35,50
"8037",8237,642,1361,"BrF",35,51
"8038",8238,642,1698,"BrM",35,51
"8039",8239,2907,2987,"BrF",35,53
"8040",8240,2907,1739,"BrM",35,53
"8041",8241,2908,1821,"BrF",35,54
"8042",8242,2908,1504,"BrM",35,54
"8043",8243,2909,1800,"ABX",35,55
"8044",8244,2909,2968,"ABX",35,55
"8045",8245,2909,1769,"BrM",35,55
"8046",8246,2909,2967,"ABX",35,55
"8047",8247,2909,459,"BrF",35,55
"8048",8248,2910,1563,"BrF",35,56
"8049",8249,2910,510,"BrM",35,56
"8050",8250,2911,1831,"BrM",35,57
"8051",8251,2911,2959,"BrF",35,57
"8052",8252,2912,1757,"BrF",35,58
"8053",8253,2912,1523,"BrM",35,58
"8054",8254,2913,2994,"BrM",35,59
"8055",8255,2913,1541,"BrF",35,59
"8056",8257,2914,1369,"BrF",35,60
"8057",8258,2914,1744,"BrM",35,60
"8058",8259,2915,1827,"BrF",35,61
"8059",8260,2915,1783,"BrM",35,61
"8060",8261,2916,1539,"BrM",35,62
"8061",8262,2916,1538,"BrF",35,62
"8062",8263,2917,3019,"OFL",35,63
"8063",8265,2917,1577,"BrM",35,63
"8064",8266,2917,1042,"BrF",35,63
"8065",8267,2918,1699,"BrM",35,66
"8066",8268,2918,1558,"BrF",35,66
"8067",8269,2919,1595,"BrM",35,67
"8068",8270,2919,1305,"BrF",35,67
"8069",8271,2920,1669,"BrF",35,68
"8070",8272,2920,1213,"BrM",35,68
"8071",8273,2921,2986,"ABX",35,69
"8072",8274,2921,453,"BrM",35,69
"8073",8275,2921,869,"BrF",35,69
"8074",8276,2922,1881,"BrM",35,70
"8075",8277,2922,1782,"BrF",35,70
"8076",8278,2923,1742,"BrM",35,71
"8077",8279,2923,1244,"BrF",35,71
"8078",8280,2924,1747,"BrM",35,72
"8079",8281,2924,1805,"BrF",35,72
"8080",8282,2925,1031,"BrM",35,74
"8081",8283,2925,1664,"ABX",35,74
"8082",8284,2926,1559,"BrF",35,75
"8083",8285,2926,1591,"BrM",35,75
"8084",8286,2926,2964,"ABX",35,75
"8085",8287,2927,1852,"BrF",35,76
"8086",8288,2927,3093,"FL",35,76
"8087",8289,2927,1358,"BrM",35,76
"8088",8290,2928,1776,"BrF",35,77
"8089",8291,2928,1707,"BrF",35,77
"8090",8292,2928,1710,"BrM",35,77
"8091",8293,2929,1803,"BrF",35,79
"8092",8294,2929,1802,"BrM",35,79
"8093",8295,2929,1819,"ABX",35,79
"8094",8296,2930,2983,"BrF",35,80
"8095",8297,2930,1566,"BrM",35,80
"8096",8298,2931,1895,"BrF",35,81
"8097",8299,2931,1754,"BrM",35,81
"8098",8300,2932,1356,"BrM",35,82
"8099",8301,2932,3092,"FL",35,82
"8100",8302,2932,1892,"BrF",35,82
"8101",8303,2933,1604,"BrM",35,83
"8102",8304,2933,832,"BrF",35,83
"8103",8305,2933,1869,"ABX",35,83
"8104",8306,2934,1823,"BrM",35,85
"8105",8307,2934,1491,"BrF",35,85
"8106",8309,2935,1709,"BrM",35,86
"8107",8310,2935,2978,"BrF",35,86
"8108",8311,2935,2963,"ABX",35,86
"8109",8312,2936,1722,"BrM",35,87
"8110",8313,2936,3005,"OFL",35,87
"8111",8314,2936,1437,"BrF",35,87
"8112",8315,2937,1779,"BrF",35,88
"8113",8316,2937,1196,"BrM",35,88
"8114",8317,2938,1878,"BrM",35,90
"8115",8318,2938,862,"BrF",35,90
"8116",8319,2939,1797,"BrM",35,92
"8117",8320,2939,2977,"ABX",35,92
"8118",8321,2939,1717,"BrF",35,92
"8119",8322,2940,1796,"BrM",35,93
"8120",8323,2940,1697,"BrF",35,93
"8121",8324,2941,1871,"BrM",35,94
"8122",8325,2941,1195,"BrF",35,94
"8123",8326,2942,1524,"BrM",35,95
"8124",8327,2942,1893,"ABX",35,95
"8125",8328,2942,1170,"BrF",35,95
"8126",8329,2943,1822,"BrM",35,96
"8127",8330,2943,1598,"BrF",35,96
"8128",8331,2944,1718,"BrM",35,98
"8129",8332,2944,1438,"BrF",35,98
"8130",8333,2944,1708,"ABX",35,98
"8131",8334,2945,1672,"BrF",35,99
"8132",8335,2945,1533,"BrM",35,99
"8133",8336,2946,472,"BrF",35,100
"8134",8337,2946,1394,"BrM",35,100
"8135",8338,2947,1719,"BrM",35,101
"8136",8339,2947,1403,"BrF",35,101
"8137",8340,2948,1381,"BrM",35,105
"8138",8341,2948,3090,"BrF",35,105
"8139",8342,2948,3000,"ABX",35,105
"8140",8343,2948,1890,"ABX",35,105
"8141",8344,2949,1851,"BrF",35,108
"8142",8345,2949,1199,"BrM",35,108
"8143",8346,2950,1040,"BrM",35,109
"8144",8347,2950,1580,"BrF",35,109
"8145",8348,2951,1777,"ABX",35,110
"8146",8349,2951,1018,"BrM",35,110
"8147",8350,2951,1865,"BrF",35,110
"8148",8351,2952,1576,"BrF",35,111
"8149",8352,2952,1512,"BrM",35,111
"8150",8353,2953,1790,"BrF",35,112
"8151",8354,2953,1731,"BrM",35,112
"8152",8355,2954,3091,"FL",35,113
"8153",8356,2954,1623,"BrM",35,113
"8154",8357,2954,1665,"BrF",35,113
"8155",8358,2955,1685,"BrF",35,116
"8156",8359,2955,1608,"BrM",35,116
"8157",8360,2956,1489,"BrM",35,118
"8158",8361,2956,3495,"BrF",35,118
"8159",8362,2957,1760,"BrF",35,121
"8160",8363,2958,1756,"BrM",35,123
"8161",8364,2958,2957,"BrF",35,123
"8162",8365,2959,1877,"ABX",35,125
"8163",8366,2959,3011,"OFL",35,125
"8164",8367,2959,1788,"BrM",35,125
"8165",8368,2959,1401,"BrF",35,125
"8166",8370,2960,919,"BrF",35,126
"8167",8371,2960,510,"BrM",35,126
"8168",8372,2960,476,"ABX",35,126
"8169",8373,643,2974,"ABX",35,127
"8170",8375,643,1024,"BrF",35,127
"8171",8376,643,1616,"BrM",35,127
"8172",8377,2961,1785,"BrM",35,128
"8173",8378,2961,3094,"OFL",35,128
"8174",8379,2961,1891,"BrF",35,128
"8175",8380,644,1412,"BrM",35,129
"8176",8382,644,1678,"BrF",35,129
"8177",8383,2962,1429,"BrF",35,134
"8178",8384,2962,1886,"BrM",35,134
"8179",8385,2962,3088,"FL",35,134
"8180",8386,2963,1581,"BrM",35,135
"8181",8387,2963,3002,"BrF",35,135
"8182",8388,2964,845,"BrF",35,137
"8183",8390,2964,1276,"BrM",35,137
"8184",8391,2965,1801,"BrM",35,138
"8185",8392,2965,2992,"BrF",35,138
"8186",8393,2966,1171,"BrM",35,139
"8187",8394,2966,1172,"BrF",35,139
"8188",8395,2967,1617,"BrF",35,140
"8189",8396,2967,3089,"FL",35,140
"8190",8397,2967,1494,"BrM",35,140
"8191",8398,2968,1587,"BrM",35,144
"8192",8399,2968,1275,"BrF",35,144
"8193",8400,2969,1728,"BrM",35,154
"8194",8401,2969,1789,"BrF",35,154
"8195",8402,2970,1610,"BrM",35,155
"8196",8403,2970,3001,"ABX",35,155
"8197",8404,2970,1725,"BrF",35,155
"8198",8405,2971,1759,"BrM",35,157
"8199",8406,2971,666,"BrF",35,157
"8200",8407,2972,2973,"SEEN1",35,159
"8201",8409,2972,2993,"BrF",35,159
"8202",8410,2973,563,"BrF",35,160
"8203",8411,2973,1677,"BrM",35,160
"8204",8412,645,1043,"BrF",35,165
"8205",8414,645,1682,"BrM",35,165
"8206",8415,2974,1395,"BrM",35,166
"8207",8416,2974,1603,"BrF",35,166
"8208",8417,2975,3022,"BrF",35,167
"8209",8418,2975,3095,"OFL",35,167
"8210",8419,2975,1492,"BrM",35,167
"8211",8420,2976,1830,"ABX",35,168
"8212",8421,2976,1271,"BrF",35,168
"8213",8422,2976,1593,"BrM",35,168
"8214",8423,3322,1155,"BrF",35,169
"8215",8424,3322,1570,"NS",35,169
"8216",8425,2977,524,"BrF",35,171
"8217",8426,2977,634,"BrM",35,171
"8218",8427,2978,1716,"BrF",35,173
"8219",8428,2978,2976,"BrM",35,173
"8220",8429,2979,1579,"BrM",35,174
"8221",8430,2979,1781,"BrF",35,174
"8222",8431,3387,2981,"FLOAT",35,-3
"8223",8432,3375,1867,"FLOAT",35,-3
"8224",8433,589,3017,"CH",34,39
"8225",8434,592,3018,"CH",34,43
"8226",8435,575,3016,"CH",34,15
"8227",8436,580,3015,"CH",34,24
"8228",8437,586,3014,"CH",34,33
"8229",8438,571,3013,"CH",34,9
"8230",8439,566,3009,"CH",34,1
"8231",8440,570,3008,"CH",34,8
"8232",8441,622,3011,"CH",34,125
"8233",8442,577,3010,"CH",34,20
"8234",8443,579,3012,"CH",34,23
"8235",8444,612,3005,"CH",34,87
"8236",8445,615,3006,"CH",34,95
"8237",8446,2848,2991,"ABX",34,83
"8238",8447,2833,2988,"OFL",34,12
"8239",8448,622,1889,"NS",34,125
"8240",8461,3002,3442,"FL",36,272
"8241",8462,3002,1368,"BrM",36,272
"8242",8463,3002,949,"BrF",36,272
"8243",8464,3001,1844,"BrM",36,271
"8244",8465,3001,2997,"BrF",36,271
"8245",8466,3000,1784,"BrM",36,270
"8246",8467,3000,1700,"BrF",36,270
"8247",8468,2999,1726,"BrM",36,269
"8248",8469,2999,1218,"BrF",36,269
"8249",8470,2998,1427,"BrM",36,268
"8250",8471,2998,1758,"BrF",36,268
"8251",8472,2997,1349,"BrM",36,267
"8252",8473,2997,1550,"BrF",36,267
"8253",8474,2997,3441,"OFL",36,267
"8254",8475,2996,3440,"FL",36,266
"8255",8476,2996,1884,"BrM",36,266
"8256",8477,2996,1873,"BrF",36,266
"8257",8479,2995,1866,"BrM",36,265
"8258",8480,2994,1674,"BrF",36,264
"8259",8481,2994,1495,"BrM",36,264
"8260",8483,2993,1721,"BrM",36,263
"8261",8484,2992,3439,"FL",36,262
"8262",8485,2992,1561,"BrF",36,262
"8263",8488,2991,1188,"BrM",36,261
"8264",8489,2990,3433,"BrF",36,260
"8265",8490,2990,1820,"BrM",36,260
"8266",8491,2989,1670,"BrM",36,259
"8267",8492,2989,1490,"BrF",36,259
"8268",8493,2988,3436,"BrF",36,258
"8269",8494,2988,1684,"BrM",36,258
"8270",8495,2987,1833,"BrF",36,257
"8271",8496,2987,1714,"BrM",36,257
"8272",8497,2986,1396,"BrM",36,256
"8273",8498,2986,2970,"BrF",36,256
"8274",8499,2985,3435,"BrF",36,255
"8275",8500,2985,1500,"BrM",36,255
"8276",8501,2984,3438,"FL",36,254
"8277",8502,2984,1730,"BrM",36,254
"8278",8503,2984,1876,"BrF",36,254
"8279",8504,2983,1671,"BrM",36,253
"8280",8505,2983,1825,"BrF",36,253
"8281",8506,2982,3434,"BrF",36,252
"8282",8507,2982,506,"BrM",36,252
"8283",8508,2981,3437,"FL",36,251
"8284",8509,2981,2971,"BrF",36,251
"8285",8510,2981,1359,"BrM",36,251
"8286",8511,2980,1508,"BrF",36,250
"8287",8512,2980,1843,"BrM",36,250
"8288",8513,3322,1808,"BrM",35,169
"8289",8514,611,1803,"BrF",34,79
"8290",8515,2589,1705,"ABX",31,1
"8291",8516,2589,1348,"BrM",31,1
"8292",8517,2589,912,"BrF",31,1
"8293",8518,2589,1895,"OFL",31,1
"8294",8519,2590,1762,"B",31,2
"8295",8520,2590,927,"BrF",31,2
"8296",8521,2590,501,"BrM",31,2
"8297",8522,2590,1897,"OFL",31,2
"8298",8523,2591,1847,"OFL",31,3
"8299",8524,2591,1763,"BrF",31,3
"8300",8525,2591,1287,"BrM",31,3
"8301",8526,2592,1532,"BrF",31,4
"8302",8527,2592,911,"BrM",31,4
"8303",8528,2593,1702,"ABX",31,5
"8304",8529,2593,1187,"BrM",31,5
"8305",8530,2593,1854,"OFL",31,5
"8306",8532,2594,1750,"B",31,7
"8307",8533,2594,1509,"BrM",31,7
"8308",8534,2594,1791,"BrF",31,7
"8309",8535,2595,1876,"OFL",31,8
"8310",8536,2595,1660,"ABX",31,8
"8311",8537,2595,1605,"BrF",31,8
"8312",8538,2595,497,"BrM",31,8
"8313",8539,2596,1499,"BrM",31,9
"8314",8540,2596,595,"BrF",31,9
"8315",8541,2597,1724,"BrM",31,11
"8316",8542,2597,1614,"BrF",31,11
"8317",8543,2598,1767,"ABX",31,12
"8318",8544,2598,1485,"BrM",31,12
"8319",8545,2598,930,"BrF",31,12
"8320",8546,2599,1778,"BrF",31,13
"8321",8547,2599,1607,"BrM",31,13
"8322",8548,2600,1775,"B",31,14
"8323",8549,2600,499,"BrM",31,14
"8324",8550,2600,458,"BrF",31,14
"8325",8551,2600,1865,"U",31,14
"8326",8552,2601,1589,"BrF",31,15
"8327",8553,2601,929,"BrM",31,15
"8328",8554,2602,1866,"OFL",31,16
"8329",8555,2602,1409,"BrF",31,16
"8330",8556,2602,1209,"BrM",31,16
"8331",8557,2603,1856,"OFL",31,17
"8332",8558,2603,1753,"BrF",31,17
"8333",8559,2603,1349,"BrM",31,17
"8334",8560,2604,1772,"ABX",31,20
"8335",8561,2604,1740,"BrF",31,20
"8336",8562,2604,1729,"BrM",31,20
"8337",8563,2605,1824,"OFL",31,22
"8338",8564,2605,1795,"BrM",31,22
"8339",8565,2605,1419,"BrF",31,22
"8340",8566,2606,1852,"OFL",31,23
"8341",8567,2606,1714,"BrM",31,23
"8342",8568,2606,1247,"BrF",31,23
"8343",8569,2607,1848,"OFL",31,24
"8344",8570,2607,1500,"BrM",31,24
"8345",8571,2607,1059,"BrF",31,24
"8346",8572,2608,1825,"OFL",31,25
"8347",8573,2608,1721,"ABX",31,25
"8348",8574,2608,1720,"ABX",31,25
"8349",8575,2608,1506,"BrF",31,25
"8350",8576,2608,1359,"BrM",31,25
"8351",8577,2609,1550,"BrF",31,26
"8352",8578,2609,1166,"BrM",31,26
"8353",8579,2609,1873,"FL",31,26
"8354",8580,2610,1773,"BrM",31,27
"8355",8581,2610,1346,"BrF",31,27
"8356",8582,2611,1774,"ABX",31,28
"8357",8583,2611,1606,"BrM",31,28
"8358",8584,2611,1879,"OFL",31,28
"8359",8585,2611,1501,"BrF",31,28
"8360",8586,2612,1864,"OFL",31,30
"8361",8587,2612,1503,"BrF",31,30
"8362",8588,2612,507,"BrM",31,30
"8363",8589,2613,1858,"OFL",31,32
"8364",8590,2613,1611,"BrM",31,32
"8365",8591,2613,825,"BrF",31,32
"8366",8592,2614,1214,"BrM",31,33
"8367",8593,2614,503,"BrF",31,33
"8368",8594,2615,1736,"ABX",31,34
"8369",8595,2615,1542,"BrM",31,34
"8370",8596,2615,1218,"BrF",31,34
"8371",8597,2616,1826,"OFL",31,36
"8372",8598,2616,1787,"BrM",31,36
"8373",8599,2616,1536,"BrF",31,36
"8374",8600,2617,1165,"BrM",31,38
"8375",8601,2617,441,"BrF",31,38
"8376",8602,2618,1844,"OFL",31,39
"8377",8603,2618,1743,"ABX",31,39
"8378",8604,2618,1415,"BrF",31,39
"8379",8605,2619,335,"OFL",31,40
"8380",8606,2619,1709,"SEEN1",31,40
"8381",8607,2619,1764,"ABX",31,40
"8382",8608,2619,1684,"BrM",31,40
"8383",8609,2619,1222,"BrF",31,40
"8384",8610,2620,442,"ABX",31,42
"8385",8611,2620,1543,"ABX",31,42
"8386",8612,2620,609,"BrM",31,42
"8387",8613,2620,199,"BrF",31,42
"8388",8614,2621,1674,"BrF",31,43
"8389",8615,2621,1029,"BrM",31,43
"8390",8616,2621,1867,"OFL",31,43
"8391",8617,2622,454,"BrF",31,45
"8392",8618,2622,221,"BrM",31,45
"8393",8619,2623,1695,"BrM",31,46
"8394",8620,2623,1758,"BrF",31,46
"8395",8621,2624,1765,"BrF",31,47
"8396",8622,2624,1752,"BrM",31,47
"8397",8623,2624,921,"ABX",31,47
"8398",8624,2625,1590,"BrM",31,48
"8399",8625,2625,1193,"BrF",31,48
"8400",8626,2626,1557,"BrM",31,49
"8401",8627,2626,1388,"BrF",31,49
"8402",8628,2627,1553,"BrM",31,50
"8403",8629,2627,1200,"BrF",31,50
"8404",8630,2628,1768,"ABX",31,51
"8405",8631,2628,1361,"BrF",31,51
"8406",8632,2629,1868,"OFL",31,52
"8407",8633,2629,1384,"BrF",31,52
"8408",8634,2629,1370,"BrM",31,52
"8409",8635,2630,2987,"ABX",31,53
"8410",8636,2630,1739,"ABX",31,53
"8411",8637,2630,1696,"ABX",31,53
"8412",8638,2630,1368,"BrM",31,53
"8413",8639,2630,1888,"OFL",31,53
"8414",8640,2631,1821,"BrF",31,54
"8415",8641,2631,1698,"ABX",31,54
"8416",8642,2631,1504,"BrM",31,54
"8417",8643,2632,1800,"ABX",31,55
"8418",8644,2632,1671,"ABX",31,55
"8419",8645,2632,1670,"BrM",31,55
"8420",8646,2633,1827,"ABX",31,56
"8421",8647,2633,1572,"BrM",31,56
"8422",8648,2633,1563,"BrF",31,56
"8423",8649,2634,1726,"BrM",31,57
"8424",8650,2634,949,"BrF",31,57
"8425",8651,2635,1831,"OFL",31,58
"8426",8652,2635,1757,"BrF",31,58
"8427",8653,2635,1523,"BrM",31,58
"8428",8654,2636,2994,"BrM",31,59
"8429",8655,2636,1541,"BrF",31,59
"8430",8656,2637,3148,"SA",31,60
"8431",8657,2637,1745,"ABX",31,60
"8432",8658,2637,1744,"BrM",31,60
"8433",8659,2637,1369,"BrF",31,60
"8434",8660,2638,1561,"BrF",31,61
"8435",8661,2638,1441,"BrM",31,61
"8436",8662,2639,3146,"SA",31,62
"8437",8663,2639,1539,"BrM",31,62
"8438",8664,2639,1538,"BrF",31,62
"8439",8665,2640,1042,"BrF",31,63
"8440",8666,2640,1799,"BrM",31,63
"8441",8667,2641,1699,"BrM",31,66
"8442",8668,2641,1558,"BrF",31,66
"8443",8669,2642,1783,"ABX",31,67
"8444",8670,2642,1896,"OFL",31,67
"8445",8671,2642,1305,"BrF",31,67
"8446",8672,2643,1874,"OFL",31,68
"8447",8673,2643,1669,"BrF",31,68
"8448",8674,2643,1213,"BrM",31,68
"8449",8675,2644,869,"BrF",31,69
"8450",8676,2644,453,"BrM",31,69
"8451",8677,2645,1782,"BrF",31,70
"8452",8678,2645,1495,"BrM",31,70
"8453",8679,2646,1244,"BrF",31,71
"8454",8680,2646,1188,"BrM",31,71
"8455",8681,2647,1820,"OFL",31,72
"8456",8682,2647,1700,"BrF",31,72
"8457",8683,2647,1221,"BrM",31,72
"8458",8684,2648,1843,"OFL",31,74
"8459",8685,2648,1664,"ABX",31,74
"8460",8686,2648,1490,"BrF",31,74
"8461",8687,2648,1031,"BrM",31,74
"8462",8688,2649,1833,"OFL",31,75
"8463",8689,2649,1591,"BrM",31,75
"8464",8690,2649,2964,"U",31,75
"8465",8691,2649,1559,"BrF",31,75
"8466",8692,2650,1723,"SEEN1",31,76
"8467",8693,2650,1358,"BrM",31,76
"8468",8694,2650,628,"BrF",31,76
"8469",8695,2651,1711,"ABX",31,77
"8470",8696,2651,1776,"BrF",31,77
"8471",8697,2651,1435,"BrM",31,77
"8472",8698,2652,1819,"OFL",31,79
"8473",8699,2652,1802,"BrM",31,79
"8474",8700,2652,1803,"BrF",31,79
"8475",8701,2653,3143,"BrF",31,80
"8476",8702,2653,1731,"ABX",31,80
"8477",8703,2653,1566,"BrM",31,80
"8478",8704,2654,1828,"OFL",31,81
"8479",8705,2654,1754,"BrM",31,81
"8480",8706,2654,1508,"BrF",31,81
"8481",8707,2655,1870,"OFL",31,82
"8482",8708,2655,1356,"BrM",31,82
"8483",8709,2656,1869,"OFL",31,83
"8484",8710,2656,832,"BrF",31,83
"8485",8711,2657,1823,"BrM",31,85
"8486",8712,2657,1491,"BrF",31,85
"8487",8713,2658,3140,"BrF",31,86
"8488",8714,2658,1780,"BrM",31,86
"8489",8715,2659,1722,"BrM",31,87
"8490",8716,2659,1437,"BrF",31,87
"8491",8717,2660,1779,"BrF",31,88
"8492",8718,2660,1196,"BrM",31,88
"8493",8719,2661,1878,"BrM",31,90
"8494",8720,2661,862,"BrF",31,90
"8495",8721,2662,1683,"BrM",31,91
"8496",8723,2663,1797,"BrM",31,92
"8497",8724,2663,1717,"BrF",31,92
"8498",8725,2664,1796,"BrM",31,93
"8499",8726,2664,1697,"BrF",31,93
"8500",8727,2665,1871,"BrM",31,94
"8501",8728,2665,1195,"BrF",31,94
"8502",8729,2666,1893,"ABX",31,95
"8503",8730,2666,1524,"BrM",31,95
"8504",8731,2666,1170,"BrF",31,95
"8505",8732,2667,1822,"BrM",31,96
"8506",8733,2667,1598,"BrF",31,96
"8507",8734,2667,1845,"SEEN1",31,96
"8508",8735,2668,1718,"BrM",31,98
"8509",8736,2668,1438,"BrF",31,98
"8510",8737,2669,2963,"CH",31,99
"8511",8738,2669,2983,"ABX",31,99
"8512",8739,2669,1672,"BrF",31,99
"8513",8740,2669,1533,"BrM",31,99
"8514",8741,2670,1394,"BrM",31,100
"8515",8742,2670,472,"BrF",31,100
"8516",8743,2671,1808,"OFL",31,101
"8517",8744,2671,1790,"ABX",31,101
"8518",8745,2671,1403,"BrF",31,101
"8519",8746,2671,849,"BrM",31,101
"8520",8747,2672,1735,"BrF",31,105
"8521",8748,2672,1381,"BrM",31,105
"8522",8750,2673,1730,"ABX",31,108
"8523",8751,2673,1872,"OFL",31,108
"8524",8752,2673,1612,"BrF",31,108
"8525",8753,2673,1199,"BrM",31,108
"8526",8754,2674,1884,"OFL",31,109
"8527",8755,2674,1580,"BrF",31,109
"8528",8756,2674,1040,"BrM",31,109
"8529",8757,2675,1018,"BrM",31,110
"8530",8758,2675,1017,"BrF",31,110
"8531",8759,2676,1576,"BrF",31,111
"8532",8760,2676,1512,"BrM",31,111
"8533",8761,2677,1742,"ABX",31,112
"8534",8762,2677,1510,"BrF",31,112
"8535",8763,2677,1396,"BrM",31,112
"8536",8764,2678,1665,"BrF",31,113
"8537",8765,2678,1623,"BrM",31,113
"8538",8766,2679,1685,"BrF",31,116
"8539",8767,2679,1049,"ABX",31,116
"8540",8768,2680,1829,"OFL",31,118
"8541",8769,2680,1489,"BrM",31,118
"8542",8770,2680,1190,"BrF",31,118
"8543",8771,2681,2957,"ABX",31,123
"8544",8772,2681,1756,"BrM",31,123
"8545",8773,2682,1788,"BrM",31,125
"8546",8774,2682,1889,"OFL",31,125
"8547",8775,2682,1877,"OFL",31,125
"8548",8777,2682,1401,"BrF",31,125
"8549",8778,2683,919,"BrF",31,126
"8550",8779,2683,510,"BrM",31,126
"8551",8780,2683,476,"ABX",31,126
"8552",8781,2684,1770,"ABX",31,127
"8553",8782,2684,1769,"ABX",31,127
"8554",8783,2684,1616,"BrM",31,127
"8555",8784,2684,1885,"OFL",31,127
"8556",8785,2684,1875,"SEEN1",31,127
"8557",8786,2684,1024,"BrF",31,127
"8558",8787,2685,1891,"BrF",31,128
"8559",8788,2685,1427,"BrM",31,128
"8560",8789,2686,1412,"BrM",31,129
"8561",8790,2686,915,"BrF",31,129
"8562",8791,2687,1429,"BrF",31,134
"8563",8792,2687,1886,"BrM",31,134
"8564",8793,2687,1887,"OFL",31,134
"8565",8794,2688,1798,"OFL",31,135
"8566",8795,2688,1588,"BrF",31,135
"8567",8796,2689,1801,"ABX",31,137
"8568",8797,2689,1276,"BrM",31,137
"8569",8798,2689,845,"BrF",31,137
"8570",8799,2690,6073,"BrM",31,138
"8571",8800,2690,1806,"OFL",31,138
"8572",8801,2690,1794,"ABX",31,138
"8573",8802,2690,1597,"BrF",31,138
"8574",8803,2691,1172,"BrF",31,139
"8575",8804,2691,1171,"BrM",31,139
"8576",8805,2692,1617,"BrF",31,140
"8577",8806,2692,1494,"BrM",31,140
"8578",8807,2693,1883,"OFL",31,144
"8579",8808,2693,1275,"BrF",31,144
"8580",8809,2694,1789,"BrF",31,154
"8581",8810,2694,1728,"BrM",31,154
"8582",8811,2695,1882,"ABX",31,155
"8583",8812,2695,1725,"BrF",31,155
"8584",8813,2695,1610,"BrM",31,155
"8585",8814,2696,1759,"BrM",31,157
"8586",8815,2696,666,"BrF",31,157
"8587",8816,2697,2993,"BrF",31,159
"8588",8817,2697,544,"BrM",31,159
"8589",8818,2698,1793,"BrM",31,160
"8590",8819,2698,563,"BrF",31,160
"8591",8820,2699,1682,"BrM",31,165
"8592",8821,2699,1043,"BrF",31,165
"8593",8822,2700,1603,"BrF",31,166
"8594",8823,2700,1395,"BrM",31,166
"8595",8824,2701,1830,"OFL",31,168
"8596",8825,2701,1807,"ABX",31,168
"8597",8826,2701,1593,"BrM",31,168
"8598",8827,2701,1272,"BrF",31,168
"8599",8828,2702,1785,"ABX",31,169
"8600",8829,2702,1570,"BrM",31,169
"8601",8830,2702,1155,"BrF",31,169
"8602",8831,2702,1881,"OFL",31,169
"8603",8832,2703,634,"BrM",31,171
"8604",8833,2703,524,"BrF",31,171
"8605",8834,2704,1849,"OFL",31,173
"8606",8835,2704,601,"BrF",31,173
"8607",8836,2704,506,"BrM",31,173
"8608",8837,2705,3155,"BrF",31,174
"8609",8838,2705,1781,"ABX",31,174
"8610",8839,2705,1579,"BrM",31,174
"8611",8840,2705,1747,"SEEN1",31,174
"8612",8842,2918,3021,"FL",35,66
"8613",8843,2837,1868,"U",34,46
"8614",8844,2829,1887,"BrM",33,279
"8615",8845,727,1790,"BrF",37,112
"8616",8846,737,3088,"AB",37,134
"8617",8847,731,1760,"BrF",37,121
"8618",8849,730,1489,"BrM",37,118
"8619",8850,729,1608,"BrM",37,116
"8620",8851,729,1685,"BrF",37,116
"8621",8852,728,1665,"BrF",37,113
"8622",8853,728,1623,"BrM",37,113
"8623",8855,727,1731,"BrM",37,112
"8624",8856,732,1877,"H",37,125
"8625",8857,726,1512,"BrM",37,111
"8626",8858,726,1576,"BrF",37,111
"8627",8859,725,1865,"BrF",37,110
"8628",8860,725,1018,"BrM",37,110
"8629",8861,750,1777,"BrM",37,171
"8630",8862,724,1580,"BrF",37,109
"8631",8863,724,1040,"BrM",37,109
"8632",8864,723,1199,"BrM",37,108
"8633",8865,728,3091,"ABX",37,113
"8634",8866,734,3488,"OFL",37,127
"8635",8867,743,3092,"U",37,154
"8636",8868,737,1429,"BrF",37,134
"8637",8869,736,1678,"BrF",37,129
"8638",8871,736,1412,"BrM",37,129
"8639",8872,735,1891,"BrF",37,128
"8640",8874,735,1867,"BrM",37,128
"8641",8876,734,1024,"BrF",37,127
"8642",8879,733,476,"H",37,126
"8643",8880,733,510,"BrM",37,126
"8644",8881,733,919,"BrF",37,126
"8645",8883,732,1401,"BrF",37,125
"8646",8884,732,1788,"BrM",37,125
"8647",8885,732,3011,"AB",37,125
"8648",8886,734,1616,"BrM",37,127
"8649",8887,709,2978,"BrF",37,86
"8650",8888,745,1759,"BrM",37,159
"8651",8889,713,1797,"BrM",37,92
"8652",8890,712,862,"BrF",37,90
"8653",8891,712,1878,"BrM",37,90
"8654",8892,711,1196,"BrM",37,88
"8655",8893,711,1779,"BrF",37,88
"8656",8895,3006,3005,"BrM",37,123
"8657",8896,723,1851,"BrF",37,108
"8658",8897,709,2963,"H",37,86
"8659",8898,714,1697,"BrF",37,93
"8660",8899,709,1709,"BrM",37,86
"8661",8901,708,1491,"BrF",37,85
"8662",8902,708,1823,"BrM",37,85
"8663",8903,743,1869,"BrM",37,154
"8664",8904,707,832,"BrF",37,83
"8665",8905,707,1604,"BrM",37,83
"8666",8906,710,1722,"BrM",37,87
"8667",8907,718,1438,"BrF",37,98
"8668",8908,738,1581,"BrM",37,135
"8669",8909,722,3090,"BrF",37,105
"8670",8910,722,1381,"BrM",37,105
"8671",8911,721,1403,"BrF",37,101
"8672",8912,721,3454,"BrM",37,101
"8673",8913,720,1394,"BrM",37,100
"8674",8914,720,472,"BrF",37,100
"8675",8915,719,1533,"BrM",37,99
"8676",8916,713,1717,"BrF",37,92
"8677",8917,718,1708,"H",37,98
"8678",8918,714,1796,"BrM",37,93
"8679",8919,718,1718,"BrM",37,98
"8680",8920,717,1598,"BrF",37,96
"8681",8921,717,3000,"BrM",37,96
"8682",8922,716,1170,"BrF",37,95
"8683",8923,716,1893,"H",37,95
"8684",8924,716,1524,"BrM",37,95
"8685",8925,715,1195,"BrF",37,94
"8686",8926,715,1871,"BrM",37,94
"8687",8928,719,1672,"BrF",37,99
"8688",8929,737,1886,"BrM",37,134
"8689",8931,752,1579,"BrM",37,174
"8690",8932,741,1494,"BrM",37,140
"8691",8936,744,1725,"BrF",37,155
"8692",8938,744,1610,"BrM",37,155
"8693",8939,743,1789,"BrF",37,154
"8694",8942,742,1587,"BrM",37,144
"8695",8943,746,563,"BrF",37,160
"8696",8945,741,1617,"BrF",37,140
"8697",8946,740,1172,"BrF",37,139
"8698",8947,740,1171,"BrM",37,139
"8699",8948,739,3508,"BrF",37,138
"8700",8950,3007,845,"BrF",37,137
"8701",8951,738,3002,"BrF",37,135
"8702",8954,706,1356,"BrM",37,82
"8703",8955,751,2976,"BrM",37,173
"8704",8956,751,1716,"BrF",37,173
"8705",8958,750,524,"ABX",37,171
"8706",8960,749,1155,"BrF",37,169
"8707",8961,748,1593,"BrM",37,168
"8708",8962,745,3458,"ABX",37,159
"8709",8967,3009,1603,"BrF",37,166
"8710",8969,3008,1682,"BrM",37,165
"8711",8972,746,1890,"BrM",37,160
"8712",8973,752,1781,"BrF",37,174
"8713",8974,748,1271,"ABX",37,168
"8714",8976,674,1743,"BrM",37,39
"8715",8977,666,1346,"BrF",37,27
"8716",8978,665,1848,"BrM",37,26
"8717",8979,665,1828,"BrF",37,26
"8718",8980,664,1720,"BrM",37,25
"8719",8981,664,1506,"BrF",37,25
"8720",8982,663,2966,"BrM",37,24
"8721",8984,666,1773,"BrM",37,27
"8722",8985,662,1702,"BrM",37,23
"8723",8986,667,1606,"BrM",37,28
"8724",8987,662,1559,"BrF",37,23
"8725",8988,755,3003,"BrF",37,179
"8726",8989,661,1419,"BrF",37,22
"8727",8990,661,1795,"BrM",37,22
"8728",8991,661,1824,"H",37,22
"8729",8993,660,1772,"BrF",37,20
"8730",8994,660,1729,"BrM",37,20
"8731",8995,663,1510,"BrF",37,24
"8732",8996,670,503,"BrF",37,33
"8733",8998,673,1165,"BrM",37,38
"8734",8999,673,441,"BrF",37,38
"8735",9000,672,1536,"BrF",37,36
"8736",9001,648,3086,"AB",37,3
"8737",9002,653,1826,"BrF",37,9
"8738",9003,672,1787,"BrM",37,36
"8739",9004,671,1864,"BrF",37,34
"8740",9006,670,1214,"BrM",37,33
"8741",9007,659,1775,"BrM",37,16
"8742",9008,669,1611,"BrM",37,32
"8743",9009,669,2975,"BrF",37,32
"8744",9010,668,507,"BrM",37,30
"8745",9011,668,1503,"BrF",37,30
"8746",9014,667,1857,"H",37,28
"8747",9015,667,1501,"BrF",37,28
"8748",9016,671,1542,"BrM",37,34
"8749",9017,648,1763,"BrF",37,3
"8750",9018,651,1509,"BrM",37,7
"8751",9019,651,1791,"BrF",37,7
"8752",9020,650,1740,"BrF",37,5
"8753",9021,650,1187,"BrM",37,5
"8754",9023,649,911,"BrM",37,4
"8755",9024,649,1804,"H",37,4
"8756",9025,649,1532,"BrF",37,4
"8757",9026,660,3020,"AB",37,20
"8758",9027,648,2962,"AB",37,3
"8759",9028,652,1605,"BrF",37,8
"8760",9029,648,1287,"BrM",37,3
"8761",9030,647,2984,"BrF",37,2
"8762",9031,647,2960,"BrM",37,2
"8763",9032,646,1705,"H",37,1
"8764",9033,646,3497,"OFL",37,1
"8765",9034,659,1897,"SEEN1",37,16
"8766",9035,646,1750,"BrM",37,1
"8767",9036,646,912,"BrF",37,1
"8768",9037,648,3085,"H",37,3
"8769",9038,655,1485,"BrM",37,12
"8770",9039,674,3017,"AB",37,39
"8771",9040,659,3087,"H",37,16
"8772",9041,659,1753,"BrF",37,16
"8773",9042,658,1589,"BrF",37,15
"8774",9044,658,929,"BrM",37,15
"8775",9045,657,499,"BrM",37,14
"8776",9046,657,458,"U",37,14
"8777",9047,651,3024,"AB",37,7
"8778",9048,656,1778,"BrF",37,13
"8779",9049,652,1660,"ABX",37,8
"8780",9050,655,2988,"H",37,12
"8781",9051,655,930,"BrF",37,12
"8782",9052,654,1614,"BrF",37,11
"8783",9053,654,1767,"BrM",37,11
"8784",9054,653,1499,"BrM",37,9
"8785",9056,652,497,"BrM",37,8
"8786",9057,652,3445,"OFL",37,8
"8787",9058,3003,3010,"BrF",37,53
"8788",9059,656,1607,"BrM",37,13
"8789",9060,692,1558,"BrF",37,66
"8790",9061,674,1415,"BrF",37,39
"8791",9062,696,1782,"BrF",37,70
"8792",9063,695,869,"BrF",37,69
"8793",9064,695,453,"BrM",37,69
"8794",9067,694,1669,"BrF",37,68
"8795",9068,697,3009,"AB",37,71
"8796",9069,693,1595,"BrM",37,67
"8797",9071,692,1699,"BrM",37,66
"8798",9072,691,1042,"BrF",37,63
"8799",9073,691,1577,"BrM",37,63
"8800",9074,691,3513,"OFL",37,63
"8801",9075,691,3019,"AB",37,63
"8802",9076,3005,1538,"BrF",37,62
"8803",9077,3005,1539,"BrM",37,62
"8804",9078,690,1783,"BrM",37,61
"8805",9079,693,1305,"BrF",37,67
"8806",9080,701,1358,"BrM",37,76
"8807",9081,705,1754,"BrM",37,81
"8808",9082,705,1895,"BrF",37,81
"8809",9083,704,1566,"BrM",37,80
"8810",9084,704,2983,"BrF",37,80
"8811",9085,703,1819,"ABX",37,79
"8812",9086,703,1802,"BrM",37,79
"8813",9087,703,1803,"BrF",37,79
"8814",9088,702,1710,"BrM",37,77
"8815",9089,697,1742,"BrM",37,71
"8816",9090,702,1776,"BrF",37,77
"8817",9091,689,3453,"BrF",37,60
"8818",9092,701,3093,"ABX",37,76
"8819",9093,701,1852,"BrF",37,76
"8820",9094,700,2964,"ABX",37,75
"8821",9095,700,1591,"BrM",37,75
"8822",9096,700,2989,"BrF",37,75
"8823",9097,699,1664,"BrF",37,74
"8824",9098,699,1031,"BrM",37,74
"8825",9099,698,1805,"BrF",37,72
"8826",9100,702,1707,"BrF",37,77
"8827",9101,677,1854,"BrF",37,43
"8828",9102,682,1553,"BrM",37,50
"8829",9103,681,1590,"BrM",37,48
"8830",9104,681,1193,"BrF",37,48
"8831",9105,680,1765,"BrF",37,47
"8832",9106,680,1752,"BrM",37,47
"8833",9107,680,3498,"FL",37,47
"8834",9108,705,2980,"SEEN1",37,81
"8835",9109,678,221,"BrM",37,45
"8836",9110,690,1827,"BrF",37,61
"8837",9111,679,1384,"BrF",37,46
"8838",9112,683,1698,"BrM",37,51
"8839",9113,677,3018,"H",37,43
"8840",9114,677,1029,"BrM",37,43
"8841",9115,676,609,"ABX",37,42
"8842",9116,676,1543,"BrM",37,42
"8843",9117,676,3487,"BrF",37,42
"8844",9119,675,1711,"BrM",37,40
"8845",9120,674,1766,"H",37,39
"8846",9121,679,1868,"BrM",37,46
"8847",9122,685,459,"BrF",37,55
"8848",9123,739,1801,"BrM",37,138
"8849",9125,3004,1541,"BrF",37,59
"8850",9127,688,1523,"BrM",37,58
"8851",9128,688,1757,"BrF",37,58
"8852",9129,687,2959,"BrF",37,57
"8853",9130,687,1831,"BrM",37,57
"8854",9131,682,1200,"BrF",37,50
"8855",9132,686,1563,"BrF",37,56
"8856",9133,683,1361,"BrF",37,51
"8857",9135,685,1769,"BrM",37,55
"8858",9137,685,1800,"SBR",37,55
"8859",9138,684,1504,"BrM",37,54
"8860",9139,684,1821,"BrF",37,54
"8861",9140,3003,1739,"BrM",37,53
"8862",9141,3003,3451,"OFL",37,53
"8863",9142,689,1744,"BrM",37,60
"8864",9143,686,510,"BrM",37,56
"8865",9144,3007,1276,"BrM",37,137
"8866",9145,692,3021,"H",37,66
"8867",9146,749,1808,"BrM",37,169
"8868",9147,696,1881,"BrM",37,70
"8869",9148,646,3486,"OFL",37,1
"8870",9149,647,3448,"ABX",37,2
"8871",9150,649,3492,"OFL",37,4
"8872",9151,652,3491,"OFL",37,8
"8873",9152,2715,2988,"FL",32,12
"8874",9153,656,3463,"ABX",37,13
"8875",9154,656,3464,"ABX",37,13
"8876",9155,6256,1762,"FLOAT",37,-3
"8877",9158,664,3449,"OFL",37,25
"8878",9159,664,3450,"OFL",37,25
"8879",9160,667,3447,"H",37,28
"8880",9161,667,3490,"H",37,28
"8881",9162,668,3489,"OFL",37,30
"8882",9163,669,3520,"OFL",37,32
"8883",9164,672,3503,"FL",37,36
"8884",9165,674,3510,"OFL",37,39
"8885",9166,640,3444,"CH",35,40
"8886",9167,675,3444,"ABX",37,40
"8887",9168,675,3446,"OFL",37,40
"8888",9171,683,3452,"OFL",37,51
"8889",9172,684,3514,"FL",37,54
"8890",9173,691,2990,"AB",37,63
"8891",9174,678,2981,"BrF",37,45
"8892",9175,700,3506,"OFL",37,75
"8893",9177,702,1712,"U",37,77
"8894",9178,710,3501,"OFL",37,87
"8895",9179,713,3457,"OFL",37,92
"8896",9180,714,3455,"OFL",37,93
"8897",9182,721,3461,"OFL",37,101
"8898",9183,721,3462,"OFL",37,101
"8899",9185,724,3456,"H",37,109
"8900",9186,724,3505,"OFL",37,109
"8901",9187,727,3516,"OFL",37,112
"8902",9188,731,1829,"BrM",37,121
"8903",9189,754,1798,"BrF",37,178
"8904",9190,742,3459,"OFL",37,144
"8905",9191,744,3460,"U",37,155
"8906",9194,748,1272,"BrF",37,168
"8907",9195,751,3499,"FL",37,173
"8908",9197,753,1780,"BrM",37,177
"8909",9198,753,2982,"BrF",37,177
"8910",9200,698,1774,"BrM",37,72
"8911",9201,706,2986,"BrF",37,82
"8912",9202,747,3022,"BrF",37,167
"8913",9204,756,3467,"BrF",38,250
"8914",9205,756,1843,"BrM",38,250
"8915",9206,757,2971,"BrF",38,251
"8916",9207,757,1359,"BrM",38,251
"8917",9208,757,3524,"FL",38,251
"8918",9209,757,3609,"CH",38,251
"8919",9210,3011,506,"BrM",38,252
"8920",9211,758,1825,"BrF",38,253
"8921",9212,758,1671,"BrM",38,253
"8922",9213,759,3465,"BrF",38,254
"8923",9214,759,1730,"BrM",38,254
"8924",9215,760,1500,"BrM",38,255
"8925",9216,3012,1396,"BrM",38,256
"8926",9217,761,1833,"BrF",38,257
"8927",9218,761,1714,"BrM",38,257
"8928",9219,760,3466,"U",38,255
"8929",9221,762,825,"BrF",38,258
"8930",9222,762,1684,"BrM",38,258
"8931",9223,763,1490,"BrF",38,259
"8932",9224,763,1670,"BrM",38,259
"8933",9225,764,3474,"BrF",38,260
"8934",9226,764,1820,"BrM",38,260
"8935",9228,3013,1188,"BrM",38,261
"8936",9229,765,3469,"BrF",38,263
"8937",9230,765,1721,"BrM",38,263
"8938",9231,766,1674,"BrF",38,264
"8939",9232,766,1495,"BrM",38,264
"8940",9233,766,3525,"FL",38,264
"8941",9234,3014,1866,"BrM",38,265
"8942",9235,767,1873,"BrF",38,266
"8943",9236,767,1884,"BrM",38,266
"8944",9237,767,3472,"FL",38,266
"8945",9238,767,3529,"CH",38,266
"8946",9239,768,1550,"BrF",38,267
"8947",9240,768,1695,"BrM",38,267
"8948",9241,768,3527,"CH",38,267
"8949",9242,769,1758,"BrF",38,268
"8950",9243,769,1427,"BrM",38,268
"8951",9244,769,3530,"FL",38,268
"8952",9245,770,1218,"BrF",38,269
"8953",9246,770,1726,"BrM",38,269
"8954",9247,771,1700,"BrF",38,270
"8955",9248,771,2998,"BrM",38,270
"8956",9250,772,2997,"BrF",38,271
"8957",9251,772,1844,"BrM",38,271
"8958",9252,772,3610,"CH",38,271
"8959",9253,3015,1368,"BrM",38,272
"8960",9254,773,3481,"BrF",38,273
"8961",9255,773,2965,"BrM",38,273
"8962",9256,774,1409,"BrF",38,274
"8963",9257,774,1349,"BrM",38,274
"8964",9259,775,3478,"BrF",38,275
"8965",9260,775,1856,"BrM",38,275
"8966",9261,3016,3473,"U",38,276
"8967",9262,3016,3471,"U",38,276
"8968",9263,3017,3096,"BrF",38,277
"8969",9264,3017,3477,"BrM",38,277
"8970",9265,3018,3007,"BrM",38,278
"8971",9266,3019,1887,"BrM",38,279
"8972",9267,3020,3483,"BrF",38,280
"8973",9268,3020,3479,"BrM",38,280
"8974",9269,3021,3526,"BrF",38,281
"8975",9270,3021,1858,"BrM",38,281
"8976",9271,3022,3522,"BrF",38,282
"8977",9272,3022,3482,"BrM",38,282
"8978",9273,3023,3470,"U",38,283
"8979",9274,3023,3480,"U",38,283
"8980",9275,3024,3468,"BrM",38,284
"8981",9276,3390,3485,"U",38,-4
"8982",9277,3389,3484,"U",38,-4
"8983",9278,3391,3523,"U",38,-4
"8984",9279,646,3608,"CH",37,1
"8985",9280,647,3607,"CH",37,2
"8986",9281,648,3569,"CH",37,3
"8987",9282,649,3591,"CH",37,4
"8988",9284,650,3594,"CH",37,5
"8989",9285,655,3504,"CH",37,12
"8990",9286,657,3500,"BrF",37,14
"8991",9289,660,3601,"CH",37,20
"8992",9290,661,3575,"CH",37,22
"8993",9291,662,3603,"CH",37,23
"8994",9292,664,3572,"CH",37,25
"8995",9293,665,3517,"CH",37,26
"8996",9294,666,3519,"CH",37,27
"8997",9296,668,3518,"CH",37,30
"8998",9297,669,3571,"CH",37,32
"8999",9298,669,3573,"CH",37,32
"9000",9299,671,3576,"CH",37,34
"9001",9300,672,3579,"CH",37,36
"9002",9301,674,3521,"CH",37,39
"9003",9302,677,3580,"CH",37,43
"9004",9303,680,2985,"H",37,47
"9005",9304,681,3602,"CH",37,48
"9006",9306,682,3581,"CH",37,50
"9007",9307,685,2968,"H",37,55
"9008",9308,688,3567,"ABX",37,58
"9009",9310,689,3515,"OFL",37,60
"9010",9311,691,3512,"CH",37,63
"9011",9312,694,1897,"BrM",37,68
"9012",9313,696,3565,"CH",37,70
"9013",9314,696,3568,"CH",37,70
"9014",9315,697,1244,"BrF",37,71
"9015",9318,705,3502,"OFL",37,81
"9016",9320,708,3566,"CH",37,85
"9017",9321,709,3590,"CH",37,86
"9018",9322,709,3592,"CH",37,86
"9019",9323,711,3570,"CH",37,88
"9020",9324,714,3599,"CH",37,93
"9021",9326,715,3511,"OFL",37,94
"9022",9327,715,3605,"CH",37,94
"9023",9328,716,3595,"CH",37,95
"9024",9329,716,3593,"CH",37,95
"9025",9330,716,3597,"CH",37,95
"9026",9332,718,3598,"CH",37,98
"9027",9333,722,3574,"CH",37,105
"9028",9336,729,3564,"OFL",37,116
"9029",9337,729,3578,"CH",37,116
"9030",9339,731,3600,"CH",37,121
"9031",9341,732,3596,"CH",37,125
"9032",9342,735,3094,"AB",37,128
"9033",9346,739,3509,"OFL",37,138
"9034",9347,742,3507,"BrF",37,144
"9035",9348,744,3604,"CH",37,155
"9036",9350,747,3577,"CH",37,167
"9037",9351,754,2974,"BrM",37,178
"9038",9352,750,1872,"BrF",37,171
"9039",9353,755,2991,"BrM",37,179
"9040",9354,755,3606,"CH",37,179
"9041",9356,562,3096,"CH",33,264
"9042",10641,2365,6,"U",24,204
"9043",10642,2374,7,"U",24,217
"9044",10643,2063,7,"U",18,202
"9045",10644,1558,12,"U",9,199
"9046",10645,2360,13,"U",24,195
"9047",10646,3344,61,"NS",9,-1
"9048",10648,1879,61,"U",15,199
"9049",10649,1682,61,"BrF",11,199
"9050",10650,1804,61,"BrF",13,199
"9051",10651,1681,68,"BrM",11,198
"9052",10652,1556,68,"U",9,195
"9053",10653,1887,68,"U",15,207
"9054",10654,1812,68,"BrM",13,207
"9055",10656,3345,74,"BrF",11,-1
"9056",10657,1557,74,"U",9,198
"9057",10659,1806,74,"BrF",13,201
"9058",10660,1881,74,"U",15,201
"9059",10661,1796,94,"U",13,184
"9060",10662,1674,94,"U",11,184
"9061",10664,1550,94,"U",9,184
"9062",10665,1795,113,"BrF",13,183
"9063",10666,1673,113,"BrF",11,183
"9064",10667,1869,113,"U",15,183
"9065",10669,3346,114,"BrF",13,-1
"9066",10670,1868,114,"U",15,182
"9067",10671,1794,114,"BrF",13,182
"9068",10672,1672,114,"BrF",11,182
"9069",10673,1884,114,"U",15,204
"9070",10674,1681,115,"BrF",11,198
"9071",10675,1887,115,"U",15,207
"9072",10676,1812,115,"BrF",13,207
"9073",10678,1794,116,"BrM",13,182
"9074",10679,1672,116,"BrM",11,182
"9075",10680,1868,116,"U",15,182
"9076",10683,1811,117,"BrF",13,206
"9077",10684,1687,118,"BrF",11,204
"9078",10686,1809,118,"BrF",13,204
"9079",10687,3348,119,"SEEN1",11,-1
"9080",10689,1886,119,"U",15,206
"9081",10690,1811,119,"BrM",13,206
"9082",10691,1808,120,"BrF",13,203
"9083",10693,1686,120,"BrF",11,203
"9084",10694,1883,120,"U",15,203
"9085",10696,3349,121,"NS",11,-1
"9086",10697,3350,121,"SEEN1",13,-1
"9087",10698,1892,122,"U",15,215
"9088",10699,2179,122,"U",20,183
"9089",10700,1884,122,"U",15,204
"9090",10701,1688,122,"BrM",11,205
"9091",10702,2065,122,"U",18,205
"9092",10704,1810,122,"BrM",13,205
"9093",10705,3351,123,"NS",11,-1
"9094",10706,1888,123,"U",15,208
"9095",10707,1813,123,"BrM",13,208
"9096",10708,1891,123,"U",15,214
"9097",10710,1801,124,"BrM",13,193
"9098",10711,1679,124,"FL",11,193
"9099",10712,1875,124,"U",15,193
"9100",10714,3352,125,"SEEN1",11,-1
"9101",10716,3353,125,"NS",13,-1
"9102",10717,1894,125,"U",15,218
"9103",10718,3354,126,"NS",11,-1
"9104",10719,1888,126,"U",15,208
"9105",10721,1813,126,"BrF",13,208
"9106",10723,3355,127,"NS",11,-1
"9107",10724,1815,127,"BrM",13,213
"9108",10725,1890,127,"U",15,213
"9109",10726,3357,128,"NS",11,-1
"9110",10728,3358,128,"NS",13,-1
"9111",10729,1889,128,"U",15,209
"9112",10730,3359,129,"SEEN1",13,-1
"9113",10731,1816,129,"BrM",13,214
"9114",10732,1891,129,"U",15,214
"9115",10733,1675,129,"FL",11,187
"9116",10734,1814,130,"U",13,209
"9117",10735,2066,130,"U",18,209
"9118",10736,1889,130,"U",15,209
"9119",10737,2360,130,"U",24,195
"9120",10738,1680,130,"FL",11,195
"9121",10739,5,130,"U",20,195
"9122",10740,1803,130,"ABX",13,195
"9123",10741,3360,131,"SEEN1",13,-1
"9124",10742,1814,131,"BrM",13,209
"9125",10743,1674,131,"FL",11,184
"9126",10744,2355,132,"U",24,183
"9127",10745,2179,132,"U",20,183
"9128",10746,1796,132,"ABX",13,184
"9129",10747,1674,132,"FL",11,184
"9130",10748,1885,132,"U",15,205
"9131",10749,1810,132,"BrF",13,205
"9132",10750,2065,132,"U",18,205
"9133",10751,1882,134,"U",15,202
"9134",10752,3361,135,"SEEN1",13,-1
"9135",10753,1814,135,"BrF",13,209
"9136",10754,1675,135,"FL",11,187
"9137",10755,3362,136,"SEEN1",13,-1
"9138",10757,1680,136,"FL",11,195
"9139",10759,1900,137,"U",15,225
"9140",10760,1685,137,"FL",11,202
"9141",10761,1807,137,"ABX",13,202
"9142",10762,3364,138,"SEEN1",13,-1
"9143",10763,1685,138,"FL",11,202
"9144",10764,1807,138,"FL",13,202
"9145",10765,1884,138,"U",15,204
"9146",10766,3365,139,"SEEN1",13,-1
"9147",10768,1678,139,"FL",11,190
"9148",10769,2070,140,"U",18,228
"9149",10770,1901,140,"U",15,226
"9150",10771,1675,140,"U",11,187
"9151",10772,1797,140,"A",13,187
"9152",10774,1889,141,"U",15,209
"9153",10775,1895,141,"U",15,219
"9154",10776,1796,141,"FL",13,184
"9155",10777,1674,141,"U",11,184
"9156",10779,1816,142,"BrF",13,214
"9157",10780,1674,142,"CH",11,184
"9158",10781,1796,142,"A",13,184
"9159",10782,1817,144,"FL",13,344
"9160",10783,1876,144,"U",15,194
"9161",10784,1802,144,"BrF",13,194
"9162",10785,1905,145,"U",15,235
"9163",10786,1806,145,"CH",13,201
"9164",10788,1893,146,"U",15,216
"9165",10789,1806,146,"CH",13,201
"9166",10792,1809,147,"CH",13,204
"9167",10793,1886,147,"U",15,206
"9168",10794,1804,148,"CH",13,199
"9169",10796,1900,149,"U",15,225
"9170",10798,1804,149,"CH",13,199
"9171",10799,3366,150,"SEEN1",13,-1
"9172",10801,1896,150,"U",15,220
"9173",10802,1800,151,"CH",13,190
"9174",10804,1899,152,"U",15,223
"9175",10805,1800,152,"CH",13,190
"9176",10808,1803,153,"CH",13,195
"9177",10809,1811,154,"CH",13,206
"9178",10810,1897,155,"U",15,221
"9179",10811,1801,155,"CH",13,193
"9180",10812,1800,155,"CH",13,190
"9181",10814,1797,156,"CH",13,187
"9182",10815,1902,157,"U",15,230
"9183",10816,2071,157,"U",18,231
"9184",10817,2187,157,"U",20,208
"9185",10818,2368,157,"U",24,208
"9186",10819,2066,157,"U",18,209
"9187",10820,5,157,"U",20,195
"9188",10822,1797,157,"CH",13,187
"9189",10824,1813,158,"CH",13,208
"9190",10825,1796,159,"CH",13,184
"9191",10826,1870,159,"U",15,184
"9192",10828,2056,159,"U",18,185
"9193",10829,4,159,"U",20,187
"9194",10830,2357,159,"U",24,187
"9195",10831,2063,229,"U",18,202
"9196",10832,2180,229,"U",20,188
"9197",10833,1903,179,"U",15,233
"9198",10834,1809,179,"CH",13,204
"9199",10835,1896,180,"U",15,220
"9200",10836,1798,180,"CH",13,188
"9201",10837,1898,181,"U",15,222
"9202",10838,1797,181,"CH",13,187
"9203",10839,1908,182,"U",15,239
"9204",10840,1889,182,"U",15,209
"9205",10841,1874,183,"U",15,190
"9206",10842,2059,183,"U",18,191
"9207",10843,1884,94,"U",15,204
"9208",10844,1807,222,"BrM",13,202
"9209",10845,1882,222,"U",15,202
"9210",10847,1685,222,"BrM",11,202
"9211",10848,2063,222,"U",18,202
"9212",10849,1561,222,"U",9,353
"9213",10850,2180,222,"U",20,188
"9214",10851,2358,222,"U",24,188
"9215",10852,1796,223,"BrM",13,184
"9216",10854,1674,223,"BrM",11,184
"9217",10855,1550,223,"U",9,184
"9218",10857,1796,224,"BrF",13,184
"9219",10858,1674,224,"BrF",11,184
"9220",10859,1550,224,"U",9,184
"9221",10860,1880,226,"U",15,200
"9222",10862,1559,226,"U",9,200
"9223",10863,1683,226,"BrM",11,200
"9224",10864,1805,226,"BrM",13,200
"9225",10865,1683,227,"BrF",11,200
"9226",10866,1805,227,"U",13,200
"9227",10867,1559,227,"U",9,200
"9228",10869,1805,228,"BrF",13,200
"9229",10870,1559,228,"U",9,200
"9230",10871,1880,228,"U",15,200
"9231",10872,1683,228,"U",11,200
"9232",10874,1882,229,"U",15,202
"9233",10876,1877,230,"U",15,195
"9234",10877,1803,230,"BrF",13,195
"9235",10878,1680,230,"BrF",11,195
"9236",10879,1556,230,"U",9,195
"9237",10880,1908,231,"U",15,239
"9238",10881,1548,231,"U",9,182
"9239",10882,1878,231,"U",15,198
"9240",10883,1687,231,"BrM",11,204
"9241",10885,1809,231,"BrM",13,204
"9242",10886,1553,232,"U",9,189
"9243",10887,1677,232,"BrF",11,189
"9244",10889,1799,232,"BrF",13,189
"9245",10890,1873,232,"U",15,189
"9246",10891,3367,234,"NS",9,-1
"9247",10893,1684,234,"BrM",11,201
"9248",10894,1806,234,"BrM",13,201
"9249",10895,1877,234,"U",15,195
"9250",10896,1678,235,"BrF",11,190
"9251",10898,1554,235,"U",9,190
"9252",10899,1800,235,"BrF",13,190
"9253",10900,1560,236,"U",9,344
"9254",10902,1817,236,"BrM",13,344
"9255",10903,1689,236,"BrM",11,344
"9256",10904,1795,239,"BrM",13,183
"9257",10905,1869,239,"U",15,183
"9258",10906,1549,239,"U",9,183
"9259",10908,1673,239,"BrM",11,183
"9260",10909,1807,239,"BrF",13,202
"9261",10911,1685,239,"BrF",11,202
"9262",10912,1555,239,"U",9,193
"9263",10914,1872,240,"U",15,188
"9264",10915,1552,240,"U",9,188
"9265",10916,1676,240,"BrM",11,188
"9266",10917,1798,240,"BrM",13,188
"9267",10918,2060,241,"U",18,192
"9268",10919,1554,241,"U",9,190
"9269",10920,1800,241,"BrM",13,190
"9270",10921,1678,241,"BrM",11,190
"9271",10923,1798,242,"BrF",13,188
"9272",10924,1676,242,"BrF",11,188
"9273",10925,1552,242,"U",9,188
"9274",10927,2386,243,"U",24,353
"9275",10928,2196,243,"U",20,353
"9276",10929,1675,243,"BrM",11,187
"9277",10930,1871,243,"U",15,187
"9278",10931,1797,243,"BrM",13,187
"9279",10932,2058,243,"U",18,187
"9280",10933,1551,243,"U",9,187
"9281",10935,2196,244,"U",20,353
"9282",10936,1871,244,"U",15,187
"9283",10937,1551,244,"U",9,187
"9284",10939,1675,244,"BrF",11,187
"9285",10940,2058,244,"U",18,187
"9286",10941,1797,244,"BrF",13,187
"9287",10942,1679,245,"BrM",11,193
"9288",10943,1555,245,"U",9,193
"9289",10944,1801,245,"B",13,193
"9290",10945,1876,245,"U",15,194
"9291",10946,1802,245,"BrM",13,194
"9292",10947,2188,246,"U",20,213
"9293",10948,1680,246,"BrM",11,195
"9294",10949,1557,246,"U",9,198
"9295",10950,1803,246,"BrM",13,195
"9296",10951,1877,246,"U",15,195
"9297",10953,2061,246,"U",18,195
"9298",10954,1804,247,"BrM",13,199
"9299",10955,1682,247,"BrM",11,199
"9300",10957,3368,248,"NS",9,-1
"9301",10958,1686,248,"BrM",11,203
"9302",10960,1808,248,"BrM",13,203
"9303",10961,1883,248,"U",15,203
"9304",10962,1873,249,"U",15,189
"9305",10963,1799,249,"BrM",13,189
"9306",10965,1553,249,"U",9,189
"9307",10966,1677,249,"BrM",11,189
"9308",10967,1904,253,"U",15,234
"9309",10968,1901,255,"U",15,226
"9310",10969,1901,256,"U",15,226
"9311",10970,1903,257,"U",15,233
"9312",10971,1897,258,"U",15,221
"9313",10972,1878,259,"U",15,198
"9314",10973,1885,261,"U",15,205
"9315",10974,1894,262,"U",15,218
"9316",10975,1906,263,"U",15,236
"9317",10976,1906,268,"U",15,236
"9318",10977,1901,268,"U",15,226
"9319",10978,1907,269,"U",15,237
"9320",10979,1871,271,"U",15,187
"9321",10980,1901,274,"U",15,226
"9322",10981,2365,274,"U",24,204
"9323",10982,8,274,"U",20,204
"9324",10983,2057,276,"U",18,186
"9325",10984,1871,278,"U",15,187
"9326",10985,1909,279,"U",15,240
"9327",10986,1874,282,"U",15,190
"9328",10987,1889,283,"U",15,209
"9329",10988,1882,286,"U",15,202
"9330",10989,1882,287,"U",15,202
"9331",10990,2063,287,"U",18,202
"9332",10991,2180,287,"U",20,188
"9333",10992,2068,288,"U",18,211
"9334",10993,1871,288,"U",15,187
"9335",10994,2359,288,"U",24,189
"9336",10995,2181,288,"U",20,189
"9337",10996,1874,290,"U",15,190
"9338",10997,1875,291,"U",15,193
"9339",10998,1882,337,"U",15,202
"9340",10999,1877,338,"U",15,195
"9341",11000,2190,339,"U",20,215
"9342",11001,1870,340,"U",15,184
"9343",11002,2075,341,"U",18,242
"9344",11003,2189,344,"U",20,214
"9345",11004,2062,344,"U",18,198
"9346",11005,1878,344,"U",15,198
"9347",11006,2067,353,"U",18,210
"9348",11007,2363,353,"U",24,200
"9349",11008,2184,353,"U",20,200
"9350",11009,2381,358,"U",24,244
"9351",11010,2193,358,"U",20,244
"9352",11011,2076,358,"U",18,244
"9353",11012,2072,360,"U",18,232
"9354",11013,2185,360,"U",20,201
"9355",11014,2354,362,"U",24,182
"9356",11015,2064,362,"U",18,204
"9357",11016,2185,365,"U",20,201
"9358",11017,2055,372,"U",18,184
"9359",11018,3,372,"U",20,184
"9360",11019,2063,381,"U",18,202
"9361",11020,2382,381,"U",24,245
"9362",11021,2194,381,"U",20,245
"9363",11022,2058,383,"U",18,187
"9364",11023,2070,386,"U",18,228
"9365",11024,2183,386,"U",20,199
"9366",11025,2069,388,"U",18,227
"9367",11026,8,388,"U",20,204
"9368",11027,2063,392,"U",18,202
"9369",11028,2186,392,"U",20,206
"9370",11029,2055,393,"U",18,184
"9371",11030,3,394,"U",20,184
"9372",11031,2055,394,"U",18,184
"9373",11032,2059,395,"U",18,191
"9374",11033,9,395,"U",20,205
"9375",11034,2058,396,"U",18,187
"9376",11035,3370,418,"U",24,-1
"9377",11036,1875,1687,"U",15,193
"9378",11037,2063,480,"U",18,202
"9379",11038,2180,480,"U",20,188
"9380",11039,2070,483,"U",18,228
"9381",11040,2365,483,"U",24,204
"9382",11041,8,483,"U",20,204
"9383",11042,2056,485,"U",18,185
"9384",11043,4,485,"U",20,187
"9385",11044,2357,485,"U",24,187
"9386",11045,2069,487,"U",18,227
"9387",11046,2070,488,"U",18,228
"9388",11047,2365,488,"U",24,204
"9389",11048,8,488,"U",20,204
"9390",11049,2074,489,"U",18,241
"9391",11050,2191,489,"U",20,241
"9392",11051,2074,490,"U",18,241
"9393",11052,2191,490,"U",20,241
"9394",11053,2067,492,"U",18,210
"9395",11054,2069,493,"U",18,227
"9396",11055,2060,515,"U",18,192
"9397",11056,2064,516,"U",18,204
"9398",11057,2068,519,"U",18,211
"9399",11058,2181,519,"U",20,189
"9400",11059,2178,568,"U",20,182
"9401",11060,2355,571,"U",24,183
"9402",11061,2064,571,"U",18,204
"9403",11062,2058,574,"U",18,187
"9404",11063,2058,583,"U",18,187
"9405",11064,2189,587,"U",20,214
"9406",11065,2062,587,"U",18,198
"9407",11066,2189,588,"U",20,214
"9408",11067,2062,588,"U",18,198
"9409",11068,2073,589,"U",18,238
"9410",11069,10,589,"U",20,209
"9411",11070,2369,589,"U",24,209
"9412",11071,2069,590,"U",18,227
"9413",11072,2077,591,"U",18,245
"9414",11073,2192,592,"U",20,242
"9415",11074,2075,592,"U",18,242
"9416",11075,2379,592,"U",24,242
"9417",11076,2064,610,"U",18,204
"9418",11077,2073,611,"U",18,238
"9419",11078,2369,611,"U",24,209
"9420",11079,10,611,"U",20,209
"9421",11080,2386,612,"U",24,353
"9422",11081,2196,612,"U",20,353
"9423",11082,2058,612,"U",18,187
"9424",11083,2071,613,"U",18,231
"9425",11084,2187,613,"U",20,208
"9426",11085,2059,614,"U",18,191
"9427",11086,2182,614,"U",20,191
"9428",11087,2366,614,"U",24,205
"9429",11088,2183,615,"U",20,199
"9430",11089,2058,615,"U",18,187
"9431",11090,2072,616,"U",18,232
"9432",11091,2364,616,"U",24,201
"9433",11092,2185,616,"U",20,201
"9434",11093,2189,617,"U",20,214
"9435",11094,2062,617,"U",18,198
"9436",11095,2057,619,"U",18,186
"9437",11096,2190,620,"U",20,215
"9438",11097,2372,620,"U",24,215
"9439",11098,2076,624,"U",18,244
"9440",11099,2193,624,"U",20,244
"9441",11100,2359,624,"U",24,189
"9442",11101,3371,682,"FLOAT",20,-1
"9443",11102,3372,726,"FLOAT",20,-1
"9444",11103,2070,738,"U",18,228
"9445",11104,2178,740,"U",20,182
"9446",11105,2064,751,"U",18,204
"9447",11106,2064,752,"FL",18,204
"9448",11107,2066,753,"FL",18,209
"9449",11108,2070,757,"FL",18,228
"9450",11109,2069,758,"FL",18,227
"9451",11110,2067,759,"FL",18,210
"9452",11111,2063,804,"U",18,202
"9453",11112,2188,805,"U",20,213
"9454",11113,2370,805,"U",24,213
"9455",11114,2061,805,"U",18,195
"9456",11115,2063,806,"FL",18,202
"9457",11116,2066,807,"U",18,209
"9458",11117,5,807,"U",20,195
"9459",11118,2059,808,"U",18,191
"9460",11119,2059,809,"U",18,191
"9461",11120,2070,811,"FL",18,228
"9462",11121,2361,811,"U",24,198
"9463",11122,6,811,"U",20,198
"9464",11123,2370,812,"U",24,213
"9465",11124,2373,812,"U",24,216
"9466",11125,7,812,"U",20,202
"9467",11126,2063,812,"U",18,202
"9468",11127,8,893,"U",20,204
"9469",11128,2191,894,"U",20,241
"9470",11129,2374,894,"U",24,217
"9471",11130,2356,896,"U",24,184
"9472",11131,2380,900,"U",24,243
"9473",11132,2373,904,"U",24,216
"9474",11133,2385,908,"BrM",24,344
"9475",11134,2361,909,"U",24,198
"9476",11135,2178,956,"U",20,182
"9477",11136,9,957,"U",20,205
"9478",11137,2181,958,"U",20,189
"9479",11138,2381,959,"U",24,244
"9480",11139,2181,959,"U",20,189
"9481",11140,2376,960,"U",24,219
"9482",11141,8,960,"U",20,204
"9483",11142,2385,961,"BrF",24,344
"9484",11143,2363,962,"U",24,200
"9485",11144,2364,977,"SEEN1",24,201
"9486",11145,2355,979,"U",24,183
"9487",11146,2383,980,"U",24,247
"9488",11147,2362,982,"U",24,199
"9489",11148,2361,984,"U",24,198
"9490",11149,2376,988,"U",24,219
"9491",11150,2375,989,"U",24,218
"9492",11151,2371,991,"U",24,214
"9493",11152,2379,993,"SEEN2",24,242
"9494",11153,2380,1002,"U",24,243
"9495",11154,2382,1004,"U",24,245
"9496",11155,2194,1004,"U",20,245
"9497",11156,2367,1005,"U",24,206
"9498",11157,2186,1006,"U",20,206
"9499",11158,9,1008,"U",20,205
"9500",11159,2367,1008,"U",24,206
"9501",11160,2185,895,"U",20,201
"9502",11161,2371,1082,"U",24,214
"9503",11162,2356,1110,"U",24,184
"9504",11163,2380,1121,"U",24,243
"9505",11164,2381,1127,"U",24,244
"9506",11165,2364,1134,"U",24,201
"9507",11166,2379,1135,"U",24,242
"9508",11167,2365,1280,"U",24,204
"9509",11168,2363,1281,"U",24,200
"9510",11169,2368,1282,"U",24,208
"9511",11170,2373,1283,"U",24,216
"9512",11171,2373,1284,"U",24,216
"9513",11172,2364,1307,"U",24,201
"9514",11173,3373,1687,"NS",9,-1
"9515",11174,1679,1687,"BrF",11,193
"9516",11175,1801,1687,"BrF",13,193
"9517",11177,1870,94,"U",15,184
"9518",11178,1892,2922,"U",15,215
"9519",11179,1893,2923,"U",15,216
"9520",11180,1689,2925,"BrF",11,344
"9521",11181,1817,2925,"BrF",13,344
"9522",11183,1807,2926,"CH",13,202
"9523",11184,1807,2927,"CH",13,202
"9524",11185,1682,2928,"U",11,199
"9525",11186,1683,2929,"U",11,200
"9526",11187,1683,2930,"U",11,200
"9527",11188,1686,2931,"U",11,203
"9528",11189,1676,2932,"U",11,188
"9529",11190,3376,2933,"U",11,-1
"9530",11191,1688,2934,"U",11,205
"9531",11192,3377,2935,"U",11,-1
"9532",11193,1799,2936,"U",13,189
"9533",11194,1810,2937,"U",13,205
"9534",11195,3378,2938,"U",13,-1
"9535",11196,3379,2939,"U",13,-1
"9536",11197,3380,2940,"U",13,-1
"9537",11198,3381,2941,"U",13,-1
"9538",11199,3382,2942,"U",13,-1
"9539",11200,3383,2943,"U",13,-1
"9540",11201,3384,2944,"U",13,-1
"9541",11202,3385,2945,"U",13,-1
"9542",11203,1795,2946,"U",13,183
"9543",11204,1794,2947,"U",13,182
"9544",11205,1799,2948,"U",13,189
"9545",11206,1805,2949,"U",13,200
"9546",11207,1805,2950,"U",13,200
"9547",11208,1815,2951,"U",13,213
"9548",11209,1814,2952,"U",13,209
"9549",11210,1882,5900,"U",15,202
"9550",11211,2072,4707,"FL",18,232
"9551",11212,2378,4708,"U",24,241
"9552",11213,2191,4709,"U",20,241
"9553",11214,2075,4710,"U",18,242
"9554",11215,2192,4711,"U",20,242
"9555",11216,2379,4712,"U",24,242
"9556",11217,2380,4713,"U",24,243
"9557",11218,2193,4714,"U",20,244
"9558",11219,2193,4715,"U",20,244
"9559",11220,2354,4716,"U",24,182
"9560",11221,2369,4717,"U",24,209
"9561",11222,2369,4718,"U",24,209
"9562",11223,2068,4719,"U",18,211
"9563",11224,2068,4720,"U",18,211
"9564",11225,2190,4721,"U",20,215
"9565",11226,2190,4722,"U",20,215
"9566",11227,2372,4723,"U",24,215
"9567",11228,2373,4724,"U",24,216
"9568",11229,2373,4725,"U",24,216
"9569",11230,2374,4726,"U",24,217
"9570",11231,2375,4727,"U",24,218
"9571",11232,2376,4728,"U",24,219
"9572",11233,2376,4729,"U",24,219
"9573",11234,2377,4730,"U",24,221
"9574",11235,2354,4731,"U",24,182
"9575",11236,2178,4732,"U",20,182
"9576",11237,2179,4733,"U",20,183
"9577",11238,3,4734,"U",20,184
"9578",11239,3,4735,"U",20,184
"9579",11240,2361,4736,"U",24,198
"9580",11241,6,4737,"U",20,198
"9581",11242,6,4738,"U",20,198
"9582",11243,2062,4739,"U",18,198
"9583",11244,2362,4740,"U",24,199
"9584",11245,2183,4741,"U",20,199
"9585",11246,2183,4742,"U",20,199
"9586",11247,2184,4743,"U",20,200
"9587",11248,2184,4744,"U",20,200
"9588",11249,2184,4745,"U",20,200
"9589",11250,2363,4746,"U",24,200
"9590",11251,2195,4747,"U",20,344
"9591",11252,2195,4748,"U",20,344
"9592",11253,2185,4749,"U",20,201
"9593",11254,7,4750,"U",20,202
"9594",11255,7,4751,"U",20,202
"9595",11256,2064,4752,"FL",18,204
"9596",11257,2386,4753,"U",24,353
"9597",11258,2386,4754,"U",24,353
"9598",11259,2196,4755,"U",20,353
"9599",11260,5,4756,"U",20,195
"9600",11261,2057,4757,"U",18,186
"9601",11262,2057,4758,"U",18,186
"9602",11263,2057,4759,"U",18,186
"9603",11264,2058,4760,"FL",18,187
"9604",11265,2357,4761,"U",24,187
"9605",11266,2180,4762,"U",20,188
"9606",11267,2180,4763,"U",20,188
"9607",11268,2181,4764,"U",20,189
"9608",11269,2181,4765,"U",20,189
"9609",11270,8,4766,"U",20,204
"9610",11271,2365,4767,"U",24,204
"9611",11272,2365,4768,"U",24,204
"9612",11273,2366,4769,"U",24,205
"9613",11274,9,4770,"U",20,205
"9614",11275,2065,4771,"U",18,205
"9615",11276,2367,4772,"U",24,206
"9616",11277,2186,4773,"U",20,206
"9617",11278,2193,4774,"U",20,244
"9618",11279,2077,4775,"U",18,245
"9619",11280,2384,4776,"U",24,248
"9620",11281,2384,4777,"U",24,248
"9621",11282,3392,4778,"U",24,-1
"9622",11608,3629,1,"ABX",53,319
"9623",11609,3614,3,"ABX",53,315
"9624",11610,3642,4,"SEEN1",55,323
"9625",11611,3563,4,"SEEN1",55,303
"9626",11612,3597,4,"ABX",53,310
"9627",11613,3747,7,"BrM",43,217
"9628",11614,3745,13,"U",43,209
"9629",11615,3667,15,"U",43,347
"9630",11616,3522,23,"BrM",48,296
"9631",11617,3520,23,"BrM",46,296
"9632",11618,3519,23,"SEEN1",45,296
"9633",11619,3521,23,"U",47,296
"9634",11620,3523,23,"BrM",49,296
"9635",11621,3699,24,"SEEN1",45,-2
"9636",11622,3700,69,"SEEN1",45,-2
"9637",11623,3537,69,"BrM",46,299
"9638",11624,3430,147,"BrM",42,217
"9639",11625,3745,130,"U",43,209
"9640",11626,3749,157,"BrM",44,231
"9641",11627,3550,165,"BrM",48,301
"9642",11628,3500,165,"SEEN1",45,293
"9643",11629,3551,165,"BrM",49,301
"9644",11630,3553,165,"U",55,301
"9645",11631,3548,165,"BrM",46,301
"9646",11632,3552,165,"BrM",53,301
"9647",11633,3432,179,"BrF",42,218
"9648",11634,3543,191,"BrM",46,300
"9649",11635,3479,191,"SEEN1",45,289
"9650",11636,3511,193,"BrF",53,294
"9651",11637,3512,193,"U",55,294
"9652",11638,3509,193,"BrF",48,294
"9653",11639,3510,193,"BrF",49,294
"9654",11640,3508,193,"BrF",47,294
"9655",11641,3507,193,"SEEN1",45,294
"9656",11642,3495,193,"BrF",46,292
"9657",11643,3467,200,"SEEN1",45,287
"9658",11644,3742,243,"BrM",43,187
"9659",11645,3450,230,"BrF",42,240
"9660",11646,3680,249,"BrF",42,361
"9661",11647,3748,274,"BrF",44,228
"9662",11648,3417,277,"BrM",42,204
"9663",11649,3701,299,"SEEN1",45,-2
"9664",11650,3543,299,"BrF",46,300
"9665",11651,3501,300,"BrM",46,293
"9666",11652,3516,300,"BrM",49,295
"9667",11653,3517,300,"BrM",53,295
"9668",11654,3515,300,"BrM",48,295
"9669",11655,3514,300,"BrM",47,295
"9670",11656,3518,300,"U",55,295
"9671",11657,3702,300,"SEEN1",45,-2
"9672",11658,3703,301,"SEEN1",45,-2
"9673",11659,3537,301,"BrF",46,299
"9674",11660,3704,302,"SEEN1",45,-2
"9675",11661,3501,302,"BrF",46,293
"9676",11662,3519,303,"SEEN1",45,296
"9677",11663,3474,304,"SEEN1",45,288
"9678",11664,3468,304,"BrM",46,287
"9679",11665,3705,304,"U",47,-2
"9680",11666,3706,305,"SEEN1",45,-2
"9681",11667,3707,306,"SEEN1",45,-2
"9682",11668,3468,306,"BrF",46,287
"9683",11669,3575,312,"BrF",46,306
"9684",11670,3708,312,"SEEN1",45,-2
"9685",11671,3495,313,"BrM",46,292
"9686",11672,3510,313,"BrM",49,294
"9687",11673,3509,313,"BrM",48,294
"9688",11674,3512,313,"U",55,294
"9689",11675,3507,313,"SEEN1",45,294
"9690",11676,3508,313,"BrM",47,294
"9691",11677,3511,313,"BrM",53,294
"9692",11678,3527,314,"BrM",48,297
"9693",11679,3526,314,"BrM",47,297
"9694",11680,3709,314,"SEEN1",45,-2
"9695",11681,3710,315,"SEEN1",45,-2
"9696",11682,3490,316,"BrF",48,291
"9697",11683,3531,316,"BrF",46,298
"9698",11684,3514,316,"BrF",47,295
"9699",11685,3488,316,"SEEN1",45,291
"9700",11686,3582,317,"BrF",49,307
"9701",11687,3523,317,"BrF",49,296
"9702",11688,3522,317,"BrF",48,296
"9703",11689,3520,317,"BrF",46,296
"9704",11690,3513,317,"SEEN1",45,295
"9705",11691,3602,317,"SEEN1",53,311
"9706",11692,3577,318,"BrM",49,306
"9707",11693,3575,318,"BrM",46,306
"9708",11694,3711,318,"SEEN1",45,-2
"9709",11695,3576,318,"BrM",48,306
"9710",11696,3578,318,"BrM",53,306
"9711",11697,3531,319,"BrM",46,298
"9712",11698,3488,319,"SEEN1",45,291
"9713",11699,3712,320,"SEEN1",45,-2
"9714",11700,3605,321,"BrM",49,312
"9715",11701,3713,321,"SEEN1",45,-2
"9716",11702,3714,322,"SEEN1",45,-2
"9717",11703,3472,323,"BrF",53,287
"9718",11704,3469,323,"BrF",47,287
"9719",11705,3473,323,"U",55,287
"9720",11706,3471,323,"BrF",49,287
"9721",11707,3470,323,"BrF",48,287
"9722",11708,3479,323,"SEEN1",45,289
"9723",11709,3468,323,"BrF",46,287
"9724",11710,3494,324,"SEEN1",45,292
"9725",11711,3572,332,"BrM",49,305
"9726",11712,3574,332,"U",55,305
"9727",11713,3570,332,"BrF",47,305
"9728",11714,3573,332,"BrM",53,305
"9729",11715,3715,332,"SEEN1",45,-2
"9730",11716,3569,332,"BrF",46,305
"9731",11717,3571,332,"BrF",48,305
"9732",11718,3405,339,"U",43,193
"9733",11719,3751,341,"U",43,242
"9734",11720,3687,351,"ABX",42,368
"9735",11721,3664,353,"BrM",43,346
"9736",11722,3422,353,"BrM",43,210
"9737",11723,3455,358,"U",43,244
"9738",11724,3689,364,"ABX",42,370
"9739",11725,3463,381,"U",43,248
"9740",11726,3440,386,"BrM",43,229
"9741",11727,3396,159,"BrM",43,185
"9742",11729,3425,480,"BrM",44,211
"9743",11731,3424,288,"BrM",43,211
"9744",11732,3415,480,"U",43,202
"9745",11733,3748,483,"BrM",44,228
"9746",11734,3748,488,"ABX",44,228
"9747",11735,3452,489,"BrF",43,241
"9748",11736,3452,490,"BrM",43,241
"9749",11737,3686,514,"BrM",42,367
"9750",11738,3493,521,"U",55,291
"9751",11739,3491,521,"BrF",49,291
"9752",11740,3492,521,"BrF",53,291
"9753",11741,3716,521,"U",49,-2
"9754",11744,3533,533,"BrM",48,298
"9755",11745,3648,533,"U",55,325
"9756",11746,3646,533,"BrM",49,325
"9757",11747,3647,533,"BrM",53,325
"9758",11748,3532,533,"BrM",47,298
"9759",11749,3489,534,"U",47,291
"9760",11750,3490,534,"BrM",48,291
"9761",11751,3592,535,"BrF",53,309
"9762",11752,3591,535,"BrF",49,309
"9763",11753,3589,535,"BrF",47,309
"9764",11754,3590,535,"BrF",48,309
"9765",11755,3593,535,"U",55,309
"9766",11756,3562,536,"BrM",53,303
"9767",11757,3560,536,"BrM",48,303
"9768",11758,3559,536,"BrM",47,303
"9769",11759,3561,536,"BrM",49,303
"9770",11760,3571,537,"BrM",48,305
"9771",11761,3572,537,"BrF",49,305
"9772",11762,3570,537,"BrM",47,305
"9773",11763,3555,538,"H",48,302
"9774",11764,3557,538,"H",53,302
"9775",11765,3554,538,"U",47,302
"9776",11766,3556,538,"H",49,302
"9777",11767,3558,538,"H",55,302
"9778",11768,3447,589,"BrF",43,238
"9779",11769,3447,611,"BrM",43,238
"9780",11770,3742,612,"ABX",43,187
"9781",11771,3444,616,"U",43,232
"9782",11772,3405,620,"U",43,193
"9783",11773,3424,624,"BrF",43,211
"9784",11774,3658,643,"BrF",55,330
"9785",11775,3657,643,"BrF",53,330
"9786",11776,3522,643,"H",48,296
"9787",11777,3521,643,"U",47,296
"9788",11778,3523,643,"H",49,296
"9789",11779,3601,644,"BrM",49,311
"9790",11780,3600,644,"BrM",48,311
"9791",11781,3602,644,"BrM",53,311
"9792",11782,3599,644,"U",47,311
"9793",11783,3603,644,"U",55,311
"9794",11784,3522,645,"H",48,296
"9795",11785,3523,645,"H",49,296
"9796",11786,3696,645,"BrF",55,377
"9797",11787,3521,645,"U",47,296
"9798",11788,3528,646,"BrF",49,297
"9799",11789,3529,646,"BrF",53,297
"9800",11790,3527,646,"BrF",48,297
"9801",11791,3530,646,"BrF",55,297
"9802",11792,3526,646,"BrF",47,297
"9803",11793,3717,647,"U",47,-2
"9804",11794,3534,648,"BrM",49,298
"9805",11797,3596,649,"BrM",49,310
"9806",11798,3595,649,"BrM",48,310
"9807",11799,3598,649,"U",55,310
"9808",11800,3597,649,"BrM",53,310
"9809",11801,3595,650,"BrF",48,310
"9810",11802,3598,650,"U",55,310
"9811",11803,3597,650,"BrF",53,310
"9812",11804,3594,650,"BrF",47,310
"9813",11805,3596,650,"BrF",49,310
"9814",11806,3538,651,"BrF",47,299
"9815",11807,3540,652,"BrM",49,299
"9816",11808,3539,652,"BrM",48,299
"9817",11809,3542,652,"U",55,299
"9818",11810,3538,652,"BrM",47,299
"9819",11811,3541,652,"BrM",53,299
"9820",11812,3518,653,"U",55,295
"9821",11813,3516,653,"BrF",49,295
"9822",11814,3517,653,"BrF",53,295
"9823",11815,3515,653,"BrF",48,295
"9824",11816,3514,653,"BrF",47,295
"9825",11817,3553,654,"U",55,301
"9826",11818,3552,654,"BrF",53,301
"9827",11819,3551,654,"BrF",49,301
"9828",11820,3549,654,"BrF",47,301
"9829",11821,3550,654,"BrF",48,301
"9830",11822,3544,655,"BrF",47,300
"9831",11823,3547,655,"BrF",53,300
"9832",11824,3546,655,"BrF",49,300
"9833",11825,3545,655,"BrF",48,300
"9834",11828,3558,656,"U",55,302
"9835",11829,3557,657,"BrM",53,302
"9836",11830,3556,657,"BrM",49,302
"9837",11831,3555,657,"BrM",48,302
"9838",11832,3554,657,"BrM",47,302
"9839",11833,3579,658,"BrM",46,307
"9840",11834,3581,658,"BrM",48,307
"9841",11835,3580,658,"BrM",47,307
"9842",11836,3582,658,"BrM",49,307
"9843",11837,3559,659,"BrF",47,303
"9844",11838,3560,659,"BrF",48,303
"9845",11839,3561,659,"BrF",49,303
"9846",11840,3562,659,"BrF",53,303
"9847",11841,3563,659,"U",55,303
"9848",11842,3570,660,"ABX",47,305
"9849",11843,3571,660,"ABX",48,305
"9850",11844,3472,661,"BrM",53,287
"9851",11845,3555,656,"U",48,302
"9852",11846,3557,656,"BrF",53,302
"9853",11847,3470,661,"U",48,287
"9854",11848,3471,661,"BrM",49,287
"9855",11849,3556,656,"BrF",49,302
"9856",11850,3554,656,"U",47,302
"9857",11852,3469,661,"ABX",47,287
"9858",11853,3646,662,"BrF",49,325
"9859",11854,3568,662,"U",55,304
"9860",11855,3564,662,"BrM",47,304
"9861",11856,3566,662,"BrM",49,304
"9862",11857,3567,662,"BrM",53,304
"9863",11858,3521,662,"ABX",47,296
"9864",11859,3565,662,"BrM",48,304
"9865",11860,3435,709,"BrM",42,221
"9866",11861,3407,760,"U",43,195
"9867",11862,3428,760,"U",43,216
"9868",11863,3497,761,"BrM",49,292
"9869",11864,3498,761,"BrM",53,292
"9870",11865,3496,761,"BrM",48,292
"9871",11866,3499,761,"U",55,292
"9872",11867,3555,762,"FL",48,302
"9873",11868,3585,763,"BrM",48,308
"9874",11869,3592,764,"BrM",53,309
"9875",11870,3591,764,"BrM",49,309
"9876",11871,3593,764,"U",55,309
"9877",11872,3590,764,"BrM",48,309
"9878",11873,3585,765,"ABX",48,308
"9879",11874,3632,766,"BrF",49,320
"9880",11875,3633,766,"BrF",53,320
"9881",11876,3634,766,"U",55,320
"9882",11877,3585,766,"ABX",48,308
"9883",11878,3590,767,"ABX",48,309
"9884",11879,3585,768,"BrF",48,308
"9885",11880,3586,768,"BrF",49,308
"9886",11881,3587,768,"BrF",53,308
"9887",11882,3588,768,"U",55,308
"9888",11883,3528,769,"H",49,297
"9889",11884,3529,769,"ABX",53,297
"9890",11885,3530,769,"BrF",55,297
"9891",11886,3527,769,"H",48,297
"9892",11887,3638,770,"BrF",53,322
"9893",11888,3527,770,"ABX",48,297
"9894",11889,3637,770,"BrF",49,322
"9895",11890,3609,771,"BrF",49,313
"9896",11891,3608,771,"BrF",48,313
"9897",11892,3610,771,"BrF",53,313
"9898",11893,3509,772,"ABX",48,294
"9899",11894,3509,773,"ABX",48,294
"9900",11895,3628,773,"BrF",49,319
"9901",11896,3629,773,"BrF",53,319
"9902",11897,3621,777,"BrF",49,317
"9903",11898,3622,777,"BrF",53,317
"9904",11899,3620,777,"BrF",48,317
"9905",11900,3484,778,"BrM",48,290
"9906",11901,3485,778,"BrM",49,290
"9907",11902,3492,779,"SEEN1",53,291
"9908",11903,3555,779,"ABX",48,302
"9909",11904,3616,780,"ABX",48,316
"9910",11905,3601,781,"BrF",49,311
"9911",11906,3602,781,"BrF",53,311
"9912",11907,3600,781,"BrF",48,311
"9913",11908,3571,782,"ABX",48,305
"9914",11909,3626,782,"BrF",53,318
"9915",11910,3625,782,"BrF",49,318
"9916",11911,3606,783,"BrF",53,312
"9917",11912,3604,783,"BrF",48,312
"9918",11913,3605,783,"BrF",49,312
"9919",11914,3545,784,"BrM",48,300
"9920",11915,3547,784,"BrM",53,300
"9921",11916,3546,784,"BrM",49,300
"9922",11917,3615,785,"U",55,315
"9923",11918,3614,785,"BrM",53,315
"9924",11919,3613,785,"BrM",49,315
"9925",11920,3612,785,"BrM",48,315
"9926",11921,3619,786,"U",55,316
"9927",11922,3618,786,"BrM",53,316
"9928",11923,3619,787,"U",55,316
"9929",11924,3616,787,"BrF",48,316
"9930",11925,3618,787,"BrF",53,316
"9931",11926,3617,787,"BrF",49,316
"9932",11927,3407,805,"U",43,195
"9933",11928,3437,811,"BrM",43,227
"9934",11929,3578,815,"BrF",53,306
"9935",11930,3718,815,"U",49,-2
"9936",11931,3541,816,"BrF",53,299
"9937",11932,3540,816,"BrF",49,299
"9938",11933,3542,816,"U",55,299
"9939",11934,3523,817,"U",49,296
"9940",11935,3524,818,"BrM",53,296
"9941",11936,3523,818,"ABX",49,296
"9942",11937,3525,818,"U",55,296
"9943",11938,3719,818,"U",49,-2
"9944",11939,3498,819,"SEEN1",53,292
"9945",11940,3720,819,"U",49,-2
"9946",11941,3471,819,"SEEN1",49,287
"9947",11942,3586,820,"BrM",49,308
"9948",11943,3587,820,"BrM",53,308
"9949",11944,3437,821,"ABX",43,227
"9950",11945,3657,829,"BrF",53,330
"9951",11946,3523,829,"H",49,296
"9952",11947,3522,829,"FL",48,296
"9953",11948,3658,829,"BrF",55,330
"9954",11949,3455,894,"U",43,244
"9955",11950,3746,908,"BrM",43,212
"9956",11951,3437,909,"ABX",43,227
"9957",11952,3611,933,"BrM",48,314
"9958",11953,3630,933,"U",55,319
"9959",11954,3629,933,"BrM",53,319
"9960",11955,3628,933,"BrM",49,319
"9961",11956,3611,934,"BrF",48,314
"9962",11957,3620,935,"BrM",48,317
"9963",11958,3622,935,"BrM",53,317
"9964",11959,3621,935,"BrM",49,317
"9965",11960,3620,936,"ABX",48,317
"9966",11961,3643,936,"BrF",49,324
"9967",11962,3455,959,"U",43,244
"9968",11963,3746,961,"BrF",43,212
"9969",11964,3664,962,"BrF",43,346
"9970",11965,3408,976,"BrF",43,196
"9971",11966,3461,980,"U",43,247
"9972",11967,3455,981,"U",43,244
"9973",11968,3440,982,"BrF",43,229
"9974",11969,3437,984,"BrF",43,227
"9975",11970,3667,986,"U",43,347
"9976",11971,3744,987,"U",43,197
"9977",11972,3744,988,"U",43,197
"9978",11973,3408,989,"BrM",43,196
"9979",11974,3412,991,"U",43,198
"9980",11975,3741,992,"BrM",43,184
"9981",11976,3751,993,"U",43,242
"9982",11977,3465,1002,"U",43,249
"9983",11978,3463,1004,"U",43,248
"9984",11979,3403,1005,"BrF",43,192
"9985",11980,3457,1006,"U",43,245
"9986",11981,3403,1008,"BrM",43,192
"9987",11982,3612,1009,"BrF",48,315
"9988",11983,3614,1009,"BrF",53,315
"9989",11984,3613,1009,"BrF",49,315
"9990",11985,3533,1010,"BrF",48,298
"9991",11986,3534,1010,"BrF",49,298
"9992",11987,3470,1011,"H",48,287
"9993",11988,3505,1011,"BrF",53,293
"9994",11989,3504,1011,"BrF",49,293
"9995",11990,3506,1011,"U",55,293
"9996",11991,3499,1013,"U",55,292
"9997",11992,3496,1013,"BrF",48,292
"9998",11993,3497,1013,"BrF",49,292
"9999",11994,3498,1013,"BrF",53,292
"10000",11995,3641,1064,"BrF",53,323
"10001",11996,3642,1064,"U",55,323
"10002",11997,3640,1064,"BrF",49,323
"10003",11998,3641,1065,"BrM",53,323
"10004",11999,3642,1065,"U",55,323
"10005",12000,3640,1065,"BrM",49,323
"10006",12001,3551,1066,"OFL",49,301
"10007",12002,3634,1067,"U",55,320
"10008",12003,3633,1067,"BrF",53,320
"10009",12004,3632,1067,"BrF",49,320
"10010",12005,3633,1068,"BrM",53,320
"10011",12006,3632,1068,"BrM",49,320
"10012",12007,3634,1068,"U",55,320
"10013",12008,3481,1069,"ABX",49,289
"10014",12009,3721,1070,"U",49,-2
"10015",12010,3654,1071,"BrF",49,328
"10016",12011,3476,1072,"BrF",49,288
"10017",12012,3477,1072,"BrF",53,288
"10018",12013,3493,1073,"U",55,291
"10019",12014,3491,1073,"BrM",49,291
"10020",12015,3492,1073,"BrM",53,291
"10021",12016,3696,1074,"BrM",55,377
"10022",12017,3529,1074,"ABX",53,297
"10023",12018,3528,1074,"OFL",49,297
"10024",12019,3504,1075,"BrM",49,293
"10025",12020,3605,1076,"FL",49,312
"10026",12021,3591,1077,"FL",49,309
"10027",12022,3601,1078,"FL",49,311
"10028",12023,3657,1078,"BrM",53,330
"10029",12024,3658,1078,"BrM",55,330
"10030",12025,3609,1079,"BrM",49,313
"10031",12026,3610,1079,"BrM",53,313
"10032",12027,3649,1080,"BrF",49,326
"10033",12028,3651,1080,"U",55,326
"10034",12029,3650,1080,"BrF",53,326
"10035",12030,3649,1081,"BrM",49,326
"10036",12031,3650,1081,"BrM",53,326
"10037",12032,3651,1081,"U",55,326
"10038",12034,3582,1082,"H",49,307
"10039",12035,3412,1082,"BrM",43,198
"10040",12036,3643,1083,"BrM",49,324
"10041",12037,3645,1083,"U",55,324
"10042",12038,3644,1083,"BrM",53,324
"10043",12039,3582,1084,"FL",49,307
"10044",12040,3654,1085,"BrM",49,328
"10045",12041,3485,1086,"BrF",49,290
"10046",12042,3487,1086,"U",55,290
"10047",12043,3486,1086,"BrF",53,290
"10048",12044,3632,1087,"FL",49,320
"10049",12046,3632,1088,"FL",49,320
"10050",12047,3617,1089,"FL",49,316
"10051",12048,3478,1090,"U",55,288
"10052",12049,3636,1090,"BrM",49,321
"10053",12050,3477,1090,"BrM",53,288
"10054",12051,3476,1091,"H",49,288
"10055",12052,3477,1091,"H",53,288
"10056",12053,3636,1092,"BrF",49,321
"10057",12054,3636,1093,"BrF",49,321
"10058",12055,3655,1094,"CH",49,329
"10059",12056,3552,1095,"ABX",53,301
"10060",12057,3551,1095,"FL",49,301
"10061",12058,3553,1095,"U",55,301
"10062",12059,3534,1096,"FL",49,298
"10063",12060,3655,1097,"BrM",49,329
"10064",12061,3530,1098,"BrM",55,297
"10065",12062,3529,1098,"BrM",53,297
"10066",12063,3528,1098,"BrM",49,297
"10067",12064,3556,1099,"FL",49,302
"10068",12065,3621,1100,"FL",49,317
"10069",12066,3622,1100,"FL",53,317
"10070",12067,3652,1101,"BrF",49,327
"10071",12068,3653,1101,"BrF",53,327
"10072",12069,3613,1102,"FL",49,315
"10073",12070,3659,1102,"BrF",53,331
"10074",12071,3638,1103,"BrM",53,322
"10075",12072,3637,1103,"BrM",49,322
"10076",12073,3536,1104,"U",55,298
"10077",12074,3535,1104,"BrF",53,298
"10078",12075,3534,1104,"H",49,298
"10079",12076,3523,1105,"ABX",49,296
"10080",12077,3524,1105,"BrF",53,296
"10081",12078,3625,1107,"CH",49,318
"10082",12079,3528,1108,"CH",49,297
"10083",12080,3635,1109,"BrM",48,321
"10084",12081,3528,1109,"CH",49,297
"10085",12082,3465,1116,"U",43,249
"10086",12083,3419,1126,"BrM",42,206
"10087",12084,3398,1126,"BrF",42,187
"10088",12085,3455,1127,"U",43,244
"10089",12086,3750,1134,"U",44,232
"10090",12087,3449,1134,"BrF",42,239
"10091",12088,3751,1135,"U",43,242
"10092",12089,3400,1142,"BrM",42,188
"10093",12090,3583,1146,"BrM",53,307
"10094",12091,3541,1249,"ABX",53,299
"10095",12092,3498,1250,"ABX",53,292
"10096",12093,3552,1251,"ABX",53,301
"10097",12094,3697,1252,"U",55,378
"10098",12095,3552,1252,"ABX",53,301
"10099",12096,3505,1253,"FL",53,293
"10100",12097,3552,1254,"FL",53,301
"10101",12098,3638,1255,"ABX",53,322
"10102",12099,3698,1256,"U",55,379
"10103",12100,3592,1256,"ABX",53,309
"10104",12101,3535,1257,"FL",53,298
"10105",12102,3492,1258,"FL",53,291
"10106",12103,3661,1258,"U",55,332
"10107",12104,3498,1259,"FL",53,292
"10108",12105,3499,1259,"U",55,292
"10109",12106,3477,1260,"FL",53,288
"10110",12107,3529,1261,"ABX",53,297
"10111",12108,3567,5857,"FL",53,304
"10112",12109,3511,1263,"ABX",53,294
"10113",12110,3633,1264,"ABX",53,320
"10114",12111,3478,1264,"U",55,288
"10115",12112,3633,1265,"ABX",53,320
"10116",12113,3633,1266,"ABX",53,320
"10117",12114,3662,1266,"U",55,333
"10118",12115,3422,1281,"BrF",43,210
"10119",12116,3428,1283,"U",43,216
"10120",12117,3428,1284,"ABX",43,216
"10121",12118,3750,1307,"U",44,232
"10122",12119,3437,1308,"ABX",43,227
"10123",12120,3747,1316,"BrF",43,217
"10124",12121,3408,1322,"ABX",43,196
"10125",12122,3742,1351,"BrM",43,187
"10126",12123,3673,1352,"U",43,355
"10127",12124,3428,1354,"ABX",43,216
"10128",12125,3752,1373,"U",43,246
"10129",12126,3745,1376,"U",43,209
"10130",12127,3670,1378,"U",43,348
"10131",12128,3457,1379,"U",43,245
"10132",12129,3586,3703,"H",49,308
"10133",12130,3585,3703,"FL",48,308
"10134",12131,3616,3704,"ABX",48,316
"10135",12132,3723,3704,"U",49,-2
"10136",12133,3590,3705,"FL",48,309
"10137",12134,3724,3705,"U",49,-2
"10138",12135,3725,3706,"U",49,-2
"10139",12136,3480,3706,"FL",48,289
"10140",12137,3635,3707,"BrF",48,321
"10141",12138,3471,3708,"OFL",49,287
"10142",12139,3591,3708,"H",49,309
"10143",12140,3726,3709,"U",49,-2
"10144",12141,3652,3709,"BrM",49,327
"10145",12142,3480,3709,"ABX",48,289
"10146",12143,3480,3710,"BrM",48,289
"10147",12144,3481,3710,"BrF",49,289
"10148",12147,3742,1331,"U",43,187
"10149",12148,3744,953,"U",43,197
"10150",12149,3746,1315,"ABX",43,212
"10151",12150,3747,1483,"ABX",43,217
"10152",12151,3748,1445,"ABX",44,228
"10153",12152,3748,1448,"ABX",44,228
"10154",12153,3748,1457,"ABX",44,228
"10155",12154,3749,1320,"BrF",44,231
"10156",12155,3750,1372,"U",44,232
"10157",12156,3750,1465,"U",44,232
"10158",12157,3750,1467,"U",44,232
"10159",12158,3751,1456,"CH",43,242
"10160",12159,3752,1325,"U",43,246
"10161",12161,3410,953,"U",43,197
"10162",12198,3397,1476,"ABX",44,185
"10163",12199,3397,1475,"ABX",44,185
"10164",12200,3397,1471,"ABX",44,185
"10165",12201,3404,1336,"U",44,192
"10166",12203,3404,1443,"OFL",44,192
"10167",12204,3406,1339,"U",44,193
"10168",12205,3413,1462,"U",44,198
"10169",12206,3413,1461,"OFL",44,198
"10170",12207,3416,1327,"U",44,202
"10171",12208,3423,1472,"ABX",44,210
"10172",12209,3423,1466,"ABX",44,210
"10173",12210,3425,1477,"ABX",44,211
"10174",12211,3429,1323,"U",44,216
"10175",12212,3429,1326,"U",44,216
"10176",12213,3438,1334,"ABX",44,227
"10177",12214,3438,1341,"OFL",44,227
"10178",12215,3441,1314,"U",44,229
"10179",12216,3441,1444,"OFL",44,229
"10180",12217,3448,1464,"OFL",44,238
"10181",12218,3453,1332,"ABX",44,241
"10182",12219,3453,1470,"U",44,241
"10183",12220,3456,1473,"ABX",44,244
"10184",12221,3456,1468,"ABX",44,244
"10185",12222,3456,1469,"ABX",44,244
"10186",12223,3458,1450,"OFL",44,245
"10187",12224,3462,1340,"ABX",44,247
"10188",12225,3464,1452,"OFL",44,248
"10189",12226,3464,1454,"OFL",44,248
"10190",12227,3464,1449,"OFL",44,248
"10191",12228,3466,1002,"U",44,249
"10192",12229,3466,1116,"U",44,249
"10193",12230,3466,1479,"ABX",44,249
"10194",12231,3668,1342,"OFL",44,347
"10195",12232,3674,1474,"U",44,355
"10196",12383,3754,122,"BrM",69,205
"10197",12384,3755,130,"BrM",69,209
"10198",12385,3754,132,"BrF",69,205
"10199",12386,3757,140,"U",69,226
"10200",12387,3756,159,"BrM",69,184
"10201",12388,3753,222,"BrM",69,202
"10202",12389,3753,229,"BrF",69,202
"10203",12390,3759,241,"BrM",69,190
"10204",12391,3758,243,"BrM",69,187
"10205",12392,3758,244,"BrF",69,187
"10206",12393,3755,283,"U",69,209
"10207",12394,3755,353,"ABX",69,209
"10208",12395,3753,358,"ABX",69,202
"10209",12396,3753,360,"ABX",69,202
"10210",12397,3759,368,"H",69,190
"10211",12398,3754,372,"SA",69,205
"10212",12399,3759,374,"OFL",69,190
"10213",12400,3759,375,"OFL",69,190
"10214",12401,3758,376,"CH",69,187
"10215",12402,3759,379,"FL",69,190
"10216",12403,3753,480,"ABX",69,202
"10217",12404,3754,481,"FL",69,205
"10218",12405,3753,482,"ABX",69,202
"10219",12406,3758,483,"ABX",69,187
"10220",12407,3753,484,"ABX",69,202
"10221",12408,3754,485,"ABX",69,205
"10222",12409,3758,486,"ABX",69,187
"10223",12410,3753,487,"FL",69,202
"10224",12411,3759,488,"ABX",69,190
"10225",12412,3758,489,"ABX",69,187
"10226",12413,3758,490,"ABX",69,187
"10227",12414,3758,491,"ABX",69,187
"10228",12415,3755,492,"FL",69,209
"10229",12416,3758,493,"ABX",69,187
"10230",13301,2768,1819,"ABX",32,79
"10231",13302,2801,1885,"ABX",32,127
"10232",13303,3996,3467,"BrF",73,250
"10233",13304,3996,3525,"BrM",73,250
"10234",13307,3997,2971,"BrF",73,251
"10235",13308,3997,1359,"BrM",73,251
"10236",13309,3998,4822,"ABX",73,252
"10237",13310,3998,506,"BrM",73,252
"10238",13311,3999,1825,"BrF",73,253
"10239",13312,3999,1671,"BrM",73,253
"10240",13313,4000,3465,"BrF",73,254
"10241",13315,4000,1730,"BrM",73,254
"10242",13316,4000,4817,"OFL",73,254
"10243",13317,4001,3466,"BrF",73,255
"10244",13318,4001,1500,"BrM",73,255
"10245",13319,4001,4810,"FL",73,255
"10246",13320,4001,4808,"FL",73,255
"10247",13321,4001,4813,"OFL",73,255
"10248",13322,4002,4821,"BrF",73,256
"10249",13323,4002,1396,"BrM",73,256
"10250",13324,4003,4830,"BrF",73,257
"10251",13325,4003,1714,"BrM",73,257
"10252",13326,4004,1684,"BrM",73,258
"10253",13327,4005,1670,"BrM",73,259
"10254",13328,4006,3474,"BrF",73,260
"10255",13329,4006,1820,"BrM",73,260
"10256",13331,4006,4820,"OFL",73,260
"10257",13332,4007,1188,"BrM",73,261
"10258",13333,4008,3469,"BrF",73,263
"10259",13334,4008,1721,"BrM",73,263
"10260",13335,4008,4848,"FL",73,263
"10261",13336,4009,4827,"BrF",73,264
"10262",13337,4009,1495,"BrM",73,264
"10263",13338,4010,3472,"BrF",73,265
"10264",13339,4010,3484,"BrM",73,265
"10265",13340,4011,1873,"BrF",73,266
"10266",13342,4012,4858,"BrF",73,267
"10267",13343,4012,1695,"BrM",73,267
"10268",13344,4013,1427,"BrM",73,268
"10269",13345,4014,1218,"BrF",73,269
"10270",13346,4014,1726,"BrM",73,269
"10271",13347,4015,4853,"BrF",73,270
"10272",13348,4015,2998,"BrM",73,270
"10273",13349,4016,2997,"BrF",73,271
"10274",13350,4016,1844,"BrM",73,271
"10275",13351,4017,1368,"BrM",73,272
"10276",13352,4018,3481,"BrF",73,273
"10277",13353,4018,2965,"BrM",73,273
"10278",13355,4019,1409,"BrF",73,274
"10279",13356,4019,4832,"BrM",73,274
"10280",13357,4020,3478,"BrF",73,275
"10281",13358,4020,1856,"BrM",73,275
"10282",13359,4020,4831,"FL",73,275
"10283",13360,4021,3473,"BrM",73,276
"10284",13361,4022,3477,"BrM",73,277
"10285",13362,4023,3523,"BrF",73,278
"10286",13363,4023,3007,"BrM",73,278
"10287",13364,4023,4869,"FL",73,278
"10288",13365,4024,4837,"ABX",73,279
"10289",13366,4024,1887,"BrM",73,279
"10290",13367,4025,4825,"BrF",73,280
"10291",13368,4025,3479,"BrM",73,280
"10292",13369,4026,3526,"BrF",73,281
"10293",13370,4026,1858,"BrM",73,281
"10294",13372,4027,3522,"BrF",73,282
"10295",13373,4027,4834,"BrM",73,282
"10296",13374,4028,3470,"BrM",73,283
"10297",13375,4028,4809,"U",73,283
"10298",13376,4028,4846,"U",73,283
"10299",13377,4029,3609,"BrF",73,284
"10300",13378,4029,4856,"BrM",73,284
"10301",13379,4037,4826,"BrM",73,430
"10302",13380,4030,4845,"BrF",73,423
"10303",13381,4030,4824,"BrM",73,423
"10304",13382,4020,4828,"OFL",73,275
"10305",13383,4031,4833,"BrF",73,424
"10306",13384,4031,3527,"BrM",73,424
"10307",13385,4032,3530,"BrM",73,425
"10308",13386,4032,4840,"BrF",73,425
"10309",13387,4033,4838,"BrM",73,426
"10310",13388,4033,4857,"U",73,426
"10311",13389,4034,3529,"BrM",73,427
"10312",13390,4035,4806,"BrM",73,428
"10313",13391,4036,4852,"BrM",73,429
"10314",13392,5855,4859,"BrF",73,484
"10315",13393,4058,4823,"U",73,-4
"10316",13394,4057,3471,"U",73,-4
"10317",13395,4011,1884,"BrM",73,266
"10318",13396,3760,912,"BrF",75,1
"10319",13397,3760,1750,"BrM",75,1
"10320",13398,3760,3486,"ABX",75,1
"10321",13399,3760,4829,"OFL",75,1
"10322",13400,3761,3520,"BrF",75,2
"10323",13401,3761,2960,"BrM",75,2
"10324",13402,3761,2984,"BrF",75,2
"10325",13403,3762,1763,"BrF",75,3
"10326",13404,3762,2980,"BrM",75,3
"10327",13405,3762,3086,"H",75,3
"10328",13406,3762,3085,"H",75,3
"10329",13407,3762,4874,"OFL",75,3
"10330",13408,3762,4882,"FL",75,3
"10331",13409,3763,1532,"BrF",75,4
"10332",13410,3763,911,"BrM",75,4
"10333",13411,3763,3492,"ABX",75,4
"10334",13412,3763,1804,"ABX",75,4
"10335",13414,3764,1740,"BrF",75,5
"10336",13415,3764,1187,"BrM",75,5
"10337",13416,3764,3594,"H",75,5
"10338",13417,3764,4854,"OFL",75,5
"10339",13418,3764,4889,"FL",75,5
"10340",13419,3765,1791,"BrF",75,7
"10341",13420,3765,1509,"BrM",75,7
"10342",13421,3765,3688,"AB",75,7
"10343",13423,3766,1605,"BrF",75,8
"10344",13424,3766,497,"BrM",75,8
"10345",13425,3766,4855,"OFL",75,8
"10346",13427,3766,1660,"H",75,8
"10347",13428,3767,1826,"BrF",75,9
"10348",13429,3767,1499,"BrM",75,9
"10349",13430,3767,4917,"FL",75,9
"10350",13431,3768,1614,"BrF",75,11
"10351",13432,3768,1767,"BrM",75,11
"10352",13433,3769,930,"BrF",75,12
"10353",13434,3769,1485,"BrM",75,12
"10354",13435,3769,3504,"ABX",75,12
"10355",13437,3770,1778,"BrF",75,13
"10356",13438,3770,1607,"BrM",75,13
"10357",13439,3770,3463,"AB",75,13
"10358",13442,3771,3500,"BrF",75,14
"10359",13443,3771,2988,"BrM",75,14
"10360",13444,3772,1589,"BrF",75,15
"10361",13445,3772,1762,"BrM",75,15
"10362",13447,3773,1753,"BrF",75,16
"10363",13448,3773,1775,"BrM",75,16
"10364",13451,3774,1772,"BrF",75,20
"10365",13452,3774,1729,"BrM",75,20
"10366",13453,3774,3020,"ABX",75,20
"10367",13454,3774,4885,"FL",75,20
"10368",13455,3775,1419,"BrF",75,22
"10369",13456,3775,1795,"BrM",75,22
"10370",13457,3775,1824,"H",75,22
"10371",13458,3775,3575,"ABX",75,22
"10372",13460,3775,4897,"FL",75,22
"10373",13461,3775,4895,"FL",75,22
"10374",13462,3776,1559,"BrF",75,23
"10375",13463,3776,1702,"BrM",75,23
"10376",13464,3776,3603,"ABX",75,23
"10377",13465,3776,4868,"OFL",75,23
"10378",13466,3777,1510,"BrF",75,24
"10379",13467,3777,2966,"BrM",75,24
"10380",13468,3777,4890,"FL",75,24
"10381",13469,3778,1506,"BrF",75,25
"10382",13470,3778,2962,"BrM",75,25
"10383",13471,3778,4902,"FL",75,25
"10384",13472,3778,4903,"FL",75,25
"10385",13473,3778,3449,"H",75,25
"10386",13474,3779,3446,"BrF",75,26
"10387",13475,3779,1848,"BrM",75,26
"10388",13477,3780,3490,"BrF",75,27
"10389",13478,3780,3087,"BrM",75,27
"10390",13479,3780,3519,"ABX",75,27
"10391",13480,3781,1501,"BrF",75,28
"10392",13481,3781,1606,"BrM",75,28
"10393",13483,3781,1857,"H",75,28
"10394",13484,3781,4875,"FL",75,28
"10395",13485,3782,1503,"BrF",75,30
"10396",13486,3782,507,"BrM",75,30
"10397",13487,3782,4877,"FL",75,30
"10398",13488,3782,3489,"H",75,30
"10399",13489,3783,3497,"BrF",75,32
"10400",13490,3783,1611,"BrM",75,32
"10401",13491,3783,3573,"ABX",75,32
"10402",13492,3783,2975,"SEEN1",75,32
"10403",13493,3784,503,"BrF",75,33
"10404",13494,3784,3615,"BrM",75,33
"10405",13495,3785,1864,"BrF",75,34
"10406",13496,3785,1542,"BrM",75,34
"10407",13497,3786,1536,"BrF",75,36
"10408",13498,3786,1787,"BrM",75,36
"10409",13499,3786,4870,"H",75,36
"10410",13501,3787,441,"TBRF",75,38
"10411",13502,3787,3646,"BrF",75,38
"10412",13503,3787,3456,"BrM",75,38
"10413",13504,3788,1415,"BrF",75,39
"10414",13505,3788,1743,"BrM",75,39
"10415",13507,3788,1766,"H",75,39
"10416",13508,3788,4876,"OFL",75,39
"10417",13510,3789,3462,"BrF",75,40
"10418",13511,3789,3020,"BrM",75,40
"10419",13512,3790,3487,"BrF",75,42
"10420",13513,3790,1543,"BrM",75,42
"10421",13514,3790,4804,"ABX",75,42
"10422",13515,3790,4805,"AB",75,42
"10423",13517,3791,1854,"BrF",75,43
"10424",13518,3791,1029,"BrM",75,43
"10425",13519,3791,3580,"AB",75,43
"10426",13520,3791,4904,"FL",75,43
"10427",13521,3791,3504,"SEEN1",75,43
"10428",13522,3792,2981,"BrF",75,45
"10429",13523,3792,3464,"BrM",75,45
"10430",13524,3793,1384,"BrF",75,46
"10431",13525,3793,1868,"BrM",75,46
"10432",13527,3794,1765,"BrF",75,47
"10433",13528,3794,1752,"BrM",75,47
"10434",13529,3794,2985,"H",75,47
"10435",13531,3795,1193,"BrF",75,48
"10436",13532,3795,2990,"BrM",75,48
"10437",13533,3795,4906,"CH",75,48
"10438",13534,3796,3608,"BrF",75,50
"10439",13535,3796,1553,"BrM",75,50
"10440",13536,3796,1200,"ABX",75,50
"10441",13537,3797,1361,"BrF",75,51
"10442",13538,3797,1698,"BrM",75,51
"10443",13539,3797,3452,"ABX",75,51
"10444",13540,3798,3094,"BrF",75,53
"10445",13541,3798,1739,"BrM",75,53
"10446",13543,3799,1821,"BrF",75,54
"10447",13544,3799,1504,"BrM",75,54
"10448",13545,3799,4860,"H",75,54
"10449",13546,3799,4905,"FL",75,54
"10450",13547,3800,459,"BrF",75,55
"10451",13548,3800,1769,"BrM",75,55
"10452",13549,3800,1800,"H",75,55
"10453",13550,3800,2968,"ABX",75,55
"10454",13551,3800,3699,"H",75,55
"10455",13553,3801,2959,"BrF",75,57
"10456",13554,3801,1831,"BrM",75,57
"10457",13556,3802,1757,"BrF",75,58
"10458",13557,3802,1523,"BrM",75,58
"10459",13558,3802,3614,"ABX",75,58
"10460",13559,3803,3022,"BrF",75,59
"10461",13560,3803,3696,"BrM",75,59
"10462",13561,3804,3453,"BrF",75,60
"10463",13562,3804,1744,"BrM",75,60
"10464",13563,3804,3515,"H",75,60
"10465",13564,3804,4934,"FL",75,60
"10466",13565,3804,4933,"FL",75,60
"10467",13566,3805,1827,"BrF",75,61
"10468",13567,3805,1783,"BrM",75,61
"10469",13568,3805,3617,"ABX",75,61
"10470",13569,3805,4937,"FL",75,61
"10471",13570,3805,4936,"FL",75,61
"10472",13571,3806,1538,"BrF",75,62
"10473",13572,3806,1539,"BrM",75,62
"10474",13573,3806,4900,"CH",75,62
"10475",13574,3807,1042,"BrF",75,63
"10476",13575,3807,1577,"BrM",75,63
"10477",13576,3807,3019,"AB",75,63
"10478",13577,3807,3513,"ABX",75,63
"10479",13578,3807,4803,"H",75,63
"10480",13579,3807,4880,"FL",75,63
"10481",13580,3808,1558,"BrF",75,66
"10482",13581,3808,1699,"BrM",75,66
"10483",13583,3808,3021,"H",75,66
"10484",13584,3809,1305,"BrF",75,67
"10485",13585,3809,1595,"BrM",75,67
"10486",13588,3810,1669,"BrF",75,68
"10487",13589,3810,1897,"BrM",75,68
"10488",13590,3811,869,"BrF",75,69
"10489",13591,3811,453,"BrM",75,69
"10490",13592,3811,4898,"FL",75,69
"10491",13593,3812,1782,"BrF",75,70
"10492",13594,3812,1881,"BrM",75,70
"10493",13595,3812,4899,"FL",75,70
"10494",13596,3813,1244,"BrF",75,71
"10495",13597,3813,1742,"BrM",75,71
"10496",13598,3813,3009,"ABX",75,71
"10497",13599,3813,3612,"ABX",75,71
"10498",13600,3813,4894,"FL",75,71
"10499",13601,3814,1805,"BrF",75,72
"10500",13602,3814,1774,"BrM",75,72
"10501",13603,3814,3505,"BrF",75,72
"10502",13604,3814,4871,"OFL",75,72
"10503",13605,3814,4892,"FL",75,72
"10504",13606,3815,1664,"BrF",75,74
"10505",13607,3815,1031,"BrM",75,74
"10506",13608,3816,2989,"BrF",75,75
"10507",13609,3816,2964,"BrM",75,75
"10508",13610,3816,4861,"FL",75,75
"10509",13611,3817,1852,"BrF",75,76
"10510",13612,3817,3093,"BrM",75,76
"10511",13613,3817,4891,"CH",75,76
"10512",13614,3818,1776,"BrF",75,77
"10513",13615,3818,1710,"BrM",75,77
"10514",13616,3818,1707,"BrF",75,77
"10515",13617,3818,4881,"ABX",75,77
"10516",13618,3818,3581,"SEEN1",75,77
"10517",13619,3819,1803,"BrF",75,79
"10518",13620,3819,1802,"BrM",75,79
"10519",13621,3819,1819,"H",75,79
"10520",13622,3819,3516,"H",75,79
"10521",13624,3820,2983,"BrF",75,80
"10522",13625,3820,1566,"BrM",75,80
"10523",13626,3821,1895,"BrF",75,81
"10524",13627,3821,1754,"BrM",75,81
"10525",13628,3821,4888,"FL",75,81
"10526",13629,3822,2986,"BrF",75,82
"10527",13630,3822,1356,"BrM",75,82
"10528",13631,3823,3567,"BrF",75,83
"10529",13632,3823,1604,"BrM",75,83
"10530",13634,3824,1491,"BrF",75,85
"10531",13635,3824,1823,"BrM",75,85
"10532",13637,3824,3566,"H",75,85
"10533",13639,3825,2978,"BrF",75,86
"10534",13640,3825,3089,"BrM",75,86
"10535",13641,3825,2963,"H",75,86
"10536",13642,3825,3590,"AB",75,86
"10537",13643,3825,4886,"OFL",75,86
"10538",13644,3825,4913,"CH",75,86
"10539",13645,3825,4915,"FL",75,86
"10540",13647,3825,4912,"FL",75,86
"10541",13648,3826,1722,"BrM",75,87
"10542",13649,3826,3695,"ABX",75,87
"10543",13650,3826,3501,"H",75,87
"10544",13652,3827,1779,"BrF",75,88
"10545",13653,3827,1196,"BrM",75,88
"10546",13654,3827,3570,"AB",75,88
"10547",13655,3827,4896,"FL",75,88
"10548",13656,3828,3457,"BrM",75,90
"10549",13657,3828,3595,"BrF",75,90
"10550",13658,3829,1717,"BrF",75,92
"10551",13659,3829,1797,"BrM",75,92
"10552",13660,3829,4862,"ABX",75,92
"10553",13661,3830,1697,"BrF",75,93
"10554",13662,3830,1796,"BrM",75,93
"10555",13663,3830,4883,"FL",75,93
"10556",13664,3830,4884,"FL",75,93
"10557",13665,3831,1195,"BrF",75,94
"10558",13666,3831,1871,"BrM",75,94
"10559",13667,3832,1170,"BrF",75,95
"10560",13668,3832,1524,"BrM",75,95
"10561",13669,3832,4908,"FL",75,95
"10562",13670,3833,1598,"BrF",75,96
"10563",13671,3833,3000,"BrM",75,96
"10564",13673,3834,1438,"BrF",75,98
"10565",13674,3834,1708,"BrM",75,98
"10566",13676,3835,1672,"BrF",75,99
"10567",13677,3835,1533,"BrM",75,99
"10568",13678,3835,3692,"ABX",75,99
"10569",13680,3835,4935,"FL",75,99
"10570",13681,3836,472,"BrF",75,100
"10571",13682,3836,1394,"BrM",75,100
"10572",13683,3837,3518,"BrF",75,101
"10573",13684,3837,3454,"BrM",75,101
"10574",13685,3838,3090,"BrF",75,105
"10575",13686,3838,3458,"BrM",75,105
"10576",13687,3839,1851,"BrF",75,108
"10577",13688,3839,1199,"BrM",75,108
"10578",13689,3839,3648,"ABX",75,108
"10579",13690,3840,1580,"BrF",75,109
"10580",13691,3840,3643,"BrM",75,109
"10581",13692,3840,4916,"CH",75,109
"10582",13693,3840,4914,"CH",75,109
"10583",13694,3840,1040,"SEEN1",75,109
"10584",13695,3841,1865,"BrF",75,110
"10585",13696,3841,1018,"BrM",75,110
"10586",13697,3841,3644,"H",75,110
"10587",13698,3842,1576,"BrF",75,111
"10588",13699,3842,1512,"BrM",75,111
"10589",13700,3842,3645,"ABX",75,111
"10590",13701,3843,1790,"BrF",75,112
"10591",13702,3843,1731,"BrM",75,112
"10592",13703,3843,3444,"H",75,112
"10593",13704,3843,4887,"FL",75,112
"10594",13705,3843,4878,"SEEN1",75,112
"10595",13706,3844,3091,"BrF",75,113
"10596",13707,3844,3024,"BrM",75,113
"10597",13708,3845,1685,"BrF",75,116
"10598",13709,3845,1608,"BrM",75,116
"10599",13710,3845,3578,"ABX",75,116
"10600",13711,3845,4872,"OFL",75,116
"10601",13712,3846,3698,"BrF",75,118
"10602",13713,3846,1489,"BrM",75,118
"10603",13714,3847,1760,"BrF",75,121
"10604",13715,3847,1829,"BrM",75,121
"10605",13717,3848,3694,"BrF",75,123
"10606",13718,3848,3005,"BrM",75,123
"10607",13719,3849,1401,"BrF",75,125
"10608",13720,3849,1788,"BrM",75,125
"10609",13721,3849,3596,"ABX",75,125
"10610",13722,3849,1877,"ABX",75,125
"10611",13723,3850,1563,"BrF",75,126
"10612",13724,3850,510,"BrM",75,126
"10613",13725,3850,3491,"ABX",75,126
"10614",13726,3850,3641,"ABX",75,126
"10615",13727,3851,1024,"BrF",75,127
"10616",13728,3851,1616,"BrM",75,127
"10617",13729,3851,4901,"FL",75,127
"10618",13730,3852,3450,"BrF",75,128
"10619",13731,3852,1867,"BrM",75,128
"10620",13732,3852,3642,"ABX",75,128
"10621",13734,3853,1678,"BrF",75,129
"10622",13735,3853,1412,"BrM",75,129
"10623",13736,3853,3651,"AB",75,129
"10624",13737,3853,3700,"H",75,129
"10625",13738,3854,1429,"BrF",75,134
"10626",13739,3854,1886,"BrM",75,134
"10627",13740,3854,3619,"ABX",75,134
"10628",13741,3854,4863,"OFL",75,134
"10629",13742,3855,3002,"BrF",75,135
"10630",13743,3855,1581,"BrM",75,135
"10631",13745,3855,4866,"ABX",75,135
"10632",13746,3856,845,"BrF",75,137
"10633",13747,3856,1276,"BrM",75,137
"10634",13748,3856,4893,"FL",75,137
"10635",13749,3857,3461,"BrF",75,138
"10636",13750,3857,1801,"BrM",75,138
"10637",13751,3858,1172,"BrF",75,139
"10638",13752,3858,1171,"BrM",75,139
"10639",13753,3859,1617,"BrF",75,140
"10640",13754,3859,1494,"BrM",75,140
"10641",13755,3860,3507,"BrF",75,144
"10642",13756,3860,1587,"BrM",75,144
"10643",13757,3860,4907,"FL",75,144
"10644",13758,3861,1789,"BrF",75,154
"10645",13759,3861,1869,"BrM",75,154
"10646",13761,3862,3455,"BrF",75,155
"10647",13762,3862,1610,"BrM",75,155
"10648",13763,3862,3604,"ABX",75,155
"10649",13764,3863,3092,"BrF",75,157
"10650",13765,3863,3564,"BrM",75,157
"10651",13767,3864,3650,"BrF",75,159
"10652",13768,3865,563,"BrF",75,160
"10653",13769,3865,1890,"BrM",75,160
"10654",13770,3866,1043,"BrF",75,165
"10655",13771,3866,1682,"BrM",75,165
"10656",13772,3866,3691,"ABX",75,165
"10657",13773,3866,4919,"FL",75,165
"10658",13774,3867,3600,"SEEN2",75,167
"10659",13775,3867,3574,"SEEN2",75,167
"10660",13776,3868,3517,"BrF",75,168
"10661",13777,3868,1593,"BrM",75,168
"10662",13778,3868,3702,"SEEN1",75,168
"10663",13779,3868,1272,"ABX",75,168
"10664",13780,3868,4911,"FL",75,168
"10665",13781,3868,4910,"FL",75,168
"10666",13782,4048,1155,"BrF",75,169
"10667",13783,4048,1808,"BrM",75,169
"10668",13785,3869,1872,"BrF",75,171
"10669",13786,3869,1777,"BrM",75,171
"10670",13788,3870,1716,"BrF",75,173
"10671",13789,3870,2976,"BrM",75,173
"10672",13790,3870,3499,"ABX",75,173
"10673",13792,3871,1579,"BrM",75,174
"10674",13793,3871,4918,"FL",75,174
"10675",13794,3872,2982,"BrF",75,177
"10676",13795,3872,3460,"BrM",75,177
"10677",13796,3873,1798,"BrF",75,178
"10678",13797,3873,2974,"BrM",75,178
"10679",13798,3873,4867,"OFL",75,178
"10680",13799,3874,3003,"BrF",75,179
"10681",13800,3874,2991,"BrM",75,179
"10682",13801,3874,3606,"ABX",75,179
"10683",13802,3874,4879,"FL",75,179
"10684",13803,3875,3498,"BrF",75,172
"10685",13804,3875,3445,"BrM",75,172
"10686",13805,3876,3017,"BrF",75,403
"10687",13806,3876,3576,"BrM",75,403
"10688",13807,3877,3569,"BrF",75,407
"10689",13808,3877,4873,"BrM",75,407
"10690",13809,3877,3616,"ABX",75,407
"10691",13810,4050,3451,"FLOAT",75,-3
"10692",13811,4049,3618,"FLOAT",75,-3
"10693",13812,4054,3607,"FLOAT",75,-3
"10694",13813,4053,3011,"FLOAT",75,-3
"10695",13815,3878,912,"BrF",77,1
"10696",13816,3878,1750,"BrM",77,1
"10697",13817,3878,3486,"ABX",77,1
"10698",13818,3878,4829,"ABX",77,1
"10699",13819,3879,2960,"BrM",77,2
"10700",13820,3879,2984,"BrF",77,2
"10701",13821,3880,1763,"BrF",77,3
"10702",13822,3880,2980,"BrM",77,3
"10703",13823,3880,3086,"ABX",77,3
"10704",13824,3881,1532,"BrF",77,4
"10705",13825,3881,911,"BrM",77,4
"10706",13826,3881,4939,"ABX",77,4
"10707",13827,3882,1740,"BrF",77,5
"10708",13828,3882,1187,"BrM",77,5
"10709",13829,3882,3594,"ABX",77,5
"10710",13830,3882,4854,"ABX",77,5
"10711",13831,3882,4889,"ABX",77,5
"10712",13832,3883,1791,"BrF",77,7
"10713",13833,3883,1509,"BrM",77,7
"10714",13834,3883,4938,"OFL",77,7
"10715",13835,3884,1605,"BrF",77,8
"10716",13836,3884,497,"BrM",77,8
"10717",13837,3884,4855,"ABX",77,8
"10718",13840,3884,1660,"BrF",77,8
"10719",13841,3885,1826,"BrF",77,9
"10720",13842,3885,1499,"BrM",77,9
"10721",13843,3885,4917,"ABX",77,9
"10722",13844,3886,1614,"BrF",77,11
"10723",13845,3886,1767,"BrM",77,11
"10724",13846,3886,4943,"OFL",77,11
"10725",13847,3887,930,"BrF",77,12
"10726",13848,3887,3519,"BrM",77,12
"10727",13849,3888,1778,"BrF",77,13
"10728",13850,3888,1607,"BrM",77,13
"10729",13851,3888,3463,"ABX",77,13
"10730",13852,3889,3500,"BrF",77,14
"10731",13853,3889,2988,"BrM",77,14
"10732",13854,3889,4969,"FL",77,14
"10733",13855,3890,1589,"BrF",77,15
"10734",13856,3890,1762,"BrM",77,15
"10735",13857,3891,1753,"BrF",77,16
"10736",13858,3891,1775,"TBRM",77,16
"10737",13859,3891,3612,"BrM",77,16
"10738",13860,3892,1772,"BrF",77,20
"10739",13861,3892,1729,"BrM",77,20
"10740",13862,3892,4885,"ABX",77,20
"10741",13863,3893,1419,"BrF",77,22
"10742",13864,3893,1795,"BrM",77,22
"10743",13865,3893,1824,"ABX",77,22
"10744",13866,3893,4897,"ABX",77,22
"10745",13867,3893,4895,"ABX",77,22
"10746",13868,3894,1559,"BrF",77,23
"10747",13869,3894,1702,"BrM",77,23
"10748",13870,3894,4966,"OFL",77,23
"10749",13871,3895,1510,"BrF",77,24
"10750",13872,3895,2966,"BrM",77,24
"10751",13873,3895,4890,"ABX",77,24
"10752",13874,3896,1506,"BrF",77,25
"10753",13875,3896,2962,"BrM",77,25
"10754",13876,3896,4902,"ABX",77,25
"10755",13877,3896,4903,"ABX",77,25
"10756",13878,3897,3446,"BrF",77,26
"10757",13879,3897,1848,"BrM",77,26
"10758",13880,3898,3490,"BrF",77,27
"10759",13881,3898,3087,"BrM",77,27
"10760",13882,3898,441,"U",77,27
"10761",13883,3899,1501,"BrF",77,28
"10762",13884,3899,3489,"BrM",77,28
"10763",13885,3899,1857,"ABX",77,28
"10764",13886,3899,4940,"OFL",77,28
"10765",13887,3899,4967,"FL",77,28
"10766",13888,3900,1503,"BrF",77,30
"10767",13889,3900,507,"BrM",77,30
"10768",13890,3900,4877,"ABX",77,30
"10769",13891,3900,4968,"FL",77,30
"10770",13892,3901,3497,"BrF",77,32
"10771",13893,3901,1611,"BrM",77,32
"10772",13894,3902,503,"BrF",77,33
"10773",13895,3902,3615,"BrM",77,33
"10774",13896,3903,1864,"BrF",77,34
"10775",13897,3903,1542,"BrM",77,34
"10776",13898,3904,1536,"BrF",77,36
"10777",13899,3904,1787,"BrM",77,36
"10778",13900,3904,4870,"ABX",77,36
"10779",13901,3905,3646,"BrF",77,38
"10780",13902,3905,3456,"BrM",77,38
"10781",13904,3906,1415,"BrF",77,39
"10782",13905,3906,1743,"BrM",77,39
"10783",13906,3906,1766,"ABX",77,39
"10784",13907,3906,4876,"ABX",77,39
"10785",13908,3906,4941,"OFL",77,39
"10786",13909,3907,3462,"BrF",77,40
"10787",13910,3907,3020,"BrM",77,40
"10788",13911,3908,3487,"BrF",77,42
"10789",13912,3908,1543,"BrM",77,42
"10790",13913,3908,4970,"FL",77,42
"10791",13914,3909,1854,"BrF",77,43
"10792",13915,3909,1029,"BrM",77,43
"10793",13916,3909,4904,"ABX",77,43
"10794",13917,3910,2981,"BrF",77,45
"10795",13918,3910,3464,"BrM",77,45
"10796",13919,3911,1384,"BrF",77,46
"10797",13920,3911,1868,"BrM",77,46
"10798",13922,3912,1765,"BrF",77,47
"10799",13923,3912,1752,"BrM",77,47
"10800",13924,3912,2985,"ABX",77,47
"10801",13925,3913,1193,"BrF",77,48
"10802",13926,3913,2990,"BrM",77,48
"10803",13927,3914,3608,"BrF",77,50
"10804",13928,3914,1553,"BrM",77,50
"10805",13929,3915,1361,"BrF",77,51
"10806",13930,3915,1698,"BrM",77,51
"10807",13931,3915,4961,"OFL",77,51
"10808",13932,3916,3094,"BrF",77,53
"10809",13933,3916,1739,"BrM",77,53
"10810",13934,3916,4965,"OFL",77,53
"10811",13935,3917,1821,"BrF",77,54
"10812",13936,3917,1504,"BrM",77,54
"10813",13937,3917,4905,"ABX",77,54
"10814",13938,3918,459,"BrF",77,55
"10815",13939,3918,1769,"BrM",77,55
"10816",13940,3918,1800,"ABX",77,55
"10817",13941,3918,2968,"ABX",77,55
"10818",13942,3918,3699,"ABX",77,55
"10819",13943,3918,4963,"OFL",77,55
"10820",13944,3918,4960,"OFL",77,55
"10821",13945,3918,4973,"FL",77,55
"10822",13946,3918,4974,"FL",77,55
"10823",13947,3919,2959,"BrF",77,57
"10824",13948,3919,1831,"BrM",77,57
"10825",13949,3919,4964,"OFL",77,57
"10826",13950,3920,1757,"BrF",77,58
"10827",13951,3920,1523,"BrM",77,58
"10828",13952,3921,3022,"BrF",77,59
"10829",13953,3921,3696,"BrM",77,59
"10830",13955,3922,3453,"BrF",77,60
"10831",13956,3922,1744,"BrM",77,60
"10832",13957,3922,3515,"ABX",77,60
"10833",13958,3922,4933,"ABX",77,60
"10834",13959,3923,1827,"BrF",77,61
"10835",13960,3923,1783,"BrM",77,61
"10836",13961,3923,4937,"ABX",77,61
"10837",13962,3923,4936,"ABX",77,61
"10838",13963,3924,1538,"BrF",77,62
"10839",13964,3924,1539,"BrM",77,62
"10840",13965,3925,1042,"BrF",77,63
"10841",13966,3925,1577,"BrM",77,63
"10842",13967,3925,4880,"ABX",77,63
"10843",13968,3926,1558,"BrF",77,66
"10844",13969,3926,3021,"ABX",77,66
"10845",13970,3927,1305,"BrF",77,67
"10846",13971,3927,1595,"BrM",77,67
"10847",13973,3928,1669,"BrF",77,68
"10848",13974,3928,1897,"BrM",77,68
"10849",13975,3928,4971,"FL",77,68
"10850",13976,3929,869,"BrF",77,69
"10851",13977,3929,453,"BrM",77,69
"10852",13978,3929,4898,"ABX",77,69
"10853",13979,3930,1782,"BrF",77,70
"10854",13980,3930,1881,"BrM",77,70
"10855",13981,3930,4899,"ABX",77,70
"10856",13982,3931,1244,"BrF",77,71
"10857",13983,3931,1742,"BrM",77,71
"10858",13985,3931,4894,"ABX",77,71
"10859",13986,3932,1805,"BrF",77,72
"10860",13987,3932,3505,"BrF",77,72
"10861",13988,3932,1774,"BrM",77,72
"10862",13989,3932,4871,"ABX",77,72
"10863",13990,3932,4892,"ABX",77,72
"10864",13991,3933,1664,"BrF",77,74
"10865",13992,3933,1031,"BrM",77,74
"10866",13993,3934,2989,"BrF",77,75
"10867",13994,3934,2964,"BrM",77,75
"10868",13995,3934,4861,"AB",77,75
"10869",13996,3935,1852,"BrF",77,76
"10870",13997,3935,3093,"BrM",77,76
"10871",13998,3936,1776,"BrF",77,77
"10872",13999,3936,1710,"BrM",77,77
"10873",14000,3936,1707,"BrF",77,77
"10874",14001,3936,4881,"ABX",77,77
"10875",14002,3937,1803,"BrF",77,79
"10876",14003,3937,1802,"BrM",77,79
"10877",14004,3937,1819,"ABX",77,79
"10878",14005,3937,4945,"OFL",77,79
"10879",14006,3938,2983,"BrF",77,80
"10880",14007,3938,1566,"BrM",77,80
"10881",14008,3939,1895,"BrF",77,81
"10882",14009,3939,1754,"BrM",77,81
"10883",14010,3939,4888,"ABX",77,81
"10884",14011,3940,2986,"BrF",77,82
"10885",14012,3940,1356,"BrM",77,82
"10886",14013,3941,3567,"BrF",77,83
"10887",14014,3941,1604,"BrM",77,83
"10888",14015,3941,4951,"OFL",77,83
"10889",14016,3942,1491,"BrF",77,85
"10890",14017,3942,1823,"BrM",77,85
"10891",14018,3942,3566,"ABX",77,85
"10892",14019,3942,4949,"ABX",77,85
"10893",14020,3942,4950,"OFL",77,85
"10894",14021,3943,2978,"BrF",77,86
"10895",14022,3943,3089,"BrM",77,86
"10896",14023,3943,2963,"ABX",77,86
"10897",14024,3943,4915,"ABX",77,86
"10898",14025,3943,4912,"ABX",77,86
"10899",14026,3944,1437,"BrF",77,87
"10900",14027,3944,1722,"BrM",77,87
"10901",14028,3944,3501,"ABX",77,87
"10902",14029,3944,4948,"OFL",77,87
"10903",14030,3944,4952,"OFL",77,87
"10904",14031,3945,1779,"BrF",77,88
"10905",14032,3945,1196,"BrM",77,88
"10906",14033,3945,4896,"ABX",77,88
"10907",14034,3946,3457,"BrM",77,90
"10908",14035,3946,3595,"BrF",77,90
"10909",14036,3947,1717,"BrF",77,92
"10910",14037,3947,3570,"BrM",77,92
"10911",14039,3948,1697,"BrF",77,93
"10912",14040,3948,1796,"BrM",77,93
"10913",14041,3948,4883,"ABX",77,93
"10914",14042,3948,4884,"ABX",77,93
"10915",14043,3949,1195,"BrF",77,94
"10916",14044,3949,1871,"BrM",77,94
"10917",14046,3950,1170,"BrF",77,95
"10918",14047,3950,1524,"BrM",77,95
"10919",14048,3950,4908,"ABX",77,95
"10920",14049,3951,1438,"BrF",77,98
"10921",14050,3951,1708,"BrM",77,98
"10922",14051,3951,4955,"OFL",77,98
"10923",14052,3952,1672,"BrF",77,99
"10924",14053,3952,1533,"BrM",77,99
"10925",14054,3952,4954,"ABX",77,99
"10926",14055,3952,4935,"ABX",77,99
"10927",14056,3952,3455,"U",77,99
"10928",14057,3953,472,"BrF",77,100
"10929",14058,3953,1394,"BrM",77,100
"10930",14059,3954,3518,"BrF",77,101
"10931",14060,3954,3454,"BrM",77,101
"10932",14062,3955,3090,"BrF",77,105
"10933",14063,3955,3458,"BrM",77,105
"10934",14064,3956,1851,"BrF",77,108
"10935",14065,3956,1199,"BrM",77,108
"10936",14066,3957,1580,"BrF",77,109
"10937",14067,3957,3643,"BrM",77,109
"10938",14068,3957,4946,"OFL",77,109
"10939",14069,3958,1865,"BrF",77,110
"10940",14070,3958,1018,"BrM",77,110
"10941",14071,3958,3644,"ABX",77,110
"10942",14072,3958,4947,"OFL",77,110
"10943",14073,3959,1512,"BrM",77,111
"10944",14074,3959,3645,"ABX",77,111
"10945",14075,3960,1790,"BrF",77,112
"10946",14076,3960,1731,"BrM",77,112
"10947",14077,3960,3444,"ABX",77,112
"10948",14078,3960,4887,"ABX",77,112
"10949",14079,3961,3091,"BrF",77,113
"10950",14080,3961,3024,"BrM",77,113
"10951",14081,3962,1685,"BrF",77,116
"10952",14082,3962,1608,"BrM",77,116
"10953",14083,3962,4872,"ABX",77,116
"10954",14084,3962,4956,"ABX",77,116
"10955",14085,3963,3698,"BrF",77,118
"10956",14086,3963,1489,"BrM",77,118
"10957",14088,3964,4803,"BrF",77,121
"10958",14089,3964,1829,"BrM",77,121
"10959",14090,3964,4962,"OFL",77,121
"10960",14091,3965,3694,"BrF",77,123
"10961",14092,3965,3005,"BrM",77,123
"10962",14093,3966,1401,"BrF",77,125
"10963",14094,3966,1788,"BrM",77,125
"10964",14095,3966,3596,"ABX",77,125
"10965",14096,3966,1877,"ABX",77,125
"10966",14097,3967,1563,"BrF",77,126
"10967",14098,3967,510,"BrM",77,126
"10968",14099,3967,3491,"ABX",77,126
"10969",14100,3968,1024,"BrF",77,127
"10970",14101,3968,1616,"BrM",77,127
"10971",14102,3968,4901,"ABX",77,127
"10972",14103,3969,3450,"BrF",77,128
"10973",14104,3969,1867,"BrM",77,128
"10974",14105,3969,3642,"ABX",77,128
"10975",14106,3970,1678,"BrF",77,129
"10976",14107,3970,1412,"BrM",77,129
"10977",14108,3970,3651,"ABX",77,129
"10978",14110,3971,4868,"BrF",77,134
"10979",14111,3971,1886,"BrM",77,134
"10980",14112,3972,3002,"BrF",77,135
"10981",14113,3972,1581,"BrM",77,135
"10982",14114,3973,845,"BrF",77,137
"10983",14115,3973,1276,"BrM",77,137
"10984",14116,3973,4893,"ABX",77,137
"10985",14117,3974,3461,"BrF",77,138
"10986",14118,3974,1801,"BrM",77,138
"10987",14119,3975,1172,"BrF",77,139
"10988",14120,3975,1171,"BrM",77,139
"10989",14121,3975,4958,"FL",77,139
"10990",14122,3976,1617,"BrF",77,140
"10991",14123,3976,1494,"BrM",77,140
"10992",14125,3977,3507,"BrF",77,144
"10993",14126,3977,1587,"BrM",77,144
"10994",14127,3977,4907,"ABX",77,144
"10995",14128,3978,1789,"BrF",77,154
"10996",14129,3978,1869,"BrM",77,154
"10997",14130,3978,4953,"OFL",77,154
"10998",14131,3979,3695,"BrF",77,155
"10999",14132,3979,1610,"BrM",77,155
"11000",14133,3979,3604,"ABX",77,155
"11001",14134,3980,3092,"BrF",77,157
"11002",14135,3980,3564,"BrM",77,157
"11003",14136,3981,4959,"BrM",77,159
"11004",14137,3981,3650,"BrF",77,159
"11005",14138,3982,563,"BrF",77,160
"11006",14139,3982,1890,"BrM",77,160
"11007",14140,3983,1043,"BrF",77,165
"11008",14141,3983,1682,"BrM",77,165
"11009",14142,3983,3691,"ABX",77,165
"11010",14143,3983,4919,"ABX",77,165
"11011",14144,3984,3600,"SEEN2",77,167
"11012",14145,3984,3574,"SEEN2",77,167
"11013",14146,3985,3517,"BrF",77,168
"11014",14147,3985,1593,"BrM",77,168
"11015",14148,3985,4910,"ABX",77,168
"11016",14149,3986,1155,"BrF",77,169
"11017",14150,3986,1808,"BrM",77,169
"11018",14151,3986,4972,"OFL",77,169
"11019",14152,3987,1872,"BrF",77,171
"11020",14153,3987,1777,"BrM",77,171
"11021",14154,3987,4944,"OFL",77,171
"11022",14155,3988,1716,"BrF",77,173
"11023",14156,3988,2976,"BrM",77,173
"11024",14158,3989,1579,"BrM",77,174
"11025",14159,3989,4918,"ABX",77,174
"11026",14160,3990,2982,"BrF",77,177
"11027",14161,3990,3460,"BrM",77,177
"11028",14162,3990,4957,"OFL",77,177
"11029",14163,3991,1798,"BrF",77,178
"11030",14164,3991,2974,"BrM",77,178
"11031",14165,3991,4867,"ABX",77,178
"11032",14166,3992,3003,"BrF",77,179
"11033",14167,3992,2991,"BrM",77,179
"11034",14168,3992,3606,"ABX",77,179
"11035",14169,3993,3498,"BrF",77,172
"11036",14170,3993,3445,"BrM",77,172
"11037",14171,3994,3576,"BrM",77,403
"11038",14172,3994,4942,"OFL",77,403
"11039",14173,3995,4873,"BrM",77,407
"11040",14174,3995,3616,"ABX",77,407
"11041",14175,4052,3451,"FLOAT",77,-3
"11042",14176,4051,3618,"FLOAT",77,-3
"11043",14177,4056,3580,"FLOAT",77,-3
"11044",14178,4055,3572,"FLOAT",77,-3
"11045",14179,3917,4805,"U",77,54
"11046",14180,3917,3452,"U",77,54
"11047",14181,3967,3617,"U",77,126
"11048",14182,3967,3641,"U",77,126
"11049",14183,3922,3019,"U",77,60
"11050",14184,3922,3688,"U",77,60
"11051",14193,4061,5160,"BrF",90,1
"11052",14194,4061,1750,"BrM",90,1
"11053",14195,4062,2984,"TBRF",90,2
"11054",14196,4062,2960,"BrM",90,2
"11055",14197,4062,5267,"BrF",90,2
"11056",14198,4062,5159,"SEEN1",90,2
"11057",14199,4062,5147,"SEEN1",90,2
"11058",14200,4061,5147,"SEEN1",90,1
"11059",14201,4061,5159,"SEEN1",90,1
"11060",14202,4063,1763,"BrF",90,3
"11061",14203,4063,4829,"BrM",90,3
"11062",14204,4063,3086,"H",90,3
"11063",14206,4064,1532,"BrF",90,4
"11064",14207,4064,911,"BrM",90,4
"11065",14208,4064,5071,"AB",90,4
"11066",14211,4065,1740,"BrF",90,5
"11067",14212,4065,1187,"BrM",90,5
"11068",14213,4065,5195,"ABX",90,5
"11069",14214,4065,5147,"SEEN1",90,5
"11070",14215,4066,1791,"BrF",90,7
"11071",14216,4066,1509,"BrM",90,7
"11072",14217,4066,5289,"FL",90,7
"11073",14218,4067,1605,"BrF",90,8
"11074",14220,4067,4939,"BrM",90,8
"11075",14221,4067,1660,"ABX",90,8
"11076",14222,4067,5196,"ABX",90,8
"11077",14223,4067,5284,"SEEN1",90,8
"11078",14224,4068,1826,"BrF",90,9
"11079",14225,4068,1499,"BrM",90,9
"11080",14226,4069,4910,"BrF",90,11
"11081",14227,4069,4902,"BrM",90,11
"11082",14228,4069,4960,"SEEN1",90,11
"11083",14229,4070,930,"BrF",90,12
"11084",14230,4070,3519,"BrM",90,12
"11085",14231,4070,5282,"ABX",90,12
"11086",14232,4071,4964,"BrF",90,13
"11087",14233,4071,1607,"BrM",90,13
"11088",14234,4072,3500,"BrF",90,14
"11089",14235,4072,2988,"BrM",90,14
"11090",14236,4073,4863,"BrF",90,15
"11091",14237,4073,1762,"BrM",90,15
"11092",14238,4073,5165,"ABX",90,15
"11093",14239,4073,4999,"SEEN1",90,15
"11094",14240,4074,1753,"BrF",90,16
"11095",14241,4074,3612,"BrM",90,16
"11096",14242,4075,3085,"BrF",90,20
"11097",14243,4075,1729,"BrM",90,20
"11098",14244,4075,5197,"SEEN1",90,20
"11099",14245,4076,4875,"BrF",90,22
"11100",14246,4076,1795,"BrM",90,22
"11101",14247,4076,5147,"SEEN2",90,22
"11102",14248,4076,5159,"SEEN2",90,22
"11103",14250,7024,5147,"BrF",90,490
"11104",14251,7024,5159,"BrM",90,490
"11105",14252,4078,1559,"BrF",90,23
"11106",14253,4078,1702,"BrM",90,23
"11107",14254,4079,1510,"BrF",90,24
"11108",14255,4079,2966,"BrM",90,24
"11109",14256,4079,4890,"ABX",90,24
"11110",14257,4079,1664,"SEEN2",90,24
"11111",14258,4079,5168,"SEEN1",90,24
"11112",14259,4079,5164,"SEEN1",90,24
"11113",14260,4080,3449,"BrF",90,25
"11114",14261,4080,4897,"BrM",90,25
"11115",14263,4081,3446,"BrF",90,26
"11116",14264,4081,1848,"BrM",90,26
"11117",14265,4081,5073,"ABX",90,26
"11118",14266,4082,3490,"BrF",90,27
"11119",14267,4082,3087,"BrM",90,27
"11120",14268,4082,5167,"SEEN1",90,27
"11121",14269,4083,1501,"BrF",90,28
"11122",14270,4083,3618,"BrM",90,28
"11123",14271,4083,1857,"ABX",90,28
"11124",14272,4084,5163,"BrF",90,30
"11125",14273,4084,5072,"BrM",90,30
"11126",14275,4085,3497,"BrF",90,32
"11127",14276,4085,1611,"BrM",90,32
"11128",14277,4086,4941,"BrF",90,33
"11129",14278,4086,3615,"BrM",90,33
"11130",14279,4087,1864,"BrF",90,34
"11131",14280,4087,1542,"BrM",90,34
"11132",14281,4088,1824,"BrF",90,36
"11133",14282,4088,4967,"BrM",90,36
"11134",14284,4089,1415,"BrF",90,39
"11135",14285,4089,1743,"TBRM",90,39
"11136",14286,4089,4890,"BrM",90,39
"11137",14287,4090,3462,"BrF",90,40
"11138",14288,4090,3093,"BrM",90,40
"11139",14289,4090,5198,"SEEN1",90,40
"11140",14290,4091,4969,"BrF",90,42
"11141",14291,4091,1543,"BrM",90,42
"11142",14293,4092,5140,"BrF",90,43
"11143",14294,4092,1029,"BrM",90,43
"11144",14298,4092,5299,"OFL",90,43
"11145",14299,4092,4904,"SEEN1",90,43
"11146",14301,4092,1854,"SEEN1",90,43
"11147",14302,4093,4999,"BrF",90,45
"11148",14303,4094,1384,"BrF",90,46
"11149",14304,4094,1868,"BrM",90,46
"11150",14305,4094,4973,"H",90,46
"11151",14306,4095,1765,"BrF",90,47
"11152",14307,4095,1752,"BrM",90,47
"11153",14308,4095,2985,"ABX",90,47
"11154",14309,4095,5125,"ABX",90,47
"11155",14310,4095,5236,"ABX",90,47
"11156",14311,4096,4896,"BrF",90,48
"11157",14312,4096,2990,"BrM",90,48
"11158",14313,4096,5237,"ABX",90,48
"11159",14315,4097,3608,"BrF",90,50
"11160",14316,4097,1553,"BrM",90,50
"11161",14317,4097,5247,"ABX",90,50
"11162",14319,4098,1361,"BrF",90,51
"11163",14320,4098,1698,"BrM",90,51
"11164",14321,4098,5155,"ABX",90,51
"11165",14322,4098,5279,"OFL",90,51
"11166",14323,4099,3094,"BrF",90,53
"11167",14324,4099,5170,"BrM",90,53
"11168",14326,4099,5284,"SEEN1",90,53
"11169",14327,4100,1821,"BrF",90,54
"11170",14328,4100,1504,"BrM",90,54
"11171",14329,4100,5144,"SEEN1",90,54
"11172",14330,4101,2968,"BrF",90,55
"11173",14331,4101,1769,"BrM",90,55
"11174",14332,4101,4960,"ABX",90,55
"11175",14333,4101,5249,"SEEN1",90,55
"11176",14334,4102,2959,"BrF",90,57
"11177",14335,4102,3515,"BrM",90,57
"11178",14338,4103,1757,"BrF",90,58
"11179",14339,4103,1523,"BrM",90,58
"11180",14340,4103,5294,"FL",90,58
"11181",14341,4104,3022,"BrF",90,59
"11182",14342,4104,3696,"BrM",90,59
"11183",14343,4104,5293,"OFL",90,59
"11184",14344,4104,5292,"OFL",90,59
"11185",14345,4105,3453,"BrF",90,60
"11186",14346,4105,1744,"BrM",90,60
"11187",14348,4106,1827,"BrF",90,61
"11188",14349,4106,4934,"BrM",90,61
"11189",14350,4107,5079,"BrF",90,62
"11190",14351,4107,5260,"ABX",90,62
"11191",14352,4107,5290,"OFL",90,62
"11192",14353,4108,1042,"BrF",90,63
"11193",14354,4108,1577,"BrM",90,63
"11194",14355,4108,5123,"H",90,63
"11195",14357,4109,1558,"BrF",90,66
"11196",14358,4109,5262,"ABX",90,66
"11197",14359,4109,5278,"OFL",90,66
"11198",14360,4110,1305,"BrF",90,67
"11199",14361,4110,4972,"BrM",90,67
"11200",14362,4110,3694,"SEEN1",90,67
"11201",14363,4111,4971,"BrF",90,68
"11202",14364,4111,1897,"BrM",90,68
"11203",14365,4111,5235,"ABX",90,68
"11204",14366,4112,869,"BrF",90,69
"11205",14367,4112,453,"BrM",90,69
"11206",14368,4113,1782,"BrF",90,70
"11207",14369,4113,1881,"BrM",90,70
"11208",14370,4114,4917,"BrF",90,71
"11209",14371,4114,5144,"BrM",90,71
"11210",14372,4114,5224,"ABX",90,71
"11211",14373,4115,1805,"BrF",90,72
"11212",14374,4115,3505,"ABX",90,72
"11213",14375,4115,5280,"FL",90,72
"11214",14376,4115,5249,"SEEN1",90,72
"11215",14377,4115,5077,"SEEN2",90,72
"11216",14378,4116,1664,"TBRF",90,74
"11217",14379,4116,1031,"BrM",90,74
"11218",14380,4116,5168,"BrF",90,74
"11219",14381,4116,4904,"SEEN1",90,74
"11220",14382,4117,2989,"BrF",90,75
"11221",14383,4117,1766,"BrM",90,75
"11222",14384,4117,5213,"SEEN1",90,75
"11223",14385,4118,1852,"BrF",90,76
"11224",14386,4118,4888,"BrM",90,76
"11225",14387,4119,4958,"BrF",90,77
"11226",14388,4119,4888,"BrM",90,77
"11227",14390,4120,1803,"BrF",90,79
"11228",14391,4120,1802,"BrM",90,79
"11229",14392,4120,1819,"ABX",90,79
"11230",14393,4120,5275,"OFL",90,79
"11231",14396,4121,3516,"BrF",90,80
"11232",14397,4121,4944,"BrM",90,80
"11233",14398,4122,1895,"BrF",90,81
"11234",14399,4122,4947,"BrM",90,81
"11235",14400,4122,5212,"ABX",90,81
"11236",14401,4123,2986,"BrF",90,82
"11237",14402,4123,1356,"BrM",90,82
"11238",14403,4124,3567,"BrF",90,83
"11239",14404,4124,1604,"BrM",90,83
"11240",14405,4125,1491,"BrF",90,85
"11241",14406,4125,5008,"BrM",90,85
"11242",14407,4125,5287,"FL",90,85
"11243",14408,4126,2978,"BrF",90,86
"11244",14409,4126,3089,"BrM",90,86
"11245",14410,4126,2963,"H",90,86
"11246",14412,4126,5276,"OFL",90,86
"11247",14413,4127,5174,"BrF",90,87
"11248",14414,4127,1722,"BrM",90,87
"11249",14415,4128,4904,"BrF",90,88
"11250",14416,4128,1196,"BrM",90,88
"11251",14417,4129,5216,"ABX",90,90
"11252",14418,4129,3595,"BrF",90,90
"11253",14420,4129,5217,"SEEN1",90,90
"11254",14421,4130,1717,"BrF",90,92
"11255",14422,4130,4954,"BrM",90,92
"11256",14423,4130,5283,"FL",90,92
"11257",14424,4131,1195,"BrF",90,94
"11258",14425,4131,1871,"BrM",90,94
"11259",14426,4131,5249,"SEEN1",90,94
"11260",14427,4132,5117,"BrF",90,95
"11261",14428,4132,4872,"BrM",90,95
"11262",14429,4132,5266,"SEEN1",90,95
"11263",14430,4133,4935,"BrF",90,96
"11264",14431,4133,4948,"BrM",90,96
"11265",14432,4133,5118,"H",90,96
"11266",14434,4134,1438,"BrF",90,98
"11267",14435,4134,1708,"BrM",90,98
"11268",14436,4135,3604,"BrF",90,99
"11269",14437,4135,1533,"BrM",90,99
"11270",14438,4136,3606,"BrF",90,100
"11271",14439,4136,1394,"BrM",90,100
"11272",14440,4136,5285,"ABX",90,100
"11273",14441,4136,5288,"FL",90,100
"11274",14442,4137,3518,"BrF",90,101
"11275",14443,4137,3454,"BrM",90,101
"11276",14445,4138,5128,"BrF",90,105
"11277",14446,4138,3458,"BrM",90,105
"11278",14447,4139,1851,"BrF",90,108
"11279",14448,4139,5220,"ABX",90,108
"11280",14450,4140,1580,"BrF",90,109
"11281",14451,4140,3643,"BrM",90,109
"11282",14452,4140,5119,"ABX",90,109
"11283",14453,4141,3645,"BrF",90,110
"11284",14454,4141,5215,"BrM",90,110
"11285",14455,4141,3644,"ABX",90,110
"11286",14460,4141,5300,"OFL",90,110
"11287",14462,4142,1576,"BrF",90,111
"11288",14463,4142,5161,"BrM",90,111
"11289",14464,4143,3444,"BrF",90,112
"11290",14465,4143,1731,"BrM",90,112
"11291",14466,4143,4887,"ABX",90,112
"11292",14467,4143,5265,"ABX",90,112
"11293",14468,4143,4888,"SEEN1",90,112
"11294",14469,4144,1685,"BrF",90,116
"11295",14470,4144,3486,"BrM",90,116
"11296",14471,4144,4956,"ABX",90,116
"11297",14472,4145,3698,"BrF",90,118
"11298",14473,4145,1489,"BrM",90,118
"11299",14474,4145,5242,"SEEN2",90,118
"11300",14475,4146,4803,"BrF",90,121
"11301",14476,4146,1829,"BrM",90,121
"11302",14477,4146,5141,"SEEN1",90,121
"11303",14478,4147,3694,"BrF",90,123
"11304",14479,4147,3005,"BrM",90,123
"11305",14480,4148,1401,"BrF",90,125
"11306",14481,4148,1877,"BrM",90,125
"11307",14482,4148,3596,"ABX",90,125
"11308",14483,4148,5217,"ABX",90,125
"11309",14484,4148,5141,"SEEN1",90,125
"11310",14485,4149,1563,"BrF",90,126
"11311",14486,4149,3617,"BrM",90,126
"11312",14487,4149,3491,"H",90,126
"11313",14488,4149,3641,"ABX",90,126
"11314",14489,4149,5169,"ABX",90,126
"11315",14490,4149,5212,"SEEN1",90,126
"11316",14491,4150,4965,"BrF",90,127
"11317",14492,4150,1616,"BrM",90,127
"11318",14493,4150,5277,"OFL",90,127
"11319",14495,4151,3700,"BrF",90,128
"11320",14496,4151,4933,"BrM",90,128
"11321",14498,4152,1678,"BrF",90,129
"11322",14499,4152,1412,"BrM",90,129
"11323",14500,4152,5173,"ABX",90,129
"11324",14501,4153,4868,"BrF",90,134
"11325",14502,4153,1886,"BrM",90,134
"11326",14503,4154,3002,"BrF",90,135
"11327",14504,4154,1581,"BrM",90,135
"11328",14508,4154,5301,"OFL",90,135
"11329",14510,4155,3574,"BrF",90,137
"11330",14511,4155,4866,"BrM",90,137
"11331",14512,4155,5226,"ABX",90,137
"11332",14515,4156,3451,"BrF",90,138
"11333",14516,4156,1801,"BrM",90,138
"11334",14517,4156,5269,"SEEN2",90,138
"11335",14518,4156,5281,"FL",90,138
"11336",14519,4157,1172,"BrF",90,139
"11337",14520,4157,1171,"BrM",90,139
"11338",14521,4158,5080,"SEEN2",90,140
"11339",14522,4158,1494,"BrM",90,140
"11340",14523,4159,3695,"BrF",90,154
"11341",14524,4159,1869,"BrM",90,154
"11342",14525,4159,5132,"SEEN1",90,154
"11343",14526,4159,5128,"SEEN1",90,154
"11344",14527,4160,4885,"BrF",90,155
"11345",14528,4160,4953,"BrM",90,155
"11346",14530,4160,5080,"SEEN1",90,155
"11347",14531,4161,5075,"BrF",90,157
"11348",14532,4161,5000,"BrM",90,157
"11349",14533,4162,4861,"BrF",90,159
"11350",14534,4162,5116,"BrM",90,159
"11351",14535,4163,5121,"BrM",90,160
"11352",14536,4164,1043,"BrF",90,165
"11353",14537,4164,4957,"BrM",90,165
"11354",14538,4164,5291,"OFL",90,165
"11355",14539,4165,5172,"BrM",90,167
"11356",14540,4166,3517,"BrF",90,168
"11357",14542,4166,4910,"SEEN1",90,168
"11358",14543,4167,3699,"BrF",90,169
"11359",14544,4167,5076,"BrM",90,169
"11360",14545,4167,5240,"ABX",90,169
"11361",14546,4168,1872,"BrF",90,171
"11362",14547,4168,1777,"BrM",90,171
"11363",14548,4168,5161,"SEEN1",90,171
"11364",14549,4168,4887,"SEEN2",90,171
"11365",14550,4168,1819,"SEEN1",90,171
"11366",14551,4168,1196,"SEEN1",90,171
"11367",14552,4169,1716,"BrF",90,173
"11368",14553,4169,4892,"BrM",90,173
"11369",14554,4169,5145,"ABX",90,173
"11370",14555,4169,2976,"SEEN1",90,173
"11371",14556,4170,5162,"BrF",90,174
"11372",14557,4170,5077,"BrM",90,174
"11373",14558,4171,4883,"BrF",90,177
"11374",14559,4171,5133,"BrM",90,177
"11375",14560,4172,1798,"BrF",90,178
"11376",14561,4172,2974,"BrM",90,178
"11377",14563,4172,5302,"FL",90,178
"11378",14564,4173,5268,"BrF",90,179
"11379",14565,4173,2991,"BrM",90,179
"11380",14566,4173,5194,"SEEN1",90,179
"11381",14567,4174,3594,"BrF",90,172
"11382",14568,4174,5099,"BrM",90,172
"11383",14569,4175,4942,"BrF",90,403
"11384",14570,4175,3576,"BrM",90,403
"11385",14572,4175,5204,"SEEN1",90,403
"11386",14573,4176,3569,"BrF",90,407
"11387",14574,4176,3456,"BrM",90,407
"11388",14575,4176,3616,"ABX",90,407
"11389",14576,4176,5204,"ABX",90,407
"11390",14577,4177,3590,"BrF",90,478
"11391",14578,4177,4854,"BrM",90,478
"11392",14579,4177,4959,"SEEN1",90,478
"11393",14580,4178,4938,"BrF",90,474
"11394",14581,4178,3019,"BrM",90,474
"11395",14582,4179,4871,"BrF",90,480
"11396",14583,4179,4860,"BrM",90,480
"11397",14584,4180,4970,"BrF",90,479
"11398",14585,4180,4805,"BrM",90,479
"11399",14586,4180,5155,"SEEN1",90,479
"11400",14587,4180,4938,"SEEN1",90,479
"11401",14588,4181,1707,"BrF",90,477
"11402",14589,4181,1710,"BrM",90,477
"11403",14590,4181,4936,"H",90,477
"11404",14591,4182,5256,"BrF",90,472
"11405",14592,4182,1783,"BrM",90,472
"11406",14593,4183,4961,"BrF",90,481
"11407",14594,4183,5167,"BrM",90,481
"11408",14595,4184,5194,"FLOAT",90,-3
"11409",14596,4185,5249,"FLOAT",90,-3
"11410",14597,4186,5141,"FLOAT",90,-3
"11411",14598,4187,5284,"FLOAT",90,-3
"11412",14601,4188,912,"BrF",82,1
"11413",14602,4188,1750,"BrM",82,1
"11414",14603,4188,4829,"ABX",82,1
"11415",14604,4189,2984,"BrF",82,2
"11416",14606,4189,2960,"BrM",82,2
"11417",14608,4190,1763,"BrF",82,3
"11418",14609,4190,2980,"BrM",82,3
"11419",14610,4190,3086,"H",82,3
"11420",14611,4190,4874,"ABX",82,3
"11421",14612,4190,4882,"ABX",82,3
"11422",14616,4191,4939,"ABX",82,4
"11423",14617,4191,5071,"OFL",82,4
"11424",14618,4191,1532,"BrF",82,4
"11425",14619,4191,911,"BrM",82,4
"11426",14620,4191,5138,"FL",82,4
"11427",14621,4191,1804,"ABX",82,4
"11428",14622,4192,1740,"BrF",82,5
"11429",14623,4192,1187,"BrM",82,5
"11430",14624,4193,1509,"BrM",82,7
"11431",14625,4193,4938,"ABX",82,7
"11432",14626,4193,1791,"BrF",82,7
"11433",14627,4194,497,"BrM",82,8
"11434",14629,4194,1660,"ABX",82,8
"11435",14630,4194,1605,"BrF",82,8
"11436",14631,4195,1826,"BrF",82,9
"11437",14632,4195,1499,"BrM",82,9
"11438",14633,4195,4917,"ABX",82,9
"11439",14634,4195,5127,"FL",82,9
"11440",14635,4196,5078,"ABX",82,11
"11441",14636,4196,1614,"BrF",82,11
"11442",14637,4196,1767,"BrM",82,11
"11443",14638,4197,930,"BrF",82,12
"11444",14639,4197,3519,"BrM",82,12
"11445",14641,4198,1778,"BrF",82,13
"11446",14642,4198,1607,"BrM",82,13
"11447",14643,4198,3463,"ABX",82,13
"11448",14645,4199,3500,"BrF",82,14
"11449",14646,4199,2988,"BrM",82,14
"11450",14647,4199,4969,"ABX",82,14
"11451",14649,4200,4878,"H",82,15
"11452",14651,4200,1762,"BrM",82,15
"11453",14652,4200,1589,"BrF",82,15
"11454",14653,4201,3612,"BrM",82,16
"11455",14654,4201,5099,"ABX",82,16
"11456",14656,4201,1753,"BrF",82,16
"11457",14657,4202,5134,"FL",82,20
"11458",14658,4202,3085,"BrF",82,20
"11459",14659,4202,1729,"BrM",82,20
"11460",14661,4203,4897,"ABX",82,22
"11461",14662,4203,1824,"H",82,22
"11462",14663,4203,1795,"BrM",82,22
"11463",14664,4203,1419,"BrF",82,22
"11464",14665,4204,1559,"BrF",82,23
"11465",14666,4204,1702,"BrM",82,23
"11466",14668,4205,2966,"BrM",82,24
"11467",14669,4205,1510,"BrF",82,24
"11468",14670,4205,4890,"ABX",82,24
"11469",14671,4206,3449,"BrF",82,25
"11470",14672,4206,2962,"BrM",82,25
"11471",14673,4206,4902,"ABX",82,25
"11472",14674,4206,5142,"FL",82,25
"11473",14675,4206,4903,"ABX",82,25
"11474",14676,4207,3446,"BrF",82,26
"11475",14677,4207,5139,"FL",82,26
"11476",14678,4207,1848,"BrM",82,26
"11477",14679,4207,5073,"ABX",82,26
"11478",14680,4208,3490,"BrF",82,27
"11479",14681,4208,3087,"BrM",82,27
"11480",14683,4209,4967,"ABX",82,28
"11481",14684,4209,1501,"BrF",82,28
"11482",14685,4209,4875,"AB",82,28
"11483",14686,4209,4940,"ABX",82,28
"11484",14687,4209,1857,"H",82,28
"11485",14688,4209,3618,"BrM",82,28
"11486",14689,4210,1503,"BrF",82,30
"11487",14690,4210,507,"BrM",82,30
"11488",14691,4210,4877,"ABX",82,30
"11489",14693,4211,3497,"BrF",82,32
"11490",14694,4211,1611,"BrM",82,32
"11491",14695,4211,5147,"FL",82,32
"11492",14696,4212,503,"BrF",82,33
"11493",14697,4212,3615,"BrM",82,33
"11494",14698,4213,1864,"BrF",82,34
"11495",14699,4213,1542,"BrM",82,34
"11496",14702,4214,1787,"BrM",82,36
"11497",14703,4214,1536,"BrF",82,36
"11498",14704,4215,3646,"BrF",82,38
"11499",14705,4215,3456,"BrM",82,38
"11500",14706,4216,4876,"ABX",82,39
"11501",14707,4216,4941,"ABX",82,39
"11502",14708,4216,3017,"SEEN1",82,39
"11503",14709,4216,1766,"ABX",82,39
"11504",14710,4216,1743,"BrM",82,39
"11505",14711,4216,1415,"BrF",82,39
"11506",14713,4217,3462,"BrF",82,40
"11507",14714,4217,3093,"BrM",82,40
"11508",14715,4218,5141,"FL",82,42
"11509",14716,4218,3487,"BrF",82,42
"11510",14717,4218,1543,"BrM",82,42
"11511",14718,4218,4970,"ABX",82,42
"11512",14719,4219,4904,"ABX",82,43
"11513",14720,4219,5140,"FL",82,43
"11514",14722,4219,1029,"BrM",82,43
"11515",14723,4219,1854,"BrF",82,43
"11516",14724,4220,2981,"BrF",82,45
"11517",14725,4220,3464,"BrM",82,45
"11518",14728,4220,5303,"FL",82,45
"11519",14729,4221,1384,"BrF",82,46
"11520",14730,4221,1868,"BrM",82,46
"11521",14732,4221,4973,"ABX",82,46
"11522",14733,4222,5125,"FL",82,47
"11523",14734,4222,4885,"SEEN1",82,47
"11524",14735,4222,1752,"BrM",82,47
"11525",14736,4222,2985,"H",82,47
"11526",14737,4222,5072,"OFL",82,47
"11527",14738,4222,5074,"OFL",82,47
"11528",14739,4222,5126,"FL",82,47
"11529",14740,4222,1765,"BrF",82,47
"11530",14741,4223,2990,"BrM",82,48
"11531",14742,4223,5009,"ABX",82,48
"11532",14743,4223,5131,"FL",82,48
"11533",14744,4223,1193,"BrF",82,48
"11534",14745,4224,3608,"BrF",82,50
"11535",14746,4224,1553,"BrM",82,50
"11536",14747,4224,5144,"FL",82,50
"11537",14748,4225,3452,"H",82,51
"11538",14749,4225,4961,"AB",82,51
"11539",14750,4225,1698,"BrM",82,51
"11540",14752,4225,1361,"BrF",82,51
"11541",14753,4225,5155,"FL",82,51
"11542",14754,4226,3094,"BrF",82,53
"11543",14755,4226,1739,"BrM",82,53
"11544",14756,4226,4965,"ABX",82,53
"11545",14758,4227,1821,"BrF",82,54
"11546",14759,4227,1504,"BrM",82,54
"11547",14760,4228,1769,"BrM",82,55
"11548",14761,4228,5076,"OFL",82,55
"11549",14762,4228,1800,"ABX",82,55
"11550",14763,4228,2968,"BrF",82,55
"11551",14764,4228,4960,"ABX",82,55
"11552",14765,4229,2959,"BrF",82,57
"11553",14766,4229,1831,"BrM",82,57
"11554",14768,4230,4999,"AB",82,58
"11555",14769,4230,1523,"BrM",82,58
"11556",14770,4230,1757,"BrF",82,58
"11557",14771,4230,5149,"FL",82,58
"11558",14772,4231,3696,"BrM",82,59
"11559",14773,4231,3022,"BrF",82,59
"11560",14775,4232,3453,"BrF",82,60
"11561",14776,4232,1744,"BrM",82,60
"11562",14777,4232,4934,"ABX",82,60
"11563",14778,4232,4933,"ABX",82,60
"11564",14780,4232,3515,"ABX",82,60
"11565",14781,4233,1827,"BrF",82,61
"11566",14782,4233,1783,"BrM",82,61
"11567",14783,4233,4937,"ABX",82,61
"11568",14784,4233,4936,"ABX",82,61
"11569",14785,4233,3617,"ABX",82,61
"11570",14786,4234,1538,"BrF",82,62
"11571",14787,4234,1539,"BrM",82,62
"11572",14788,4235,1577,"BrM",82,63
"11573",14789,4235,5123,"FL",82,63
"11574",14790,4235,1042,"BrF",82,63
"11575",14791,4235,3688,"SEEN1",82,63
"11576",14792,4236,1558,"BrF",82,66
"11577",14793,4236,3021,"BrM",82,66
"11578",14795,4237,1305,"BrF",82,67
"11579",14796,4237,4972,"BrM",82,67
"11580",14797,4237,1595,"TBRM",82,67
"11581",14798,4237,4898,"ABX",82,67
"11582",14800,4238,1669,"BrF",82,68
"11583",14801,4238,4971,"ABX",82,68
"11584",14802,4238,1897,"BrM",82,68
"11585",14803,4239,869,"BrF",82,69
"11586",14804,4239,453,"BrM",82,69
"11587",14805,4240,1782,"BrF",82,70
"11588",14806,4240,1881,"BrM",82,70
"11589",14807,4240,3604,"ABX",82,70
"11590",14808,4241,1244,"BrF",82,71
"11591",14811,4241,4894,"ABX",82,71
"11592",14812,4241,1742,"BrM",82,71
"11593",14813,4241,4896,"ABX",82,71
"11594",14814,4241,5075,"SEEN1",82,71
"11595",14815,4243,1774,"BrM",82,72
"11596",14816,4243,5077,"OFL",82,72
"11597",14817,4243,4892,"ABX",82,72
"11598",14818,4243,1805,"BrF",82,72
"11599",14819,4243,3505,"H",82,72
"11600",14820,4243,4871,"ABX",82,72
"11601",14821,4244,1664,"BrF",82,74
"11602",14822,4244,1031,"BrM",82,74
"11603",14823,4245,4912,"SEEN1",82,75
"11604",14824,4245,2989,"BrF",82,75
"11605",14825,4245,2964,"BrM",82,75
"11606",14826,4245,4861,"H",82,75
"11607",14829,4246,4881,"BrM",82,76
"11608",14830,4246,1852,"BrF",82,76
"11609",14832,4247,1710,"BrM",82,77
"11610",14833,4247,4888,"AB",82,77
"11611",14834,4247,5137,"FL",82,77
"11612",14835,4247,1707,"BrF",82,77
"11613",14836,4248,3516,"ABX",82,79
"11614",14837,4248,1819,"ABX",82,79
"11615",14838,4248,1802,"BrM",82,79
"11616",14839,4248,1803,"BrF",82,79
"11617",14840,4249,1566,"BrM",82,80
"11618",14841,4249,5008,"ABX",82,80
"11619",14842,4249,2983,"BrF",82,80
"11620",14843,4250,1895,"BrF",82,81
"11621",14844,4250,1754,"BrM",82,81
"11622",14845,4251,2986,"BrF",82,82
"11623",14846,4251,1356,"BrM",82,82
"11624",14847,4252,3567,"BrF",82,83
"11625",14848,4252,1604,"BrM",82,83
"11626",14849,4252,5146,"FL",82,83
"11627",14850,4253,1491,"BrF",82,85
"11628",14851,4253,1823,"BrM",82,85
"11629",14852,4253,4950,"ABX",82,85
"11630",14853,4253,5150,"CH",82,85
"11631",14854,4254,2963,"H",82,86
"11632",14855,4254,5136,"FL",82,86
"11633",14856,4254,5135,"CH",82,86
"11634",14857,4254,5080,"SEEN1",82,86
"11635",14858,4254,4915,"ABX",82,86
"11636",14859,4254,3089,"BrM",82,86
"11637",14860,4254,2978,"BrF",82,86
"11638",14861,4254,4912,"ABX",82,86
"11639",14862,4254,4886,"ABX",82,86
"11640",14863,4255,4952,"ABX",82,87
"11641",14864,4255,1437,"BrF",82,87
"11642",14865,4255,1722,"BrM",82,87
"11643",14866,4256,1779,"BrF",82,88
"11644",14868,4256,1196,"BrM",82,88
"11645",14869,4257,3457,"BrM",82,90
"11646",14871,4257,3595,"BrF",82,90
"11647",14872,4258,1717,"BrF",82,92
"11648",14873,4258,3570,"BrM",82,92
"11649",14874,4259,5133,"SEEN1",82,93
"11650",14875,4259,5080,"ABX",82,93
"11651",14877,4259,1697,"BrF",82,93
"11652",14878,4259,4884,"ABX",82,93
"11653",14879,4259,1796,"BrM",82,93
"11654",14880,4260,1195,"BrF",82,94
"11655",14881,4260,1871,"BrM",82,94
"11656",14882,4260,4944,"SEEN1",82,94
"11657",14883,4261,4908,"ABX",82,95
"11658",14884,4261,5157,"CH",82,95
"11659",14885,4261,4872,"BrM",82,95
"11660",14886,4261,1170,"BrF",82,95
"11661",14887,4262,4948,"BrM",82,96
"11662",14889,4262,5118,"SEEN1",82,96
"11663",14890,4263,1438,"BrF",82,98
"11664",14891,4263,1708,"BrM",82,98
"11665",14892,4263,5151,"CH",82,98
"11666",14893,4263,5152,"CH",82,98
"11667",14894,4264,4954,"ABX",82,99
"11668",14895,4264,1533,"BrM",82,99
"11669",14896,4264,3580,"BrF",82,99
"11670",14897,4265,472,"BrF",82,100
"11671",14898,4265,1394,"BrM",82,100
"11672",14899,4265,3606,"ABX",82,100
"11673",14900,4266,3518,"BrF",82,101
"11674",14901,4266,3454,"BrM",82,101
"11675",14902,4267,3458,"BrM",82,105
"11676",14903,4267,5130,"FL",82,105
"11677",14904,4267,3090,"BrF",82,105
"11678",14905,4268,1199,"BrM",82,108
"11679",14906,4268,1851,"BrF",82,108
"11680",14907,4269,1580,"BrF",82,109
"11681",14908,4269,3643,"BrM",82,109
"11682",14909,4269,5119,"FL",82,109
"11683",14910,4270,4947,"OFL",82,110
"11684",14911,4270,1865,"BrF",82,110
"11685",14912,4270,4946,"ABX",82,110
"11686",14913,4270,1018,"BrM",82,110
"11687",14914,4270,3645,"H",82,110
"11688",14915,4271,1576,"BrF",82,111
"11689",14916,4271,1512,"BrM",82,111
"11690",14917,4272,1790,"BrF",82,112
"11691",14918,4272,1731,"BrM",82,112
"11692",14919,4272,3444,"H",82,112
"11693",14920,4272,4887,"ABX",82,112
"11694",14922,4273,3501,"BrF",82,113
"11695",14923,4273,3644,"BrM",82,113
"11696",14924,4274,4956,"AB",82,116
"11697",14925,4274,3486,"BrM",82,116
"11698",14926,4274,1685,"BrF",82,116
"11699",14927,4275,5132,"ABX",82,118
"11700",14928,4275,1489,"BrM",82,118
"11701",14929,4275,5121,"FL",82,118
"11702",14930,4275,3698,"BrF",82,118
"11703",14931,4276,4803,"BrF",82,121
"11704",14932,4276,1829,"BrM",82,121
"11705",14933,4277,3694,"BrF",82,123
"11706",14934,4277,3005,"BrM",82,123
"11707",14935,4278,1401,"BrF",82,125
"11708",14936,4278,1877,"ABX",82,125
"11709",14937,4278,5156,"CH",82,125
"11710",14938,4278,1788,"BrM",82,125
"11711",14940,4278,3596,"ABX",82,125
"11712",14942,4279,510,"BrM",82,126
"11713",14943,4279,3491,"H",82,126
"11714",14944,4279,3641,"ABX",82,126
"11715",14945,4279,1563,"BrF",82,126
"11716",14946,4280,1616,"BrM",82,127
"11717",14947,4280,1024,"BrF",82,127
"11718",14948,4281,1867,"BrM",82,128
"11719",14950,4281,3700,"BrF",82,128
"11720",14951,4282,1678,"BrF",82,129
"11721",14952,4282,1412,"BrM",82,129
"11722",14954,4283,1886,"BrM",82,134
"11723",14955,4283,4862,"SEEN1",82,134
"11724",14956,4283,4868,"BrF",82,134
"11725",14958,4284,1581,"BrM",82,135
"11726",14960,4284,5000,"H",82,135
"11727",14961,4284,5117,"FL",82,135
"11728",14962,4284,3002,"BrF",82,135
"11729",14963,4285,5116,"ABX",82,137
"11730",14964,4285,4866,"BrM",82,137
"11731",14965,4285,3574,"BrF",82,137
"11732",14966,4286,1801,"BrM",82,138
"11733",14967,4286,3451,"BrF",82,138
"11734",14968,4287,1171,"BrM",82,139
"11735",14969,4287,1172,"BrF",82,139
"11736",14970,4287,5148,"FL",82,139
"11737",14971,4287,4958,"ABX",82,139
"11738",14972,4288,1617,"BrF",82,140
"11739",14974,4288,1494,"BrM",82,140
"11740",14975,4289,5153,"FL",82,144
"11741",14976,4289,3507,"BrF",82,144
"11742",14977,4289,1587,"BrM",82,144
"11743",14978,4289,4907,"ABX",82,144
"11744",14979,4289,5154,"FL",82,144
"11745",14980,4290,1869,"BrM",82,154
"11746",14981,4290,1789,"BrF",82,154
"11747",14982,4290,5129,"FL",82,154
"11748",14983,4290,5128,"FL",82,154
"11749",14984,4291,4953,"BrM",82,155
"11750",14985,4291,5075,"SEEN2",82,155
"11751",14986,4291,3695,"BrF",82,155
"11752",14987,4292,3650,"BrF",82,159
"11753",14988,4292,3578,"BrM",82,159
"11754",14990,4293,1890,"BrM",82,160
"11755",14991,4293,563,"BrF",82,160
"11756",14992,4294,1682,"BrM",82,165
"11757",14993,4294,5122,"FL",82,165
"11758",14994,4294,4919,"H",82,165
"11759",14995,4294,1043,"BrF",82,165
"11760",14996,4295,3691,"ABX",82,167
"11761",14997,4295,3600,"BrM",82,167
"11762",15000,4296,3517,"BrF",82,168
"11763",15002,4296,4910,"ABX",82,168
"11764",15003,4296,1593,"BrM",82,168
"11765",15004,4297,1155,"SEEN1",82,169
"11766",15005,4297,4972,"ABX",82,169
"11767",15006,4297,1808,"BrM",82,169
"11768",15007,4297,3699,"BrF",82,169
"11769",15008,4298,1777,"BrM",82,171
"11770",15009,4298,4944,"ABX",82,171
"11771",15011,4298,1872,"BrF",82,171
"11772",15012,4299,1716,"BrF",82,173
"11773",15013,4299,2976,"BrM",82,173
"11774",15014,4299,5079,"AB",82,173
"11775",15016,4299,4871,"SEEN1",82,173
"11776",15019,4300,4918,"ABX",82,174
"11777",15020,4300,1579,"BrM",82,174
"11778",15022,4301,2982,"BrF",82,177
"11779",15023,4301,3460,"BrM",82,177
"11780",15024,4301,4957,"ABX",82,177
"11781",15025,4302,2974,"BrM",82,178
"11782",15026,4302,1798,"BrF",82,178
"11783",15027,4303,4879,"ABX",82,179
"11784",15028,4303,4949,"BrF",82,179
"11785",15029,4303,3003,"TBRF",82,179
"11786",15030,4303,2991,"BrM",82,179
"11787",15031,4304,3594,"BrF",82,172
"11788",15032,4304,3445,"BrM",82,172
"11789",15033,4305,4942,"BrF",82,403
"11790",15034,4305,3576,"BrM",82,403
"11791",15035,4306,5120,"FL",82,407
"11792",15036,4306,3569,"BrF",82,407
"11793",15037,4306,4873,"BrM",82,407
"11794",15038,4306,3616,"H",82,407
"11795",15039,4307,3590,"BrF",82,478
"11796",15040,4307,4854,"BrM",82,478
"11797",15041,4307,4959,"ABX",82,478
"11798",15042,4308,3688,"BrF",82,474
"11799",15043,4308,3019,"BrM",82,474
"11800",15044,4309,4883,"FLOAT",82,-3
"11801",15045,4310,4870,"FLOAT",82,-3
"11802",15046,4311,3572,"FLOAT",82,-3
"11803",15047,4312,912,"BrF",85,1
"11804",15048,4312,1750,"BrM",85,1
"11805",15049,4312,4829,"ABX",85,1
"11806",15050,4313,2984,"BrF",85,2
"11807",15051,4313,2960,"BrM",85,2
"11808",15052,4314,1763,"BrF",85,3
"11809",15053,4314,2980,"BrM",85,3
"11810",15054,4314,3086,"ABX",85,3
"11811",15055,4314,4882,"ABX",85,3
"11812",15057,4315,1532,"BrF",85,4
"11813",15058,4315,911,"BrM",85,4
"11814",15059,4315,1804,"ABX",85,4
"11815",15060,4315,5071,"ABX",85,4
"11816",15062,4316,1740,"BrF",85,5
"11817",15063,4316,1187,"BrM",85,5
"11818",15065,4317,1791,"BrF",85,7
"11819",15066,4317,1509,"BrM",85,7
"11820",15068,4319,1605,"BrF",85,8
"11821",15069,4319,4939,"BrM",85,8
"11822",15070,4319,1660,"ABX",85,8
"11823",15072,4320,1826,"BrF",85,9
"11824",15073,4320,1499,"BrM",85,9
"11825",15074,4320,4917,"ABX",85,9
"11826",15075,4320,5127,"SEEN2",85,9
"11827",15076,4321,1614,"BrF",85,11
"11828",15077,4321,4902,"BrM",85,11
"11829",15078,4321,5078,"ABX",85,11
"11830",15079,4322,930,"BrF",85,12
"11831",15080,4322,3519,"BrM",85,12
"11832",15082,4323,4964,"BrF",85,13
"11833",15083,4323,1607,"BrM",85,13
"11834",15084,4322,5166,"ABX",85,12
"11835",15085,4315,4910,"SEEN1",85,4
"11836",15086,4324,3500,"BrF",85,14
"11837",15087,4324,2988,"BrM",85,14
"11838",15088,4324,4969,"ABX",85,14
"11839",15089,4324,5168,"OFL",85,14
"11840",15090,4324,5167,"OFL",85,14
"11841",15091,4325,1762,"BrM",85,15
"11842",15092,4325,1589,"BrF",85,15
"11843",15093,4325,5165,"OFL",85,15
"11844",15094,4326,5099,"ABX",85,16
"11845",15095,4326,3612,"BrM",85,16
"11846",15096,4326,1753,"BrF",85,16
"11847",15098,4327,3085,"BrF",85,20
"11848",15099,4327,1729,"BrM",85,20
"11849",15100,4327,5134,"OFL",85,20
"11850",15101,4328,1824,"ABX",85,22
"11851",15102,4328,1795,"BrM",85,22
"11852",15103,4328,5159,"OFL",85,22
"11853",15104,4328,1419,"BrF",85,22
"11854",15105,4329,1559,"BrF",85,23
"11855",15106,4329,1702,"BrM",85,23
"11856",15107,4330,2966,"BrM",85,24
"11857",15108,4330,4890,"ABX",85,24
"11858",15109,4330,1510,"BrF",85,24
"11859",15111,4331,3449,"BrF",85,25
"11860",15112,4331,4897,"BrM",85,25
"11861",15113,4331,4907,"SEEN1",85,25
"11862",15114,4332,5073,"ABX",85,26
"11863",15115,4332,1848,"BrM",85,26
"11864",15116,4332,3446,"BrF",85,26
"11865",15117,4332,5139,"OFL",85,26
"11866",15118,4333,3087,"BrM",85,27
"11867",15119,4333,3490,"BrF",85,27
"11868",15121,4334,1501,"BrF",85,28
"11869",15122,4334,3618,"BrM",85,28
"11870",15123,4334,4875,"ABX",85,28
"11871",15124,4334,4967,"ABX",85,28
"11872",15125,4334,1857,"NSA",85,28
"11873",15126,4335,1503,"BrF",85,30
"11874",15127,4335,4877,"ABX",85,30
"11875",15128,4335,507,"BrM",85,30
"11876",15129,4336,3497,"BrF",85,32
"11877",15130,4336,5147,"OFL",85,32
"11878",15131,4336,1611,"BrM",85,32
"11879",15132,4337,3615,"BrM",85,33
"11880",15133,4337,503,"BrF",85,33
"11881",15134,4338,1542,"BrM",85,34
"11882",15135,4338,1864,"BrF",85,34
"11883",15136,4339,1787,"BrM",85,36
"11884",15137,4339,1536,"BrF",85,36
"11885",15138,4339,5163,"ABX",85,36
"11886",15139,4339,4870,"ABX",85,36
"11887",15140,4340,3456,"BrM",85,38
"11888",15141,4340,3646,"BrF",85,38
"11889",15142,4341,4941,"ABX",85,39
"11890",15143,4341,4876,"ABX",85,39
"11891",15144,4341,1766,"ABX",85,39
"11892",15145,4341,1743,"BrM",85,39
"11893",15147,4341,1415,"BrF",85,39
"11894",15148,4342,3093,"BrM",85,40
"11895",15149,4342,3462,"BrF",85,40
"11896",15150,4343,3487,"BrF",85,42
"11897",15151,4344,1029,"BrM",85,43
"11898",15152,4344,5140,"OFL",85,43
"11899",15153,4344,4904,"ABX",85,43
"11900",15155,4344,1854,"BrF",85,43
"11901",15156,4345,3464,"BrM",85,45
"11902",15160,4345,5304,"OFL",85,45
"11903",15162,4345,4999,"H",85,45
"11904",15163,4346,1384,"BrF",85,46
"11905",15164,4346,4973,"ABX",85,46
"11906",15166,4346,1868,"BrM",85,46
"11907",15167,4347,1765,"BrF",85,47
"11908",15168,4347,5072,"ABX",85,47
"11909",15169,4347,5074,"ABX",85,47
"11910",15170,4347,2985,"ABX",85,47
"11911",15171,4347,5125,"SEEN2",85,47
"11912",15172,4347,1752,"BrM",85,47
"11913",15173,4348,2990,"BrM",85,48
"11914",15174,4348,4896,"BrF",85,48
"11915",15175,4349,1553,"BrM",85,50
"11916",15176,4349,3608,"BrF",85,50
"11917",15177,4349,5144,"OFL",85,50
"11918",15178,4350,1698,"BrM",85,51
"11919",15179,4350,1361,"BrF",85,51
"11920",15180,4350,4961,"ABX",85,51
"11921",15181,4350,5155,"OFL",85,51
"11922",15182,4351,1739,"BrM",85,53
"11923",15183,4351,3094,"BrF",85,53
"11924",15184,4351,5170,"OFL",85,53
"11925",15185,4351,5169,"OFL",85,53
"11926",15186,4352,1504,"BrM",85,54
"11927",15187,4352,1821,"BrF",85,54
"11928",15188,4353,1769,"BrM",85,55
"11929",15189,4353,5076,"ABX",85,55
"11930",15190,4353,2968,"BrF",85,55
"11931",15191,4353,4960,"ABX",85,55
"11932",15192,4354,2959,"BrF",85,57
"11933",15194,4354,1831,"BrM",85,57
"11934",15195,4355,1757,"BrF",85,58
"11935",15196,4355,5149,"OFL",85,58
"11936",15197,4355,1523,"BrM",85,58
"11937",15198,4356,3022,"BrF",85,59
"11938",15199,4356,3696,"BrM",85,59
"11939",15201,4357,3515,"ABX",85,60
"11940",15202,4357,1744,"BrM",85,60
"11941",15203,4357,3453,"BrF",85,60
"11942",15204,4357,4938,"SEEN1",85,60
"11943",15205,4357,4934,"ABX",85,60
"11944",15207,4357,4933,"ABX",85,60
"11945",15208,4358,1827,"BrF",85,61
"11946",15209,4358,4937,"ABX",85,61
"11947",15210,4358,1783,"BrM",85,61
"11948",15211,4359,1538,"BrF",85,62
"11949",15212,4359,1539,"BrM",85,62
"11950",15213,4360,1042,"BrF",85,63
"11951",15214,4360,5123,"ABX",85,63
"11952",15215,4360,1577,"BrM",85,63
"11953",15217,4361,3021,"BrM",85,66
"11954",15218,4361,1558,"BrF",85,66
"11955",15219,4362,4972,"BrM",85,67
"11956",15220,4362,1305,"BrF",85,67
"11957",15221,4363,4971,"ABX",85,68
"11958",15222,4363,1669,"BrF",85,68
"11959",15223,4363,1897,"BrM",85,68
"11960",15224,4363,5164,"OFL",85,68
"11961",15225,4364,869,"BrF",85,69
"11962",15226,4364,453,"BrM",85,69
"11963",15227,4365,1881,"BrM",85,70
"11964",15228,4365,3604,"ABX",85,70
"11965",15229,4365,1782,"BrF",85,70
"11966",15230,4366,1742,"BrM",85,71
"11967",15231,4366,1244,"ABX",85,71
"11968",15233,4366,4878,"BrF",85,71
"11969",15234,4366,4894,"ABX",85,71
"11970",15235,4367,5077,"ABX",85,72
"11971",15236,4367,3505,"ABX",85,72
"11972",15237,4367,1774,"BrM",85,72
"11973",15238,4367,1805,"BrF",85,72
"11974",15239,4368,1664,"BrF",85,74
"11975",15240,4368,1031,"BrM",85,74
"11976",15241,4369,2964,"BrM",85,75
"11977",15242,4369,2989,"BrF",85,75
"11978",15243,4369,4861,"ABX",85,75
"11979",15244,4370,1852,"BrF",85,76
"11980",15245,4370,4881,"BrM",85,76
"11981",15246,4371,4888,"B",85,77
"11982",15247,4371,1710,"BrM",85,77
"11983",15248,4371,5137,"OFL",85,77
"11984",15249,4371,4958,"B",85,77
"11985",15250,4371,4936,"ABX",85,77
"11986",15252,4371,1707,"BrF",85,77
"11987",15253,4372,1819,"ABX",85,79
"11988",15254,4372,1803,"BrF",85,79
"11989",15255,4372,3516,"ABX",85,79
"11990",15256,4372,1802,"BrM",85,79
"11991",15258,4373,1566,"BrM",85,80
"11992",15259,4373,2983,"BrF",85,80
"11993",15260,4374,1895,"BrF",85,81
"11994",15261,4374,1754,"BrM",85,81
"11995",15262,4375,2986,"BrF",85,82
"11996",15263,4375,1356,"BrM",85,82
"11997",15264,4376,3567,"BrF",85,83
"11998",15265,4376,1604,"BrM",85,83
"11999",15266,4376,5146,"OFL",85,83
"12000",15267,4377,1823,"BrM",85,85
"12001",15268,4377,1491,"BrF",85,85
"12002",15269,4378,2963,"ABX",85,86
"12003",15270,4378,2978,"BrF",85,86
"12004",15271,4378,3089,"BrM",85,86
"12005",15272,4378,4912,"ABX",85,86
"12006",15273,4379,1437,"BrF",85,87
"12007",15274,4379,4952,"ABX",85,87
"12008",15275,4379,1722,"BrM",85,87
"12009",15276,4380,1779,"BrF",85,88
"12010",15277,4380,1196,"BrM",85,88
"12011",15278,4381,3457,"BrM",85,90
"12012",15279,4381,3595,"BrF",85,90
"12013",15280,4382,4954,"BrM",85,92
"12014",15281,4382,1717,"BrF",85,92
"12015",15282,4383,5080,"SEEN1",85,93
"12016",15283,4383,5133,"BrM",85,93
"12017",15284,4384,4944,"SEEN1",85,94
"12018",15286,4384,1195,"BrF",85,94
"12019",15287,4384,1871,"BrM",85,94
"12020",15288,4385,1170,"BrF",85,95
"12021",15289,4385,4872,"BrM",85,95
"12022",15290,4386,4948,"BrM",85,96
"12023",15291,4386,4935,"BrF",85,96
"12024",15292,4386,5118,"ABX",85,96
"12025",15293,4387,1438,"BrF",85,98
"12026",15295,4387,1708,"BrM",85,98
"12027",15296,4388,1533,"BrM",85,99
"12028",15297,4388,3580,"BrF",85,99
"12029",15298,4388,4898,"SEEN1",85,99
"12030",15299,4389,3606,"ABX",85,100
"12031",15300,4389,1394,"BrM",85,100
"12032",15301,4390,3454,"BrM",85,101
"12033",15302,4390,3518,"BrF",85,101
"12034",15303,4391,3090,"BrF",85,105
"12035",15304,4391,3458,"BrM",85,105
"12036",15305,4392,1199,"BrM",85,108
"12037",15306,4392,1851,"BrF",85,108
"12038",15307,4393,3643,"BrM",85,109
"12039",15308,4393,5119,"SEEN1",85,109
"12040",15309,4393,1580,"BrF",85,109
"12041",15310,4394,1018,"NS",85,110
"12042",15311,4394,3645,"BrF",85,110
"12043",15312,4394,4946,"ABX",85,110
"12044",15313,4394,4947,"ABX",85,110
"12045",15314,4395,4940,"BrM",85,111
"12046",15315,4395,1576,"BrF",85,111
"12047",15316,4395,1512,"TBRM",85,111
"12048",15317,4396,3444,"ABX",85,112
"12049",15318,4396,4887,"ABX",85,112
"12050",15319,4396,1790,"BrF",85,112
"12051",15320,4396,1731,"BrM",85,112
"12052",15321,4396,5160,"OFL",85,112
"12053",15322,4397,3644,"BrM",85,113
"12054",15323,4397,3501,"BrF",85,113
"12055",15324,4398,1685,"BrF",85,116
"12056",15325,4398,3486,"BrM",85,116
"12057",15326,4398,4956,"ABX",85,116
"12058",15327,4399,5121,"NSA",85,118
"12059",15328,4399,3698,"BrF",85,118
"12060",15329,4399,1489,"BrM",85,118
"12061",15330,4400,4803,"BrF",85,121
"12062",15331,4400,1829,"BrM",85,121
"12063",15332,4401,3005,"BrM",85,123
"12064",15333,4401,3694,"BrF",85,123
"12065",15334,4402,3596,"ABX",85,125
"12066",15335,4402,1401,"BrF",85,125
"12067",15336,4402,1877,"BrM",85,125
"12068",15339,4404,1024,"NS",85,127
"12069",15340,4403,1563,"BrF",85,126
"12070",15341,4403,3617,"BrM",85,126
"12071",15343,4403,3641,"ABX",85,126
"12072",15344,4403,3491,"ABX",85,126
"12073",15345,4404,1616,"BrM",85,127
"12074",15347,4404,5171,"OFL",85,127
"12075",15348,4404,4965,"SEEN1",85,127
"12076",15349,4404,5000,"SEEN1",85,127
"12077",15350,4405,3700,"BrF",85,128
"12078",15351,4405,1867,"BrM",85,128
"12079",15353,4406,1412,"BrM",85,129
"12080",15354,4406,1678,"BrF",85,129
"12081",15356,4407,1886,"BrM",85,134
"12082",15357,4407,5174,"ABX",85,134
"12083",15359,4408,3002,"BrF",85,135
"12084",15360,4408,5117,"NSA",85,135
"12085",15361,4408,1581,"BrM",85,135
"12086",15362,4408,4847,"SEEN1",85,135
"12087",15363,4409,5116,"SEEN1",85,137
"12088",15364,4409,3574,"BrF",85,137
"12089",15365,4409,4866,"BrM",85,137
"12090",15366,4409,5173,"SEEN1",85,137
"12091",15367,4410,1801,"BrM",85,138
"12092",15368,4410,3451,"BrF",85,138
"12093",15369,4411,1172,"BrF",85,139
"12094",15370,4411,1171,"BrM",85,139
"12095",15371,4412,1494,"BrM",85,140
"12096",15372,4412,1617,"BrF",85,140
"12097",15373,4413,1587,"BrM",85,144
"12098",15374,4413,3507,"BrF",85,144
"12099",15375,4414,1789,"BrF",85,154
"12100",15376,4414,1869,"BrM",85,154
"12101",15377,4414,5128,"OFL",85,154
"12102",15378,4415,4953,"BrM",85,155
"12103",15379,4415,4885,"BrF",85,155
"12104",15382,4416,5075,"SEEN1",85,157
"12105",15383,4417,5116,"SEEN1",85,159
"12106",15384,4417,3650,"BrF",85,159
"12107",15385,4417,3578,"BrM",85,159
"12108",15387,4418,1890,"BrM",85,160
"12109",15388,4418,5132,"BrF",85,160
"12110",15389,4419,1682,"BrM",85,165
"12111",15390,4419,5122,"NS",85,165
"12112",15391,4419,1043,"BrF",85,165
"12113",15392,4419,5172,"SEEN1",85,165
"12114",15393,4420,3600,"BrM",85,167
"12115",15394,4420,3691,"SEEN1",85,167
"12116",15395,4420,4919,"BrF",85,167
"12117",15396,4421,3517,"BrF",85,168
"12118",15397,4421,1593,"BrM",85,168
"12119",15398,4421,4910,"ABX",85,168
"12120",15400,4422,3699,"BrF",85,169
"12121",15401,4422,1155,"ABX",85,169
"12122",15402,4422,1808,"BrM",85,169
"12123",15403,4423,1777,"BrM",85,171
"12124",15404,4423,3516,"SEEN1",85,171
"12125",15405,4423,4944,"ABX",85,171
"12126",15406,4423,1872,"BrF",85,171
"12127",15407,4423,5161,"OFL",85,171
"12128",15408,4424,5079,"ABX",85,173
"12129",15409,4424,1716,"BrF",85,173
"12130",15410,4424,4892,"BrM",85,173
"12131",15411,4424,1776,"SEEN1",85,173
"12132",15412,4424,5145,"ABX",85,173
"12133",15414,4424,4871,"SEEN1",85,173
"12134",15415,4425,1579,"BrM",85,174
"12135",15416,4425,4918,"ABX",85,174
"12136",15417,4425,5162,"BrF",85,174
"12137",15418,4426,2982,"BrF",85,177
"12138",15419,4426,3460,"BrM",85,177
"12139",15420,4426,4950,"SEEN1",85,177
"12140",15421,4426,4957,"ABX",85,177
"12141",15422,4427,2974,"BrM",85,178
"12142",15423,4427,1798,"BrF",85,178
"12143",15424,4428,2991,"BrM",85,179
"12144",15425,4428,4949,"BrF",85,179
"12145",15426,4428,4879,"ABX",85,179
"12146",15427,4429,3445,"BrM",85,172
"12147",15428,4429,3594,"BrF",85,172
"12148",15429,4430,4942,"BrF",85,403
"12149",15430,4430,3576,"BrM",85,403
"12150",15431,4431,3616,"ABX",85,407
"12151",15432,4431,5120,"NS",85,407
"12152",15433,4431,3569,"BrF",85,407
"12153",15434,4431,4873,"BrM",85,407
"12154",15435,4432,4959,"ABX",85,478
"12155",15436,4432,3590,"BrF",85,478
"12156",15437,4432,4854,"BrM",85,478
"12157",15438,4433,3019,"BrM",85,474
"12158",15439,4433,3688,"BrF",85,474
"12159",15440,4434,4860,"BrM",85,480
"12160",15441,4434,4871,"BrF",85,480
"12161",15442,4435,5075,"FLOAT",85,-3
"12162",15444,4437,3572,"FLOAT",85,-3
"12163",15445,4438,4868,"FLOAT",85,-3
"12164",15447,4426,4883,"NSA",85,177
"12165",15449,4441,3525,"BrM",84,250
"12166",15450,4441,5004,"OFL",84,250
"12167",15451,4442,2971,"BrF",84,251
"12168",15452,4442,1359,"BrM",84,251
"12169",15453,4442,5305,"FL",84,251
"12170",15454,4443,4822,"BrM",84,252
"12171",15456,4443,5306,"BrF",84,252
"12172",15458,4444,1671,"BrM",84,253
"12173",15459,4444,1825,"BrF",84,253
"12174",15460,4445,4808,"BrM",84,254
"12175",15462,4446,4909,"BrM",84,255
"12176",15463,4446,3466,"BrF",84,255
"12177",15464,4447,5014,"FL",84,256
"12178",15465,4447,1396,"BrM",84,256
"12179",15466,4448,4830,"BrF",84,257
"12180",15467,4448,1714,"BrM",84,257
"12181",15468,4449,4846,"BrF",84,258
"12182",15469,4449,1684,"BrM",84,258
"12183",15471,4451,1820,"BrM",84,260
"12184",15473,4452,5048,"BrF",84,261
"12185",15474,4452,1188,"BrM",84,261
"12186",15475,4453,4820,"BrM",84,263
"12187",15477,4454,1495,"BrM",84,264
"12188",15478,4454,5069,"BrF",84,264
"12189",15479,4455,5001,"BrM",84,265
"12190",15481,4456,1884,"BrM",84,266
"12191",15483,4457,3484,"BrM",84,267
"12192",15484,4457,4810,"BrF",84,267
"12193",15485,4458,1218,"BrF",84,269
"12194",15486,4458,1726,"BrM",84,269
"12195",15487,4459,2998,"BrM",84,270
"12196",15488,4459,4853,"BrF",84,270
"12197",15490,4460,1844,"BrM",84,271
"12198",15491,4460,5016,"SEEN2",84,271
"12199",15492,4460,4846,"SEEN1",84,271
"12200",15493,4460,2997,"BrF",84,271
"12201",15494,4461,5031,"FL",84,272
"12202",15495,4461,1368,"BrM",84,272
"12203",15496,4462,2965,"BrM",84,273
"12204",15497,4462,3481,"BrF",84,273
"12205",15499,4463,4832,"BrM",84,274
"12206",15501,4464,1856,"BrM",84,275
"12207",15502,4465,3473,"BrM",84,276
"12208",15503,4466,3477,"BrM",84,277
"12209",15504,4466,5065,"ABX",84,277
"12210",15505,4467,5010,"OFL",84,278
"12211",15506,4467,3007,"BrM",84,278
"12212",15507,4467,3523,"BrF",84,278
"12213",15508,4468,4837,"ABX",84,279
"12214",15509,4468,1887,"BrM",84,279
"12215",15510,4469,3479,"BrM",84,280
"12216",15511,4469,4825,"BrF",84,280
"12217",15512,4470,3526,"BrF",84,281
"12218",15514,4470,1858,"BrM",84,281
"12219",15515,4471,4834,"BrM",84,282
"12220",15516,4471,3522,"BrF",84,282
"12221",15518,4472,5011,"ABX",84,283
"12222",15519,4472,4809,"BrF",84,283
"12223",15520,4472,3470,"BrM",84,283
"12224",15521,4472,5308,"FL",84,283
"12225",15523,4473,5002,"BrM",84,284
"12226",15524,4473,5029,"OFL",84,284
"12227",15525,4474,5007,"SEEN2",84,430
"12228",15526,4474,4826,"BrM",84,430
"12229",15527,4475,4824,"BrM",84,423
"12230",15528,4475,4845,"BrF",84,423
"12231",15529,4476,3527,"BrM",84,424
"12232",15531,4477,3530,"BrM",84,425
"12233",15533,4477,5032,"SEEN1",84,425
"12234",15534,4477,5044,"SEEN1",84,425
"12235",15535,4478,4864,"BrM",84,426
"12236",15536,4479,5039,"ABX",84,427
"12237",15537,4479,5041,"SEEN2",84,427
"12238",15539,4480,4806,"BrM",84,428
"12239",15540,4480,4865,"BrF",84,428
"12240",15542,4481,4852,"BrM",84,429
"12241",15544,4482,4859,"BrF",84,484
"12242",15545,4482,3524,"BrM",84,484
"12243",15546,4483,1888,"BrF",84,485
"12244",15547,4483,1696,"BrM",84,485
"12245",15548,4484,5006,"ABX",84,437
"12246",15549,4484,4823,"BrM",84,437
"12247",15550,4485,5005,"ABX",84,436
"12248",15551,4485,4831,"BrM",84,436
"12249",15552,4486,4869,"BrF",84,486
"12250",15553,4486,4817,"BrM",84,486
"12251",15555,4487,4828,"BrM",84,487
"12252",15557,4488,3471,"BrM",84,432
"12253",15558,4488,5003,"OFL",84,432
"12254",15559,4489,3485,"BrM",84,431
"12255",15562,4491,5040,"BrM",84,434
"12256",15563,4492,5060,"OFL",84,435
"12257",15564,4492,5070,"FL",84,435
"12258",15565,4493,4813,"FLOAT",84,-4
"12259",15566,4493,5030,"FLOAT",84,-4
"12260",15569,4494,5307,"BrU",84,489
"12261",15572,4495,912,"BrF",87,1
"12262",15573,4495,1750,"BrM",87,1
"12263",15574,4496,2984,"BrF",87,2
"12264",15575,4496,2960,"BrM",87,2
"12265",15577,4497,1763,"BrF",87,3
"12266",15582,4497,4829,"BrM",87,3
"12267",15583,4497,3086,"ABX",87,3
"12268",15584,4497,5199,"ABX",87,3
"12269",15585,4497,4917,"SEEN1",87,3
"12270",15587,4498,1532,"BrF",87,4
"12271",15589,4498,911,"BrM",87,4
"12272",15590,4498,1804,"H",87,4
"12273",15591,4498,5071,"H",87,4
"12274",15592,4499,1740,"BrF",87,5
"12275",15594,4499,1187,"BrM",87,5
"12276",15595,4499,5195,"H",87,5
"12277",15596,4500,1791,"BrF",87,7
"12278",15597,4500,1509,"BrM",87,7
"12279",15598,4501,1605,"BrF",87,8
"12280",15599,4501,4939,"BrM",87,8
"12281",15600,4501,1660,"H",87,8
"12282",15601,4501,5196,"OFL",87,8
"12283",15602,4502,1826,"BrF",87,9
"12284",15603,4502,1499,"BrM",87,9
"12285",15606,4503,1614,"BrF",87,11
"12286",15607,4503,4902,"BrM",87,11
"12287",15610,4503,5271,"FL",87,11
"12288",15611,4504,930,"BrF",87,12
"12289",15612,4504,3519,"BrM",87,12
"12290",15614,4504,5166,"ABX",87,12
"12291",15616,4505,4964,"BrF",87,13
"12292",15617,4505,1607,"BrM",87,13
"12293",15618,4506,3500,"BrF",87,14
"12294",15619,4506,2988,"BrM",87,14
"12295",15620,4507,1589,"BrF",87,15
"12296",15621,4507,1762,"BrM",87,15
"12297",15622,4507,5165,"ABX",87,15
"12298",15623,4508,1753,"BrF",87,16
"12299",15625,4508,3612,"BrM",87,16
"12300",15626,4508,5099,"ABX",87,16
"12301",15627,4509,3085,"BrF",87,20
"12302",15628,4509,1729,"BrM",87,20
"12303",15630,4509,5134,"ABX",87,20
"12304",15631,4509,5197,"OFL",87,20
"12305",15632,4510,1419,"BrF",87,22
"12306",15633,4510,1795,"BrM",87,22
"12307",15634,4510,1824,"ABX",87,22
"12308",15635,4510,5159,"ABX",87,22
"12309",15636,4510,5194,"ABX",87,22
"12310",15637,4511,1559,"BrF",87,23
"12311",15638,4511,1702,"BrM",87,23
"12312",15639,4512,1510,"BrF",87,24
"12313",15640,4512,2966,"BrM",87,24
"12314",15641,4512,4890,"ABX",87,24
"12315",15642,4513,3449,"BrF",87,25
"12316",15643,4513,4897,"BrM",87,25
"12317",15644,4514,3446,"BrF",87,26
"12318",15645,4514,1848,"BrM",87,26
"12319",15646,4514,5073,"ABX",87,26
"12320",15647,4515,3490,"BrF",87,27
"12321",15648,4515,3087,"BrM",87,27
"12322",15653,4515,5309,"FL",87,27
"12323",15655,4516,1501,"BrF",87,28
"12324",15656,4516,3618,"BrM",87,28
"12325",15658,4516,1857,"H",87,28
"12326",15659,4516,4875,"ABX",87,28
"12327",15660,4517,507,"BrM",87,30
"12328",15663,4518,3497,"BrF",87,32
"12329",15664,4518,1611,"BrM",87,32
"12330",15667,4518,5147,"ABX",87,32
"12331",15668,4519,4941,"BrF",87,33
"12332",15669,4519,3615,"BrM",87,33
"12333",15670,4520,1864,"BrF",87,34
"12334",15671,4520,1542,"BrM",87,34
"12335",15672,4521,1536,"BrF",87,36
"12336",15673,4521,4967,"BrM",87,36
"12337",15674,4521,5273,"FL",87,36
"12338",15676,4522,1415,"BrF",87,39
"12339",15677,4522,1743,"BrM",87,39
"12340",15678,4523,3462,"BrF",87,40
"12341",15679,4523,3093,"BrM",87,40
"12342",15680,4523,5198,"FL",87,40
"12343",15681,4524,4969,"BrF",87,42
"12344",15682,4524,1543,"BrM",87,42
"12345",15683,4525,1854,"BrF",87,43
"12346",15685,4525,1029,"BrM",87,43
"12347",15687,4525,5263,"H",87,43
"12348",15688,4525,4904,"AB",87,43
"12349",15689,4525,5140,"AB",87,43
"12350",15690,4525,5310,"OFL",87,43
"12351",15691,4525,5311,"FL",87,43
"12352",15692,4526,4999,"BrF",87,45
"12353",15693,4526,3464,"BrM",87,45
"12354",15694,4527,1384,"BrF",87,46
"12355",15695,4527,1868,"BrM",87,46
"12356",15696,4527,4973,"H",87,46
"12357",15698,4527,3580,"SEEN1",87,46
"12358",15699,4528,1765,"BrF",87,47
"12359",15700,4528,1752,"BrM",87,47
"12360",15701,4528,2985,"H",87,47
"12361",15702,4528,5072,"ABX",87,47
"12362",15703,4528,5125,"ABX",87,47
"12363",15704,4528,5236,"FL",87,47
"12364",15705,4528,5169,"SEEN1",87,47
"12365",15706,4529,4896,"BrF",87,48
"12366",15707,4529,2990,"BrM",87,48
"12367",15708,4529,5237,"OFL",87,48
"12368",15709,4530,3608,"BrF",87,50
"12369",15710,4530,1553,"BrM",87,50
"12370",15711,4530,5144,"ABX",87,50
"12371",15712,4530,5247,"OFL",87,50
"12372",15713,4531,1361,"BrF",87,51
"12373",15714,4531,1698,"BrM",87,51
"12374",15715,4531,5155,"H",87,51
"12375",15717,4532,3094,"BrF",87,53
"12376",15718,4532,1739,"BrM",87,53
"12377",15719,4532,5169,"ABX",87,53
"12378",15721,4532,5160,"SEEN1",87,53
"12379",15722,4533,1821,"BrF",87,54
"12380",15723,4533,1504,"BrM",87,54
"12381",15725,4534,2968,"BrF",87,55
"12382",15726,4534,1769,"BrM",87,55
"12383",15727,4534,5272,"FL",87,55
"12384",15728,4534,4960,"AB",87,55
"12385",15729,4535,2959,"BrF",87,57
"12386",15730,4535,3515,"BrM",87,57
"12387",15731,4536,1757,"BrF",87,58
"12388",15732,4536,1523,"BrM",87,58
"12389",15733,4537,3022,"BrF",87,59
"12390",15734,4537,3696,"BrM",87,59
"12391",15736,4538,3453,"BrF",87,60
"12392",15737,4538,1744,"BrM",87,60
"12393",15739,4539,1827,"BrF",87,61
"12394",15740,4539,4934,"BrM",87,61
"12395",15741,4540,5079,"BrF",87,62
"12396",15742,4540,1539,"BrM",87,62
"12397",15745,4541,1042,"BrF",87,63
"12398",15746,4541,1577,"BrM",87,63
"12399",15747,4541,5123,"H",87,63
"12400",15749,4542,1558,"BrF",87,66
"12401",15750,4542,3021,"BrM",87,66
"12402",15751,4542,5262,"OFL",87,66
"12403",15753,4543,1305,"BrF",87,67
"12404",15754,4543,4972,"BrM",87,67
"12405",15755,4544,1669,"BrF",87,68
"12406",15756,4544,1897,"BrM",87,68
"12407",15757,4544,4971,"H",87,68
"12408",15758,4544,5235,"FL",87,68
"12409",15759,4544,5137,"SEEN1",87,68
"12410",15760,4545,869,"BrF",87,69
"12411",15761,4545,453,"BrM",87,69
"12412",15762,4546,1782,"BrF",87,70
"12413",15763,4546,1881,"BrM",87,70
"12414",15764,4546,5249,"ABX",87,70
"12415",15765,4547,4878,"BrF",87,71
"12416",15766,4547,1742,"BrM",87,71
"12417",15767,4547,5224,"OFL",87,71
"12418",15768,4547,5168,"SEEN1",87,71
"12419",15769,4548,1805,"BrF",87,72
"12420",15770,4548,1774,"BrM",87,72
"12421",15771,4548,3505,"ABX",87,72
"12422",15772,4548,5077,"ABX",87,72
"12423",15774,4549,1664,"BrF",87,74
"12424",15775,4549,1031,"BrM",87,74
"12425",15776,4549,4875,"SEEN1",87,74
"12426",15777,4550,2989,"BrF",87,75
"12427",15778,4550,1766,"BrM",87,75
"12428",15779,4550,5210,"OFL",87,75
"12429",15780,4551,1852,"BrF",87,76
"12430",15781,4551,4881,"BrM",87,76
"12431",15782,4552,4958,"BrF",87,77
"12432",15783,4552,4888,"BrM",87,77
"12433",15784,4552,5137,"ABX",87,77
"12434",15785,4553,1803,"BrF",87,79
"12435",15786,4553,1819,"ABX",87,79
"12436",15787,4553,1802,"BrM",87,79
"12437",15788,4553,3516,"ABX",87,79
"12438",15789,4554,2983,"BrF",87,80
"12439",15790,4554,1566,"BrM",87,80
"12440",15791,4555,1895,"BrF",87,81
"12441",15792,4555,1754,"BrM",87,81
"12442",15793,4555,5212,"OFL",87,81
"12443",15794,4555,4917,"SEEN1",87,81
"12444",15795,4556,2986,"BrF",87,82
"12445",15796,4556,1356,"BrM",87,82
"12446",15797,4557,3567,"BrF",87,83
"12447",15798,4557,1604,"BrM",87,83
"12448",15799,4558,1491,"BrF",87,85
"12449",15800,4558,5008,"BrM",87,85
"12450",15801,4558,5213,"ABX",87,85
"12451",15802,4559,2978,"BrF",87,86
"12452",15803,4559,3089,"BrM",87,86
"12453",15804,4559,2963,"ABX",87,86
"12454",15805,4559,4912,"ABX",87,86
"12455",15806,4559,4957,"SEEN1",87,86
"12456",15807,4560,4952,"BrF",87,87
"12457",15808,4560,1722,"BrM",87,87
"12458",15809,4560,4950,"SEEN1",87,87
"12459",15810,4561,1779,"BrF",87,88
"12460",15811,4561,1196,"BrM",87,88
"12461",15812,4562,3457,"BrM",87,90
"12462",15813,4562,3595,"BrF",87,90
"12463",15814,4562,5216,"H",87,90
"12464",15816,4563,1717,"BrF",87,92
"12465",15817,4563,4954,"BrM",87,92
"12466",15818,4564,1195,"BrF",87,94
"12467",15819,4564,1871,"BrM",87,94
"12468",15820,4565,1170,"BrF",87,95
"12469",15821,4565,4872,"BrM",87,95
"12470",15822,4565,5266,"ABX",87,95
"12471",15823,4566,4935,"BrF",87,96
"12472",15824,4566,4948,"BrM",87,96
"12473",15825,4567,1438,"BrF",87,98
"12474",15826,4567,1708,"BrM",87,98
"12475",15827,4567,5268,"ABX",87,98
"12476",15828,4567,5225,"FL",87,98
"12477",15829,4568,3604,"BrF",87,99
"12478",15830,4568,1533,"BrM",87,99
"12479",15831,4568,5205,"FL",87,99
"12480",15832,4569,472,"BrF",87,100
"12481",15834,4569,1394,"BrM",87,100
"12482",15835,4569,3606,"ABX",87,100
"12483",15838,4570,3518,"BrF",87,101
"12484",15839,4570,3454,"BrM",87,101
"12485",15840,4570,5267,"ABX",87,101
"12486",15841,4571,3090,"BrF",87,105
"12487",15842,4571,3458,"BrM",87,105
"12488",15843,4572,1851,"BrF",87,108
"12489",15844,4572,3572,"BrM",87,108
"12490",15845,4573,1580,"BrF",87,109
"12491",15846,4573,3643,"BrM",87,109
"12492",15847,4573,5119,"AB",87,109
"12493",15848,4573,5127,"SEEN1",87,109
"12494",15849,4574,3645,"BrF",87,110
"12495",15850,4574,4894,"BrM",87,110
"12496",15851,4574,4947,"ABX",87,110
"12497",15852,4574,5215,"ABX",87,110
"12498",15853,4575,1576,"BrF",87,111
"12499",15854,4575,4940,"BrM",87,111
"12500",15855,4575,5127,"SEEN1",87,111
"12501",15856,4576,1790,"BrF",87,112
"12502",15857,4576,1731,"BrM",87,112
"12503",15858,4576,3444,"H",87,112
"12504",15859,4576,4887,"H",87,112
"12505",15860,4576,5160,"AB",87,112
"12506",15861,4576,5265,"FL",87,112
"12507",15862,4577,3501,"BrF",87,113
"12508",15863,4577,3644,"BrM",87,113
"12509",15864,4578,1685,"BrF",87,116
"12510",15865,4578,3486,"BrM",87,116
"12511",15866,4578,4956,"ABX",87,116
"12512",15867,4579,3698,"BrF",87,118
"12513",15868,4579,1489,"BrM",87,118
"12514",15869,4579,5242,"FL",87,118
"12515",15870,4580,4803,"BrF",87,121
"12516",15871,4580,1829,"BrM",87,121
"12517",15872,4581,3694,"BrF",87,123
"12518",15873,4581,3005,"BrM",87,123
"12519",15874,4582,1401,"BrF",87,125
"12520",15875,4582,1877,"BrM",87,125
"12521",15876,4582,3596,"ABX",87,125
"12522",15877,4582,5217,"OFL",87,125
"12523",15878,4582,5141,"SEEN1",87,125
"12524",15879,4582,5164,"SEEN2",87,125
"12525",15880,4583,1563,"BrF",87,126
"12526",15881,4583,3617,"BrM",87,126
"12527",15882,4583,3491,"ABX",87,126
"12528",15883,4583,3641,"H",87,126
"12529",15884,4583,5260,"OFL",87,126
"12530",15885,4583,5261,"FL",87,126
"12531",15886,4584,4965,"BrF",87,127
"12532",15887,4584,1616,"BrM",87,127
"12533",15888,4584,5171,"ABX",87,127
"12534",15889,4585,3700,"BrF",87,128
"12535",15890,4585,4933,"BrM",87,128
"12536",15891,4586,1678,"BrF",87,129
"12537",15892,4586,1412,"BrM",87,129
"12538",15893,4586,5254,"FL",87,129
"12539",15894,4586,5173,"ABX",87,129
"12540",15895,4587,4868,"BrF",87,134
"12541",15896,4587,1886,"BrM",87,134
"12542",15898,4588,3002,"BrF",87,135
"12543",15899,4588,1581,"BrM",87,135
"12544",15900,4588,5117,"ABX",87,135
"12545",15902,4588,5080,"SEEN1",87,135
"12546",15903,4589,3574,"BrF",87,137
"12547",15904,4589,4866,"BrM",87,137
"12548",15905,4589,5226,"FL",87,137
"12549",15906,4590,3451,"BrF",87,138
"12550",15907,4590,1801,"BrM",87,138
"12551",15908,4590,5269,"FL",87,138
"12552",15909,4591,1172,"BrF",87,139
"12553",15910,4591,1171,"BrM",87,139
"12554",15911,4592,1617,"BrF",87,140
"12555",15912,4592,1494,"BrM",87,140
"12556",15913,4593,3507,"BrF",87,144
"12557",15914,4593,1587,"BrM",87,144
"12558",15915,4594,3695,"BrF",87,154
"12559",15916,4594,1869,"BrM",87,154
"12560",15917,4594,5128,"ABX",87,154
"12561",15918,4595,4885,"BrF",87,155
"12562",15919,4595,4953,"BrM",87,155
"12563",15920,4595,4861,"SEEN1",87,155
"12564",15921,4596,5075,"BrF",87,157
"12565",15922,4596,5000,"BrM",87,157
"12566",15923,4597,5132,"BrF",87,160
"12567",15924,4597,5121,"BrM",87,160
"12568",15925,4597,4847,"SEEN1",87,160
"12569",15926,4598,1043,"BrF",87,165
"12570",15927,4598,1682,"BrM",87,165
"12571",15929,4599,4919,"BrF",87,167
"12572",15930,4599,5172,"BrM",87,167
"12573",15931,4599,3691,"ABX",87,167
"12574",15932,4600,3517,"BrF",87,168
"12575",15933,4600,1593,"BrM",87,168
"12576",15934,4600,4910,"ABX",87,168
"12577",15935,4600,5220,"OFL",87,168
"12578",15936,4601,3699,"BrF",87,169
"12579",15937,4601,5076,"BrM",87,169
"12580",15938,4601,5240,"OFL",87,169
"12581",15939,4602,1872,"BrF",87,171
"12582",15940,4602,1777,"BrM",87,171
"12583",15941,4602,4944,"ABX",87,171
"12584",15942,4602,5161,"ABX",87,171
"12585",15943,4603,1716,"BrF",87,173
"12586",15944,4603,4892,"BrM",87,173
"12587",15945,4603,5145,"AB",87,173
"12588",15946,4604,5162,"BrF",87,174
"12589",15947,4604,1579,"BrM",87,174
"12590",15948,4604,5248,"H",87,174
"12591",15949,4604,5241,"FL",87,174
"12592",15950,4605,4883,"BrF",87,177
"12593",15951,4605,5133,"BrM",87,177
"12594",15952,4606,1798,"BrF",87,178
"12595",15953,4606,2974,"BrM",87,178
"12596",15954,4607,4949,"BrF",87,179
"12597",15955,4607,2991,"BrM",87,179
"12598",15956,4608,3594,"BrF",87,172
"12599",15957,4608,5078,"BrM",87,172
"12600",15958,4609,4942,"BrF",87,403
"12601",15959,4609,3576,"BrM",87,403
"12602",15961,4610,3569,"BrF",87,407
"12603",15962,4610,3456,"BrM",87,407
"12604",15963,4610,3616,"ABX",87,407
"12605",15964,4610,5209,"FL",87,407
"12606",15965,4610,5204,"FL",87,407
"12607",15966,4610,5147,"SEEN1",87,407
"12608",15967,4611,3590,"BrF",87,478
"12609",15968,4611,4854,"BrM",87,478
"12610",15969,4611,4959,"ABX",87,478
"12611",15970,4612,4938,"BrF",87,474
"12612",15971,4612,3019,"BrM",87,474
"12613",15972,4613,4871,"BrF",87,480
"12614",15973,4613,4860,"BrM",87,480
"12615",15974,4614,4970,"BrF",87,479
"12616",15975,4614,4805,"BrM",87,479
"12617",15976,4615,1707,"BrF",87,477
"12618",15977,4615,1710,"BrM",87,477
"12619",15978,4615,4936,"H",87,477
"12620",15979,4616,5256,"BrF",87,472
"12621",15980,4616,1783,"BrM",87,472
"12622",15981,4617,3580,"FLOAT",87,-3
"12623",15982,4618,4917,"FLOAT",87,-3
"12624",15983,4619,5164,"FLOAT",87,-3
"12625",15984,4620,5127,"FLOAT",87,-3
"12626",15985,4621,5168,"FLOAT",87,-3
"12627",15986,4622,5074,"FLOAT",87,-3
"12628",15987,4574,1244,"SEEN1",87,110
"12629",15988,4517,5163,"BrF",87,30
"12630",15989,4623,3650,"BrF",87,159
"12631",15990,4623,3578,"BrM",87,159
"12632",15992,4624,5004,"BrF",93,250
"12633",15993,4624,4813,"BrM",93,250
"12634",15994,4625,5388,"BrF",93,251
"12635",15995,4625,1359,"BrM",93,251
"12636",15996,4626,5373,"BrF",93,252
"12637",15997,4626,5371,"BrM",93,252
"12638",15998,4627,5385,"BrF",93,253
"12639",15999,4627,1671,"SEEN1",93,253
"12640",16000,4628,5365,"BrF",93,255
"12641",16001,4628,4909,"BrM",93,255
"12642",16002,4629,5408,"BrF",93,256
"12643",16003,4629,5413,"BrM",93,256
"12644",16004,4630,5010,"BrM",93,258
"12645",16007,4631,5355,"BrF",93,259
"12646",16008,4632,5386,"BrF",93,260
"12647",16009,4632,1820,"BrM",93,260
"12648",16010,4633,1188,"BrM",93,261
"12649",16011,4634,5346,"BrF",93,263
"12650",16012,4633,4820,"BrM",93,261
"12651",16013,4634,5349,"FL",93,263
"12652",16014,4635,5397,"BrF",93,264
"12653",16015,4635,1495,"BrM",93,264
"12654",16016,4636,5001,"BrM",93,265
"12655",16017,4636,5379,"FL",93,265
"12656",16018,4637,1884,"BrM",93,266
"12657",16024,4639,4810,"BrF",93,267
"12658",16025,4639,5345,"BrM",93,267
"12659",16026,4639,5434,"FL",93,267
"12660",16029,4641,1218,"BrF",93,269
"12661",16030,4641,1726,"BrM",93,269
"12662",16031,4642,5401,"SEEN1",93,270
"12663",16032,4642,2998,"BrM",93,270
"12664",16033,4643,1844,"BrM",93,271
"12665",16034,4644,5411,"BrF",93,272
"12666",16035,4644,5415,"BrM",93,272
"12667",16037,4645,2965,"BrM",93,273
"12668",16039,4646,5369,"BrF",93,274
"12669",16040,4646,4832,"BrM",93,274
"12670",16041,4647,5370,"BrF",93,275
"12671",16042,4647,5389,"BrM",93,275
"12672",16043,4647,5372,"FL",93,275
"12673",16045,4649,3007,"BrM",93,278
"12674",16046,4650,5357,"BrF",93,279
"12675",16047,4650,5377,"BrM",93,279
"12676",16049,4651,5360,"BrF",93,281
"12677",16050,4651,1858,"BrM",93,281
"12678",16051,4651,5400,"FL",93,281
"12679",16052,4652,3522,"BrF",93,282
"12680",16053,4652,5361,"BrM",93,282
"12681",16054,4653,5005,"BrM",93,283
"12682",16055,4653,5403,"ABX",93,283
"12683",16057,4655,5364,"BrF",93,430
"12684",16058,4655,5356,"BrM",93,430
"12685",16059,4656,5380,"BrF",93,423
"12686",16060,4656,4824,"BrM",93,423
"12687",16061,4657,5414,"BrF",93,424
"12688",16062,4657,5375,"BrM",93,424
"12689",16064,4659,5390,"ABX",93,426
"12690",16065,4659,4837,"BrM",93,426
"12691",16066,4659,5378,"SEEN1",93,426
"12692",16068,4661,5354,"BrF",93,428
"12693",16069,4661,5359,"BrM",93,428
"12694",16070,4662,3524,"BrM",93,484
"12695",16072,4663,1888,"BrF",93,485
"12696",16073,4663,1696,"BrM",93,485
"12697",16074,4663,5396,"FL",93,485
"12698",16075,4663,5407,"FL",93,485
"12699",16076,4663,5350,"FL",93,485
"12700",16077,4664,4865,"BrF",93,437
"12701",16078,4664,4806,"BrM",93,437
"12702",16079,4665,5374,"BrF",93,436
"12703",16080,4665,5417,"BrM",93,436
"12704",16081,4666,5402,"BrF",93,486
"12705",16082,4666,5006,"BrM",93,486
"12706",16084,4667,5412,"BrF",93,487
"12707",16085,4667,4828,"BrM",93,487
"12708",16086,4668,5003,"BrF",93,432
"12709",16087,4668,3471,"BrM",93,432
"12710",16090,4669,3485,"BrM",93,431
"12711",16091,4670,5344,"BrF",93,488
"12712",16092,4670,4823,"BrM",93,488
"12713",16093,4670,5391,"FL",93,488
"12714",16094,4670,5382,"FL",93,488
"12715",16095,4671,5070,"BrF",93,435
"12716",16096,4671,5060,"BrM",93,435
"12717",16098,4672,5387,"BrM",93,492
"12718",16100,4673,5399,"BrM",93,493
"12719",16101,4673,5362,"FL",93,493
"12720",16102,4673,5394,"FL",93,493
"12721",16103,4674,5393,"BrF",93,494
"12722",16104,4674,5398,"BrM",93,494
"12723",16105,4675,5381,"BrM",93,495
"12724",16107,4676,5031,"BrF",93,496
"12725",16108,4676,5406,"BrM",93,496
"12726",16111,4677,5405,"BrF",93,491
"12727",16112,4677,5032,"BrM",93,491
"12728",16113,4677,5347,"SEEN1",93,491
"12729",16114,4678,5395,"BrF",93,497
"12730",16115,4678,5348,"BrM",93,497
"12731",16116,4678,5433,"FL",93,497
"12732",16117,4679,5366,"BrF",93,498
"12733",16118,4679,5030,"BrM",93,498
"12734",16119,4679,5440,"FL",93,498
"12735",16121,4681,5392,"ABX",93,500
"12736",16122,4681,5351,"BrM",93,500
"12737",16123,4682,5383,"BrM",93,501
"12738",16125,4683,5416,"SEEN2",93,502
"12739",16126,4683,5353,"BrM",93,502
"12740",16127,4684,5404,"BrF",93,503
"12741",16128,4684,5410,"BrM",93,503
"12742",16129,4685,5352,"BrM",93,504
"12743",16132,4687,5016,"BrM",93,506
"12744",16133,4688,1684,"BrM",93,507
"12745",16135,4689,5011,"BrM",93,508
"12746",16136,4690,5409,"BrM",93,509
"12747",16137,4691,5384,"BrF",93,510
"12748",16138,4691,5376,"BrM",93,510
"12749",16140,4692,1427,"BrM",93,511
"12750",16141,4693,5363,"BrF",93,512
"12751",16142,4693,5007,"BrM",93,512
"12752",16143,4693,5368,"FL",93,512
"12753",16144,4694,5367,"BrF",93,513
"12754",16145,4694,5358,"BrM",93,513
"12755",16146,4695,4826,"BrM",93,514
"12756",16150,4696,5160,"BrF",92,1
"12757",16151,4696,1750,"BrM",92,1
"12758",16152,4697,5267,"BrF",92,2
"12759",16153,4697,2960,"BrM",92,2
"12760",16155,4698,1763,"BrF",92,3
"12761",16156,4698,4829,"BrM",92,3
"12762",16157,4698,3086,"H",92,3
"12763",16158,4698,5327,"H",92,3
"12764",16159,4698,5453,"FL",92,3
"12765",16160,4698,5343,"FL",92,3
"12766",16161,4698,5318,"SEEN1",92,3
"12767",16162,4699,1532,"BrF",92,4
"12768",16163,4699,911,"BrM",92,4
"12769",16164,4699,5071,"H",92,4
"12770",16165,4699,5462,"FL",92,4
"12771",16166,4700,5155,"BrF",92,5
"12772",16167,4700,1187,"BrM",92,5
"12773",16169,4701,1791,"BrF",92,7
"12774",16170,4701,1509,"BrM",92,7
"12775",16171,4701,5289,"ABX",92,7
"12776",16172,4701,5197,"SEEN1",92,7
"12777",16175,4702,1605,"BrF",92,8
"12778",16176,4702,4939,"BrM",92,8
"12779",16177,4702,1660,"ABX",92,8
"12780",16178,4702,5332,"AB",92,8
"12781",16179,4702,5071,"SEEN1",92,8
"12782",16180,4703,1826,"BrF",92,9
"12783",16181,4703,1499,"BrM",92,9
"12784",16182,4703,5339,"FL",92,9
"12785",16183,4703,4902,"SEEN1",92,9
"12786",16184,4704,4910,"BrF",92,11
"12787",16185,4704,4902,"BrM",92,11
"12788",16186,4705,930,"BrF",92,12
"12789",16187,4705,3519,"BrM",92,12
"12790",16188,4705,5282,"H",92,12
"12791",16190,4706,4964,"BrF",92,13
"12792",16191,4706,1607,"BrM",92,13
"12793",16192,4706,5313,"FL",92,13
"12794",16194,4707,3500,"BrF",92,14
"12795",16195,4707,2988,"BrM",92,14
"12796",16197,4708,4863,"BrF",92,15
"12797",16198,4708,1762,"BrM",92,15
"12798",16199,4708,5284,"TBRF",92,15
"12799",16200,4708,5212,"SEEN1",92,15
"12800",16201,4709,1753,"BrF",92,16
"12801",16202,4709,3612,"BrM",92,16
"12802",16203,4709,5448,"H",92,16
"12803",16205,4709,5280,"SEEN1",92,16
"12804",16206,4710,3085,"BrF",92,20
"12805",16207,4710,1729,"BrM",92,20
"12806",16211,4710,5444,"FL",92,20
"12807",16213,4711,4875,"BrF",92,22
"12808",16214,4711,1795,"BrM",92,22
"12809",16215,4703,5447,"SEEN1",92,9
"12810",16216,4711,5318,"SEEN2",92,22
"12811",16217,4815,5147,"BrF",92,490
"12812",16218,4815,5159,"BrM",92,490
"12813",16221,4713,1559,"BrF",92,23
"12814",16222,4713,1702,"BrM",92,23
"12815",16224,4714,5164,"BrF",92,24
"12816",16225,4714,2966,"BrM",92,24
"12817",16228,4714,5446,"FL",92,24
"12818",16230,4715,3449,"BrF",92,25
"12819",16231,4715,4897,"BrM",92,25
"12820",16232,4715,5315,"AB",92,25
"12821",16234,4716,3446,"TBRF",92,26
"12822",16235,4716,1848,"BrM",92,26
"12823",16236,4716,5224,"BrF",92,26
"12824",16237,4716,1852,"SEEN2",92,26
"12825",16239,4717,3490,"BrF",92,27
"12826",16240,4717,3087,"BrM",92,27
"12827",16241,4717,5450,"FL",92,27
"12828",16243,4718,1501,"BrF",92,28
"12829",16244,4718,3618,"BrM",92,28
"12830",16245,4718,1857,"H",92,28
"12831",16246,4718,5333,"FL",92,28
"12832",16247,4719,5163,"BrF",92,30
"12833",16248,4719,5072,"BrM",92,30
"12834",16250,4720,3497,"BrF",92,32
"12835",16251,4720,1611,"BrM",92,32
"12836",16253,4720,5280,"SEEN1",92,32
"12837",16254,4720,4871,"SEEN1",92,32
"12838",16255,4721,4941,"BrF",92,33
"12839",16256,4721,3615,"BrM",92,33
"12840",16257,4722,1864,"BrF",92,34
"12841",16258,4722,1542,"BrM",92,34
"12842",16261,4723,1824,"BrF",92,36
"12843",16262,4723,4967,"BrM",92,36
"12844",16263,4723,5316,"AB",92,36
"12845",16264,4724,1415,"BrF",92,39
"12846",16265,4724,4890,"BrM",92,39
"12847",16267,4724,2966,"SEEN1",92,39
"12848",16268,4725,3462,"BrF",92,40
"12849",16269,4725,3093,"BrM",92,40
"12850",16270,4725,5454,"CH",92,40
"12851",16272,4726,5119,"BrF",92,42
"12852",16273,4726,1543,"BrM",92,42
"12853",16275,4727,1854,"BrF",92,43
"12854",16276,4727,1029,"BrM",92,43
"12855",16277,4727,5312,"FL",92,43
"12856",16279,4727,5320,"H",92,43
"12857",16280,4727,5445,"FL",92,43
"12858",16281,4728,4999,"BrF",92,45
"12859",16282,4728,5165,"BrM",92,45
"12860",16286,4729,1384,"BrF",92,46
"12861",16287,4729,1868,"BrM",92,46
"12862",16288,4729,4973,"H",92,46
"12863",16289,4729,5317,"FL",92,46
"12864",16291,4729,5145,"SEEN1",92,46
"12865",16292,4729,1752,"SEEN1",92,46
"12866",16293,4730,1765,"BrF",92,47
"12867",16294,4730,1752,"BrM",92,47
"12868",16295,4730,2985,"H",92,47
"12869",16296,4730,5125,"AB",92,47
"12870",16297,4730,5455,"FL",92,47
"12871",16299,4731,4896,"BrF",92,48
"12872",16300,4731,2990,"BrM",92,48
"12873",16301,4731,5237,"H",92,48
"12874",16302,4731,5335,"ABX",92,48
"12875",16304,4732,3608,"BrF",92,50
"12876",16305,4732,1553,"BrM",92,50
"12877",16306,4733,1361,"BrF",92,51
"12878",16307,4733,1698,"BrM",92,51
"12879",16308,4733,5279,"ABX",92,51
"12880",16309,4734,3094,"BrF",92,53
"12881",16310,4734,5170,"BrM",92,53
"12882",16312,4734,5284,"SEEN1",92,53
"12883",16313,4735,1821,"BrF",92,54
"12884",16314,4735,1504,"BrM",92,54
"12885",16315,4735,5314,"AB",92,54
"12886",16317,4735,5262,"SEEN1",92,54
"12887",16318,4735,5321,"SEEN1",92,54
"12888",16319,4736,2968,"BrF",92,55
"12889",16320,4736,5240,"BrM",92,55
"12890",16321,4737,2959,"BrF",92,57
"12891",16322,4737,3515,"BrM",92,57
"12892",16324,4738,1757,"BrF",92,58
"12893",16325,4738,1523,"BrM",92,58
"12894",16326,4738,3491,"SEEN1",92,58
"12895",16327,4739,3022,"BrF",92,59
"12896",16328,4739,3696,"BrM",92,59
"12897",16329,4739,5292,"ABX",92,59
"12898",16330,4740,3453,"BrF",92,60
"12899",16331,4740,1744,"BrM",92,60
"12900",16332,4740,5322,"ABX",92,60
"12901",16333,4740,5321,"AB",92,60
"12902",16334,4740,5318,"SEEN1",92,60
"12903",16335,4741,1827,"BrF",92,61
"12904",16336,4741,4934,"BrM",92,61
"12905",16337,4742,5079,"BrF",92,62
"12906",16338,4742,5290,"BrM",92,62
"12907",16339,4743,1042,"BrF",92,63
"12908",16340,4743,1577,"BrM",92,63
"12909",16341,4743,5123,"H",92,63
"12910",16342,4743,5336,"OFL",92,63
"12911",16345,4744,4972,"BrM",92,67
"12912",16346,4744,3505,"SEEN2",92,67
"12913",16347,4744,5195,"SEEN1",92,67
"12914",16348,4745,4971,"BrF",92,68
"12915",16349,4745,1897,"BrM",92,68
"12916",16350,4745,1669,"H",92,68
"12917",16351,4745,5235,"H",92,68
"12918",16353,4746,869,"BrF",92,69
"12919",16354,4746,453,"BrM",92,69
"12920",16355,4746,5335,"SEEN1",92,69
"12921",16356,4746,5292,"SEEN1",92,69
"12922",16357,4745,5195,"SEEN1",92,68
"12923",16358,4747,1782,"BrF",92,70
"12924",16359,4747,1881,"BrM",92,70
"12925",16360,4747,5195,"SEEN1",92,70
"12926",16361,4748,4917,"BrF",92,71
"12927",16362,4748,5144,"BrM",92,71
"12928",16363,4749,1805,"BrF",92,72
"12929",16364,4749,3505,"H",92,72
"12930",16365,4749,5236,"BrM",92,72
"12931",16366,4749,5280,"ABX",92,72
"12932",16368,4749,5212,"SEEN1",92,72
"12933",16369,4750,5168,"BrF",92,74
"12934",16370,4750,1031,"BrM",92,74
"12935",16371,4751,2989,"BrF",92,75
"12936",16372,4751,4887,"BrM",92,75
"12937",16373,4751,5342,"CH",92,75
"12938",16374,4752,1852,"BrF",92,76
"12939",16375,4752,4888,"BrM",92,76
"12940",16376,4753,4958,"BrF",92,77
"12941",16377,4753,4888,"BrM",92,77
"12942",16378,4753,5456,"FL",92,77
"12943",16379,4754,1803,"BrF",92,79
"12944",16380,4754,1802,"BrM",92,79
"12945",16381,4754,3516,"H",92,79
"12946",16383,4754,5275,"SEEN2",92,79
"12947",16384,4754,5265,"SEEN2",92,79
"12948",16385,4755,1895,"BrF",92,81
"12949",16386,4755,4947,"BrM",92,81
"12950",16387,4755,5212,"H",92,81
"12951",16390,4755,5467,"OFL",92,81
"12952",16392,4756,2986,"BrF",92,82
"12953",16393,4756,1356,"BrM",92,82
"12954",16395,4757,3567,"BrF",92,83
"12955",16396,4757,1604,"BrM",92,83
"12956",16398,4758,1491,"BrF",92,85
"12957",16399,4758,5285,"BrM",92,85
"12958",16400,4758,5287,"AB",92,85
"12959",16401,4759,2978,"BrF",92,86
"12960",16402,4759,3089,"BrM",92,86
"12961",16403,4759,2963,"H",92,86
"12962",16404,4760,5174,"BrF",92,87
"12963",16405,4760,1722,"BrM",92,87
"12964",16407,4760,5216,"SEEN2",92,87
"12965",16408,4761,4904,"BrF",92,88
"12966",16409,4761,1196,"BrM",92,88
"12967",16410,4761,4954,"SEEN1",92,88
"12968",16411,4762,5216,"ABX",92,90
"12969",16412,4762,3595,"BrF",92,90
"12970",16413,4762,5266,"ABX",92,90
"12971",16415,4762,4948,"SEEN1",92,90
"12972",16416,4763,1717,"BrF",92,92
"12973",16417,4763,4954,"BrM",92,92
"12974",16418,4763,5283,"AB",92,92
"12975",16419,4764,1195,"BrF",92,94
"12976",16420,4764,5249,"BrM",92,94
"12977",16421,4765,4960,"BrF",92,95
"12978",16422,4765,4872,"BrM",92,95
"12979",16424,4766,4935,"BrF",92,96
"12980",16425,4766,4948,"BrM",92,96
"12981",16426,4766,5118,"H",92,96
"12982",16427,4766,5326,"AB",92,96
"12983",16428,4766,5464,"FL",92,96
"12984",16429,4767,1438,"BrF",92,98
"12985",16430,4767,1708,"BrM",92,98
"12986",16431,4767,5461,"FL",92,98
"12987",16432,4767,5118,"SEEN1",92,98
"12988",16434,4767,4956,"SEEN1",92,98
"12989",16435,4768,3604,"BrF",92,99
"12990",16436,4768,1533,"BrM",92,99
"12991",16437,4768,5449,"OFL",92,99
"12992",16438,4769,3606,"BrF",92,100
"12993",16439,4769,1394,"BrM",92,100
"12994",16440,4769,5288,"H",92,100
"12995",16441,4769,5459,"FL",92,100
"12996",16442,4769,5140,"SEEN1",92,100
"12997",16443,4770,3518,"BrF",92,101
"12998",16444,4770,3454,"BrM",92,101
"12999",16447,4771,5128,"BrF",92,105
"13000",16448,4771,3458,"BrM",92,105
"13001",16450,4772,1580,"BrF",92,109
"13002",16451,4772,3643,"BrM",92,109
"13003",16452,4773,3645,"BrF",92,110
"13004",16453,4773,3644,"BrM",92,110
"13005",16458,4773,5468,"FL",92,110
"13006",16459,4774,1576,"BrF",92,111
"13007",16460,4774,5199,"BrM",92,111
"13008",16461,4773,5199,"SEEN1",92,110
"13009",16462,4775,3444,"BrF",92,112
"13010",16463,4775,1731,"BrM",92,112
"13011",16464,4775,5447,"H",92,112
"13012",16466,4775,5465,"FL",92,112
"13013",16467,4775,5265,"SEEN2",92,112
"13014",16468,4775,5337,"SEEN1",92,112
"13015",16469,4775,4887,"SEEN1",92,112
"13016",16470,4776,1685,"BrF",92,116
"13017",16471,4776,3486,"BrM",92,116
"13018",16472,4776,4956,"H",92,116
"13019",16474,4777,3698,"BrF",92,118
"13020",16475,4777,1489,"BrM",92,118
"13021",16476,4777,5242,"H",92,118
"13022",16478,4778,4803,"BrF",92,121
"13023",16479,4778,1829,"BrM",92,121
"13024",16481,4779,3694,"BrF",92,123
"13025",16482,4779,3005,"BrM",92,123
"13026",16483,4780,1401,"BrF",92,125
"13027",16484,4780,1877,"BrM",92,125
"13028",16485,4780,3596,"H",92,125
"13029",16486,4780,5334,"OFL",92,125
"13030",16487,4781,3491,"BrF",92,126
"13031",16488,4781,5169,"BrM",92,126
"13032",16489,4781,5340,"CH",92,126
"13033",16490,4781,1523,"SEEN1",92,126
"13034",16491,4781,1616,"SEEN1",92,126
"13035",16492,4782,4965,"BrF",92,127
"13036",16493,4782,1616,"BrM",92,127
"13037",16494,4782,5277,"ABX",92,127
"13038",16496,4782,5469,"FL",92,127
"13039",16498,4783,1678,"BrF",92,129
"13040",16499,4783,1412,"BrM",92,129
"13041",16500,4783,5173,"ABX",92,129
"13042",16501,4784,3700,"BrF",92,128
"13043",16502,4784,4933,"BrM",92,128
"13044",16503,4785,4868,"BrF",92,134
"13045",16504,4785,1886,"BrM",92,134
"13046",16505,4785,5319,"OFL",92,134
"13047",16507,4785,5328,"FL",92,134
"13048",16509,4786,3002,"BrF",92,135
"13049",16510,4786,5269,"BrM",92,135
"13050",16512,4786,5323,"AB",92,135
"13051",16513,4786,5463,"FL",92,135
"13052",16514,4786,5466,"FL",92,135
"13053",16515,4787,3574,"BrF",92,137
"13054",16516,4787,4866,"BrM",92,137
"13055",16517,4787,5458,"FL",92,137
"13056",16519,4788,3451,"BrF",92,138
"13057",16520,4788,1801,"BrM",92,138
"13058",16521,4789,1172,"BrF",92,139
"13059",16522,4789,1171,"BrM",92,139
"13060",16523,4790,1617,"BrF",92,140
"13061",16524,4790,1494,"BrM",92,140
"13062",16525,4790,5470,"CH",92,140
"13063",16526,4790,4883,"SEEN1",92,140
"13064",16529,4791,3695,"TBRF",92,154
"13065",16530,4791,1869,"BrM",92,154
"13066",16531,4791,5452,"FL",92,154
"13067",16532,4791,5451,"SEEN2",92,154
"13068",16535,4791,5324,"BrF",92,154
"13069",16536,4792,4885,"BrF",92,155
"13070",16537,4792,4953,"BrM",92,155
"13071",16538,4792,3507,"ABX",92,155
"13072",16539,4792,5075,"SEEN1",92,155
"13073",16540,4793,5075,"BrF",92,157
"13074",16541,4793,5000,"BrM",92,157
"13075",16542,4793,5325,"ABX",92,157
"13076",16543,4794,4861,"BrF",92,159
"13077",16544,4794,5116,"BrM",92,159
"13078",16545,4794,5140,"ABX",92,159
"13079",16546,4794,5217,"ABX",92,159
"13080",16547,4794,5341,"ABX",92,159
"13081",16548,4795,5132,"BrF",92,160
"13082",16549,4795,5121,"BrM",92,160
"13083",16550,4795,2974,"SEEN1",92,160
"13084",16551,4796,1043,"BrF",92,165
"13085",16552,4796,4957,"BrM",92,165
"13086",16553,4796,5291,"ABX",92,165
"13087",16554,4796,5226,"ABX",92,165
"13088",16555,4797,4919,"BrF",92,167
"13089",16556,4797,5172,"BrM",92,167
"13090",16557,4798,3517,"BrF",92,168
"13091",16558,4798,5220,"BrM",92,168
"13092",16560,4799,3699,"BrF",92,169
"13093",16561,4799,5076,"BrM",92,169
"13094",16562,4799,5240,"SEEN1",92,169
"13095",16563,4800,1872,"BrF",92,171
"13096",16564,4800,1819,"BrM",92,171
"13097",16565,4801,1716,"BrF",92,173
"13098",16566,4801,4892,"BrM",92,173
"13099",16567,4801,5145,"ABX",92,173
"13100",16569,4801,1805,"SEEN1",92,173
"13101",16570,4801,5236,"SEEN1",92,173
"13102",16571,4802,5162,"BrF",92,174
"13103",16572,4802,5077,"BrM",92,174
"13104",16573,4803,4883,"BrF",92,177
"13105",16574,4803,5254,"BrM",92,177
"13106",16575,4803,5457,"OFL",92,177
"13107",16577,4804,1798,"BrF",92,178
"13108",16578,4804,2974,"BrM",92,178
"13109",16579,4804,5338,"OFL",92,178
"13110",16580,4805,5268,"BrF",92,179
"13111",16581,4805,2991,"BrM",92,179
"13112",16582,4806,3594,"BrF",92,172
"13113",16583,4806,5197,"BrM",92,172
"13114",16584,4806,5099,"H",92,172
"13115",16586,4806,5471,"FL",92,172
"13116",16587,4807,4942,"BrF",92,403
"13117",16588,4807,3576,"BrM",92,403
"13118",16591,4808,3569,"BrF",92,407
"13119",16592,4808,3456,"BrM",92,407
"13120",16593,4808,3616,"H",92,407
"13121",16594,4808,5204,"H",92,407
"13122",16595,4809,3590,"BrF",92,478
"13123",16596,4809,4854,"BrM",92,478
"13124",16598,4810,4871,"BrF",92,480
"13125",16599,4810,4860,"BrM",92,480
"13126",16600,4810,5418,"FL",92,480
"13127",16601,4810,5460,"CH",92,480
"13128",16602,4811,4970,"BrF",92,479
"13129",16603,4811,5262,"BrM",92,479
"13130",16604,4812,1707,"BrF",92,477
"13131",16605,4812,1710,"BrM",92,477
"13132",16606,4812,4936,"H",92,477
"13133",16607,4812,5337,"ABX",92,477
"13134",16609,4813,5256,"BrF",92,472
"13135",16610,4813,1783,"BrM",92,472
"13136",16611,4813,2968,"SEEN1",92,472
"13137",16612,4814,4961,"BrF",92,481
"13138",16613,4814,5167,"BrM",92,481
"13139",16615,4814,5472,"FL",92,481
"13140",16617,4816,5265,"BrF",92,515
"13141",16618,4816,5275,"BrM",92,515
"13142",16619,4817,2976,"BrM",92,516
"13143",16620,4817,5009,"BrF",92,516
"13144",16621,4818,5284,"FLOAT",92,-3
"13145",16622,4819,5318,"FLOAT",92,-3
"13146",16623,4820,5292,"FLOAT",92,-3
"13147",16624,4821,5195,"FLOAT",92,-3
"13148",16626,4823,949,"SEEN1",33,-4
"13149",16627,4824,1696,"SEEN2",33,-4
"13150",16629,4227,4805,"SEEN1",82,54
"13151",17347,4884,5004,"BrF",102,250
"13152",17348,4884,4813,"BrM",102,250
"13153",17349,4885,5388,"BrF",102,251
"13154",17350,4885,1359,"BrM",102,251
"13155",17351,4886,5373,"BrF",102,252
"13156",17352,4886,5371,"BrM",102,252
"13157",17353,4887,1671,"BrM",102,253
"13158",17356,4887,5500,"BrF",102,253
"13159",17357,4888,4909,"BrM",102,255
"13160",17358,4888,5372,"SEEN1",102,255
"13161",17360,4889,5413,"BrM",102,256
"13162",17361,4889,5491,"FL",102,256
"13163",17362,4889,5488,"FL",102,256
"13164",17364,4890,5010,"BrM",102,258
"13165",17366,4891,5355,"BrF",102,259
"13166",17368,4892,5386,"BrF",102,260
"13167",17369,4892,1820,"BrM",102,260
"13168",17371,4893,1188,"BrM",102,261
"13169",17372,4894,5346,"BrF",102,263
"13170",17373,4894,4820,"BrM",102,263
"13171",17375,4895,5397,"BrF",102,264
"13172",17376,4895,3524,"BrM",102,264
"13173",17379,4896,5501,"BrM",102,265
"13174",17380,4896,5396,"SEEN2",102,265
"13175",17381,4897,5493,"BrF",102,266
"13176",17382,4897,1884,"BrM",102,266
"13177",17385,4898,5345,"BrM",102,267
"13178",17386,4899,1218,"BrF",102,269
"13179",17387,4899,1726,"BrM",102,269
"13180",17389,4899,5502,"SEEN1",102,269
"13181",17391,4900,2998,"BrM",102,270
"13182",17392,4900,5503,"FL",102,270
"13183",17393,4901,1844,"BrM",102,271
"13184",17394,4902,5411,"BrF",102,272
"13185",17395,4902,5415,"BrM",102,272
"13186",17396,4903,3481,"BrF",102,273
"13187",17397,4903,2965,"BrM",102,273
"13188",17398,4903,5484,"FL",102,273
"13189",17399,4904,5369,"BrF",102,274
"13190",17400,4904,4832,"BrM",102,274
"13191",17402,4905,1856,"BrM",102,275
"13192",17404,4906,3477,"BrM",102,277
"13193",17405,4906,5504,"FL",102,277
"13194",17407,4907,3007,"BrM",102,278
"13195",17409,4908,1887,"BrM",102,279
"13196",17411,4910,5360,"BrF",102,281
"13197",17412,4910,5396,"SEEN1",102,281
"13198",17414,4911,3522,"BrF",102,282
"13199",17415,4911,5361,"BrM",102,282
"13200",17417,4912,5005,"BrM",102,283
"13201",17419,4913,5487,"BrM",102,284
"13202",17421,4915,5380,"BrF",102,423
"13203",17422,4915,4824,"BrM",102,423
"13204",17424,4916,5375,"BrM",102,424
"13205",17425,4916,5478,"FL",102,424
"13206",17426,4917,5347,"SEEN1",102,425
"13207",17429,4918,4837,"BrM",102,426
"13208",17430,4918,5390,"ABX",102,426
"13209",17431,4919,5359,"BrM",102,428
"13210",17432,4920,5387,"BrM",102,484
"13211",17433,4921,1888,"BrF",102,485
"13212",17434,4921,1696,"BrM",102,485
"13213",17436,4921,5396,"ABX",102,485
"13214",17437,4922,4865,"BrF",102,437
"13215",17438,4922,4806,"BrM",102,437
"13216",17440,4922,5505,"FL",102,437
"13217",17441,4923,4869,"BrF",102,486
"13218",17442,4923,4817,"BrM",102,486
"13219",17444,4924,5412,"BrF",102,487
"13220",17445,4924,4828,"BrM",102,487
"13221",17447,4925,5003,"BrF",102,432
"13222",17448,4925,3471,"BrM",102,432
"13223",17449,4926,5344,"BrF",102,488
"13224",17450,4926,4823,"BrM",102,488
"13225",17451,4926,5486,"FL",102,488
"13226",17452,4926,5382,"SEEN1",102,488
"13227",17453,4927,5481,"BrM",102,434
"13228",17454,4927,5475,"FL",102,434
"13229",17455,4927,5407,"BrF",102,434
"13230",17456,4928,5070,"BrF",102,435
"13231",17457,4928,5060,"BrM",102,435
"13232",17458,4928,5480,"FL",102,435
"13233",17460,4929,5496,"BrM",102,492
"13234",17461,4929,5495,"FL",102,492
"13235",17463,4930,5399,"BrM",102,493
"13236",17464,4931,5393,"BrF",102,494
"13237",17465,4931,5398,"BrM",102,494
"13238",17466,4931,5492,"FL",102,494
"13239",17467,4931,5479,"FL",102,494
"13240",17468,4932,5381,"BrM",102,495
"13241",17469,4933,5406,"BrM",102,496
"13242",17470,4934,5405,"BrF",102,491
"13243",17471,4934,5032,"BrM",102,491
"13244",17472,4935,5348,"BrM",102,497
"13245",17473,4935,5489,"FL",102,497
"13246",17474,4936,5366,"BrF",102,498
"13247",17475,4936,5030,"BrM",102,498
"13248",17478,4938,5351,"BrM",102,500
"13249",17480,4939,5383,"BrM",102,501
"13250",17481,4940,5353,"BrM",102,502
"13251",17482,4940,5494,"FL",102,502
"13252",17483,4940,5483,"FL",102,502
"13253",17484,4940,5490,"OFL",102,502
"13254",17485,4941,5404,"BrF",102,503
"13255",17486,4941,5410,"BrM",102,503
"13256",17488,4942,5374,"BrF",102,504
"13257",17489,4942,5352,"BrM",102,504
"13258",17493,4944,5016,"BrM",102,506
"13259",17494,4944,5506,"FL",102,506
"13260",17496,4945,1684,"BrM",102,507
"13261",17497,4946,5482,"BrF",102,509
"13262",17498,4946,5409,"BrM",102,509
"13263",17499,4946,5485,"FL",102,509
"13264",17501,4947,5376,"BrM",102,510
"13265",17503,4948,1427,"BrM",102,511
"13266",17506,4950,5358,"BrM",102,513
"13267",17507,4950,5394,"SEEN1",102,513
"13268",17508,4951,5403,"SEEN2",102,514
"13269",17509,4952,5011,"BrM",102,524
"13270",17510,4953,5408,"BrF",102,525
"13271",17512,4954,5378,"BrM",102,529
"13272",17513,4955,5401,"BrM",102,527
"13273",17514,4956,5402,"BrF",102,528
"13274",17515,4956,5006,"BrM",102,528
"13275",17517,4888,5349,"BrF",102,255
"13276",17518,4910,5474,"BrM",102,281
"13277",17519,4914,5391,"BrM",102,430
"13278",17520,4957,5477,"BrF",102,427
"13279",17521,4957,5476,"BrM",102,427
"13280",17522,4940,5416,"BrF",102,502
"13281",17523,4951,5368,"BrF",102,514
"13282",17524,4951,5362,"BrM",102,514
"13283",17525,4954,5379,"BrF",102,529
"13284",17526,633,3095,"CH",34,167
"13285",17527,4958,5160,"BrF",104,1
"13286",17528,4958,1750,"BrM",104,1
"13287",17529,4958,5556,"FL",104,1
"13288",17530,4959,5267,"BrF",104,2
"13289",17531,4959,2960,"BrM",104,2
"13290",17532,4959,5517,"AB",104,2
"13291",17534,4960,1763,"BrF",104,3
"13292",17535,4960,5204,"BrM",104,3
"13293",17536,4960,3086,"H",104,3
"13294",17537,4960,5536,"OFL",104,3
"13295",17538,4960,5457,"SEEN1",104,3
"13296",17539,4961,1532,"BrF",104,4
"13297",17540,4961,911,"BrM",104,4
"13298",17541,4961,5462,"ABX",104,4
"13299",17542,4962,5155,"BrF",104,5
"13300",17543,4962,1187,"BrM",104,5
"13301",17544,4962,5520,"H",104,5
"13302",17546,4962,5568,"FL",104,5
"13303",17547,4963,1791,"BrF",104,7
"13304",17548,4963,1509,"BrM",104,7
"13305",17549,4963,5521,"SEEN1",104,7
"13306",17551,4964,1605,"BrF",104,8
"13307",17552,4964,4939,"BrM",104,8
"13308",17553,4964,1660,"H",104,8
"13309",17554,4964,5519,"ABX",104,8
"13310",17555,4964,5562,"OFL",104,8
"13311",17556,4964,3085,"SEEN1",104,8
"13312",17557,4964,5521,"SEEN1",104,8
"13313",17558,4964,5517,"SEEN1",104,8
"13314",17559,4965,1826,"BrF",104,9
"13315",17560,4965,1499,"BrM",104,9
"13316",17561,4965,5339,"AB",104,9
"13317",17563,4966,4971,"BrF",104,11
"13318",17564,4966,4902,"BrM",104,11
"13319",17565,4966,5519,"SEEN1",104,11
"13320",17566,4967,930,"BrF",104,12
"13321",17567,4967,3519,"BrM",104,12
"13322",17568,4967,5282,"H",104,12
"13323",17569,4968,4964,"BrF",104,13
"13324",17570,4968,1607,"BrM",104,13
"13325",17571,4968,5313,"H",104,13
"13326",17572,4968,5521,"AB",104,13
"13327",17574,4969,5284,"BrF",104,14
"13328",17575,4969,2988,"BrM",104,14
"13329",17576,4969,5512,"AB",104,14
"13330",17577,4969,3519,"SEEN1",104,14
"13331",17578,4970,4863,"BrF",104,15
"13332",17579,4970,1762,"BrM",104,15
"13333",17580,4970,5511,"OFL",104,15
"13334",17581,4970,5553,"FL",104,15
"13335",17582,4971,1753,"BrF",104,16
"13336",17583,4971,5197,"BrM",104,16
"13337",17584,4972,3085,"BrF",104,20
"13338",17585,4972,1729,"BrM",104,20
"13339",17586,4972,5518,"SEEN1",104,20
"13340",17590,4974,5457,"TBRF",104,23
"13341",17591,4974,1702,"BrM",104,23
"13342",17592,4975,5164,"BrF",104,24
"13343",17593,4975,2966,"BrM",104,24
"13344",17594,4975,5339,"SEEN1",104,24
"13345",17596,4976,1852,"BrF",104,26
"13346",17597,4976,5071,"BrM",104,26
"13347",17599,4977,3490,"BrF",104,27
"13348",17600,4977,3087,"BrM",104,27
"13349",17601,4977,5510,"H",104,27
"13350",17602,4978,1857,"BrF",104,28
"13351",17603,4978,3618,"BrM",104,28
"13352",17604,4979,5163,"BrF",104,30
"13353",17605,4979,5072,"BrM",104,30
"13354",17607,4980,3497,"BrF",104,32
"13355",17608,4980,1611,"BrM",104,32
"13356",17609,4980,5544,"FL",104,32
"13357",17610,4981,4941,"BrF",104,33
"13358",17611,4981,5526,"BrM",104,33
"13359",17612,4981,5510,"SEEN1",104,33
"13360",17613,4982,1864,"BrF",104,34
"13361",17614,4982,1542,"BrM",104,34
"13362",17615,4982,5516,"ABX",104,34
"13363",17616,4983,1824,"BrF",104,36
"13364",17617,4983,5220,"BrM",104,36
"13365",17618,4983,5326,"SEEN1",104,36
"13366",17620,4984,1415,"BrF",104,39
"13367",17621,4984,4890,"BrM",104,39
"13368",17623,4985,3462,"BrF",104,40
"13369",17624,4985,3093,"BrM",104,40
"13370",17625,4985,5557,"FL",104,40
"13371",17626,4986,5119,"BrF",104,42
"13372",17627,4986,5235,"BrM",104,42
"13373",17629,4987,5320,"BrF",104,43
"13374",17630,4987,1029,"BrM",104,43
"13375",17631,4987,5541,"ABX",104,43
"13376",17632,4987,5514,"AB",104,43
"13377",17633,4988,4973,"BrF",104,46
"13378",17634,4988,1868,"BrM",104,46
"13379",17635,4988,5317,"SEEN2",104,46
"13380",17637,4988,5513,"AB",104,46
"13381",17638,4989,1765,"BrF",104,47
"13382",17639,4989,1752,"BrM",104,47
"13383",17640,4989,2985,"H",104,47
"13384",17641,4989,5525,"AB",104,47
"13385",17642,4989,5125,"U",104,47
"13386",17643,4989,5565,"FL",104,47
"13387",17644,4990,4896,"BrF",104,48
"13388",17645,4990,2990,"BrM",104,48
"13389",17646,4990,5550,"FL",104,48
"13390",17648,4991,3608,"BrF",104,50
"13391",17649,4991,5237,"BrM",104,50
"13392",17651,4992,5450,"BrF",104,51
"13393",17652,4992,1698,"BrM",104,51
"13394",17653,4992,5533,"OFL",104,51
"13395",17654,4992,5537,"SEEN1",104,51
"13396",17655,4993,3094,"BrF",104,53
"13397",17656,4993,5170,"BrM",104,53
"13398",17657,4993,5507,"ABX",104,53
"13399",17659,4994,1821,"BrF",104,54
"13400",17660,4994,1504,"BrM",104,54
"13401",17661,4994,5515,"ABX",104,54
"13402",17662,4995,2968,"BrF",104,55
"13403",17663,4995,5240,"BrM",104,55
"13404",17664,4995,5535,"ABX",104,55
"13405",17665,4996,2959,"BrF",104,57
"13406",17666,4996,5321,"BrM",104,57
"13407",17668,4997,1757,"BrF",104,58
"13408",17669,4997,1523,"BrM",104,58
"13409",17670,4997,5523,"ABX",104,58
"13410",17671,4997,5522,"ABX",104,58
"13411",17672,4998,3022,"BrF",104,59
"13412",17673,4998,3696,"BrM",104,59
"13413",17675,4999,3453,"BrF",104,60
"13414",17676,4999,1744,"BrM",104,60
"13415",17678,5000,1827,"BrF",104,61
"13416",17679,5000,4934,"BrM",104,61
"13417",17681,5001,5336,"BrF",104,62
"13418",17682,5001,5290,"BrM",104,62
"13419",17684,5001,5535,"SEEN1",104,62
"13420",17685,5002,1042,"BrF",104,63
"13421",17686,5002,1577,"BrM",104,63
"13422",17687,5002,5123,"H",104,63
"13423",17688,5002,5509,"OFL",104,63
"13424",17689,5002,5326,"SEEN1",104,63
"13425",17690,5003,5195,"BrF",104,67
"13426",17691,5003,4972,"BrM",104,67
"13427",17693,5004,1669,"BrF",104,68
"13428",17694,5004,5508,"BrM",104,68
"13429",17695,5004,5537,"ABX",104,68
"13430",17696,5004,5125,"SEEN1",104,68
"13431",17697,5004,5524,"SEEN1",104,68
"13432",17698,5004,5525,"SEEN1",104,68
"13433",17699,5005,5319,"BrF",104,69
"13434",17700,5005,5335,"BrM",104,69
"13435",17701,5006,5224,"BrF",104,70
"13436",17702,5006,1881,"BrM",104,70
"13437",17703,5006,5564,"CH",104,70
"13438",17704,5006,1782,"U",104,70
"13439",17705,5007,4917,"BrF",104,71
"13440",17706,5007,5144,"BrM",104,71
"13441",17707,5007,5543,"FL",104,71
"13442",17708,5008,1805,"BrF",104,72
"13443",17709,5008,5334,"BrM",104,72
"13444",17711,5008,5343,"SEEN1",104,72
"13445",17712,5009,5168,"BrF",104,74
"13446",17713,5009,5315,"H",104,74
"13447",17714,5009,3093,"U",104,74
"13448",17715,5009,2966,"SEEN1",104,74
"13449",17716,5009,2989,"SEEN1",104,74
"13450",17717,5009,5341,"SEEN1",104,74
"13451",17718,5010,2989,"BrF",104,75
"13452",17719,5010,4887,"BrM",104,75
"13453",17720,5010,5545,"FL",104,75
"13454",17721,5010,5532,"SEEN1",104,75
"13455",17722,5010,4888,"SEEN1",104,75
"13456",17723,5010,4958,"SEEN1",104,75
"13457",17724,5011,4958,"BrF",104,77
"13458",17725,5011,4888,"BrM",104,77
"13459",17726,5012,1803,"BrF",104,79
"13460",17727,5012,1802,"BrM",104,79
"13461",17728,5012,3516,"H",104,79
"13462",17730,5012,5569,"FL",104,79
"13463",17731,5013,5194,"BrF",104,81
"13464",17732,5013,4947,"BrM",104,81
"13465",17733,5014,2986,"BrF",104,82
"13466",17734,5014,5447,"BrM",104,82
"13467",17735,5015,3567,"BrF",104,83
"13468",17736,5015,1604,"BrM",104,83
"13469",17737,5015,5538,"SEEN1",104,83
"13470",17738,5015,5551,"FL",104,83
"13471",17739,5016,1491,"BrF",104,85
"13472",17740,5016,5285,"BrM",104,85
"13473",17742,5017,2978,"BrF",104,86
"13474",17743,5017,3089,"BrM",104,86
"13475",17744,5017,2963,"H",104,86
"13476",17745,5017,5534,"OFL",104,86
"13477",17746,5018,5174,"BrF",104,87
"13478",17747,5018,1722,"BrM",104,87
"13479",17748,5019,4904,"BrF",104,88
"13480",17749,5019,5283,"BrM",104,88
"13481",17750,5020,3595,"BrF",104,90
"13482",17751,5020,5292,"BrM",104,90
"13483",17752,5020,5216,"H",104,90
"13484",17754,5021,1717,"BrF",104,92
"13485",17755,5021,4954,"BrM",104,92
"13486",17756,5021,5283,"SEEN1",104,92
"13487",17757,5022,1195,"BrF",104,94
"13488",17758,5022,5249,"BrM",104,94
"13489",17759,5023,4960,"BrF",104,95
"13490",17760,5023,4872,"BrM",104,95
"13491",17761,5023,5529,"AB",104,95
"13492",17762,5023,5528,"AB",104,95
"13493",17763,5024,4935,"BrF",104,96
"13494",17764,5024,4948,"BrM",104,96
"13495",17765,5024,5118,"H",104,96
"13496",17766,5024,5326,"AB",104,96
"13497",17767,5024,5555,"FL",104,96
"13498",17768,5025,1438,"BrF",104,98
"13499",17769,5025,1708,"BrM",104,98
"13500",17770,5026,3604,"BrF",104,99
"13501",17771,5026,1533,"BrM",104,99
"13502",17772,5026,5563,"CH",104,99
"13503",17773,5026,5567,"CH",104,99
"13504",17774,5027,3606,"BrF",104,100
"13505",17775,5027,5497,"BrM",104,100
"13506",17776,5028,3518,"BrF",104,101
"13507",17777,5028,3454,"BrM",104,101
"13508",17779,5028,3486,"SEEN1",104,101
"13509",17780,5029,5128,"BrF",104,105
"13510",17781,5029,3458,"BrM",104,105
"13511",17783,5030,1580,"BrF",104,109
"13512",17784,5030,3643,"BrM",104,109
"13513",17786,5031,3645,"BrF",104,110
"13514",17787,5031,3644,"BrM",104,110
"13515",17789,5031,5570,"FL",104,110
"13516",17790,5032,5212,"BrF",104,111
"13517",17791,5032,5199,"BrM",104,111
"13518",17793,5033,3444,"BrF",104,112
"13519",17794,5033,1731,"BrM",104,112
"13520",17795,5033,5465,"AB",104,112
"13521",17796,5033,5548,"FL",104,112
"13522",17797,5034,1685,"BrF",104,116
"13523",17798,5034,3486,"BrM",104,116
"13524",17799,5034,4956,"H",104,116
"13525",17800,5035,3698,"BrF",104,118
"13526",17801,5035,5242,"H",104,118
"13527",17802,5035,1489,"BrM",104,118
"13528",17803,5035,5560,"CH",104,118
"13529",17804,5036,4803,"BrF",104,121
"13530",17805,5036,1829,"BrM",104,121
"13531",17807,5037,3694,"BrF",104,123
"13532",17808,5037,5316,"BrM",104,123
"13533",17809,5038,1401,"TBRF",104,125
"13534",17810,5038,3596,"BrF",104,125
"13535",17811,5038,1877,"BrM",104,125
"13536",17813,5039,3491,"BrF",104,126
"13537",17814,5039,5169,"BrM",104,126
"13538",17816,5040,5323,"BrF",104,127
"13539",17817,5040,1616,"BrM",104,127
"13540",17818,5040,4965,"H",104,127
"13541",17819,5040,5540,"FL",104,127
"13542",17820,5040,5532,"SEEN1",104,127
"13543",17821,5041,5277,"BrF",104,128
"13544",17822,5041,4933,"BrM",104,128
"13545",17823,5042,1678,"BrF",104,129
"13546",17824,5042,5173,"H",104,129
"13547",17825,5042,5291,"BrM",104,129
"13548",17826,5043,4868,"BrF",104,134
"13549",17827,5043,5456,"BrM",104,134
"13550",17828,5043,5498,"ABX",104,134
"13551",17829,5044,3002,"BrF",104,135
"13552",17830,5044,5269,"BrM",104,135
"13553",17831,5045,3574,"BrF",104,137
"13554",17832,5045,4866,"BrM",104,137
"13555",17833,5045,5458,"ABX",104,137
"13556",17834,5045,5291,"SEEN1",104,137
"13557",17835,5046,3451,"BrF",104,138
"13558",17836,5046,1801,"BrM",104,138
"13559",17837,5046,5499,"H",104,138
"13560",17838,5047,1617,"BrF",104,140
"13561",17839,5047,1494,"BrM",104,140
"13562",17840,5047,5566,"FL",104,140
"13563",17841,5048,5324,"BrF",104,154
"13564",17842,5048,1869,"BrM",104,154
"13565",17843,5048,5452,"AB",104,154
"13566",17844,5049,4885,"BrF",104,155
"13567",17845,5049,5338,"BrM",104,155
"13568",17846,5049,3507,"ABX",104,155
"13569",17847,5050,5075,"BrF",104,157
"13570",17848,5050,5000,"BrM",104,157
"13571",17849,5051,4861,"BrF",104,159
"13572",17850,5051,5116,"BrM",104,159
"13573",17851,5051,5217,"H",104,159
"13574",17852,5051,5547,"FL",104,159
"13575",17853,5051,5558,"CH",104,159
"13576",17854,5052,5132,"BrF",104,160
"13577",17855,5052,5121,"BrM",104,160
"13578",17856,5053,5531,"BrF",104,165
"13579",17857,5053,4957,"BrM",104,165
"13580",17858,5053,5291,"SEEN1",104,165
"13581",17859,5053,5145,"SEEN1",104,165
"13582",17860,5053,5226,"SEEN1",104,165
"13583",17861,5054,5145,"BrF",104,166
"13584",17862,5054,5291,"BrM",104,166
"13585",17863,5055,4919,"BrF",104,167
"13586",17864,5055,5226,"BrM",104,167
"13587",17865,5056,3517,"BrF",104,168
"13588",17866,5056,5333,"BrM",104,168
"13589",17867,5056,5561,"FL",104,168
"13590",17868,5057,3699,"BrF",104,169
"13591",17869,5057,5076,"BrM",104,169
"13592",17871,5058,1872,"BrF",104,171
"13593",17872,5058,1819,"BrM",104,171
"13594",17873,5059,1716,"BrF",104,173
"13595",17874,5059,4892,"BrM",104,173
"13596",17876,5059,5455,"SEEN1",104,173
"13597",17877,5060,5162,"BrF",104,174
"13598",17878,5060,5077,"BrM",104,174
"13599",17880,5061,4883,"BrF",104,177
"13600",17881,5061,5254,"BrM",104,177
"13601",17882,5061,5552,"FL",104,177
"13602",17883,5062,1798,"BrF",104,178
"13603",17884,5062,2974,"BrM",104,178
"13604",17885,5062,5499,"SEEN1",104,178
"13605",17886,5061,5457,"SEEN1",104,177
"13606",17887,5063,5268,"BrF",104,179
"13607",17888,5063,2991,"BrM",104,179
"13608",17889,5063,5554,"CH",104,179
"13609",17890,5063,5518,"SEEN1",104,179
"13610",17891,5064,3594,"BrF",104,172
"13611",17892,5064,5197,"BrM",104,172
"13612",17893,5064,5530,"ABX",104,172
"13613",17894,5065,3569,"BrF",104,407
"13614",17895,5065,3456,"BrM",104,407
"13615",17896,5065,5542,"FL",104,407
"13616",17897,5065,5204,"SEEN1",104,407
"13617",17898,5065,5339,"SEEN1",104,407
"13618",17899,5066,3590,"BrF",104,478
"13619",17900,5066,4854,"BrM",104,478
"13620",17901,5066,5518,"AB",104,478
"13621",17902,5066,5532,"SEEN1",104,478
"13622",17903,5066,5520,"SEEN1",104,478
"13623",17904,5067,4871,"BrF",104,480
"13624",17905,5067,4860,"BrM",104,480
"13625",17907,5068,5549,"BrF",104,479
"13626",17908,5068,5262,"BrM",104,479
"13627",17909,5069,1707,"BrF",104,477
"13628",17910,5069,1710,"BrM",104,477
"13629",17911,5069,4936,"H",104,477
"13630",17912,5069,5337,"H",104,477
"13631",17913,5069,5527,"OFL",104,477
"13632",17914,5069,5546,"FL",104,477
"13633",17915,5070,4961,"BrF",104,481
"13634",17916,5070,5167,"BrM",104,481
"13635",17917,5070,5539,"H",104,481
"13636",17919,5071,5147,"BrF",104,490
"13637",17920,5071,5327,"BrM",104,490
"13638",17921,5072,3616,"BrF",104,515
"13639",17922,5072,5275,"BrM",104,515
"13640",17924,5073,5009,"BrF",104,516
"13641",17925,5073,2976,"BrM",104,516
"13642",17926,5073,5453,"SEEN2",104,516
"13643",17927,5074,5343,"FLOAT",104,-3
"13644",17928,5075,5453,"FLOAT",104,-3
"13645",17929,5076,5455,"FLOAT",104,-3
"13646",17930,5077,5532,"FLOAT",104,-3
"13647",17931,5078,4999,"BrF",104,45
"13648",17932,5078,5317,"BrM",104,45
"13649",17934,4984,5577,"FL",104,39
"13650",17935,4979,5576,"FL",104,30
"13651",17937,4960,5578,"FL",104,3
"13652",17940,4974,5579,"CH",104,23
"13653",17948,5009,5575,"FL",104,74
"13654",17949,5010,5573,"AB",104,75
"13655",17953,5035,5571,"CH",104,118
"13656",17955,5046,5572,"CH",104,138
"13657",17956,5048,5574,"CH",104,154
"13658",17960,5056,5559,"SEEN1",104,168
"13659",17961,5059,5580,"FL",104,173
"13660",17967,4118,4881,"SEEN2",90,76
"13661",17968,5079,930,"BrF",105,12
"13662",17969,5079,5282,"H",105,12
"13663",17970,5079,5462,"BrM",105,12
"13664",17971,5080,1660,"H",105,8
"13665",17972,5080,1605,"BrF",105,8
"13666",17973,5080,5620,"BrM",105,8
"13667",17974,5081,4861,"BrF",105,159
"13668",17975,5081,5217,"H",105,159
"13669",17976,5081,5116,"BrM",105,159
"13670",17977,5082,1824,"BrF",105,36
"13671",17978,5082,5220,"TBRM",105,36
"13672",17979,5084,5514,"BrF",105,57
"13673",17980,5084,5321,"BrM",105,57
"13674",17981,5086,1750,"BrM",105,1
"13675",17982,5086,5160,"BrF",105,1
"13676",17983,5087,5267,"BrF",105,2
"13677",17984,5087,2960,"BrM",105,2
"13678",17985,5087,5517,"H",105,2
"13679",17986,5087,5590,"ABX",105,2
"13680",17988,5087,5684,"FL",105,2
"13681",17989,5087,5581,"SEEN1",105,2
"13682",17990,5087,5592,"SEEN1",105,2
"13683",17991,5088,1763,"BrF",105,3
"13684",17992,5088,5557,"BrM",105,3
"13685",17993,5088,3086,"H",105,3
"13686",17994,5088,5536,"ABX",105,3
"13687",17995,5088,5680,"OFL",105,3
"13688",17996,5088,5584,"SEEN1",105,3
"13689",17997,5088,5589,"SEEN1",105,3
"13690",17998,5080,5603,"ABX",105,8
"13691",17999,5080,5654,"FL",105,8
"13692",18000,5089,1826,"BrF",105,9
"13693",18001,5089,1499,"BrM",105,9
"13694",18002,5089,5339,"H",105,9
"13695",18003,5089,5635,"H",105,9
"13696",18005,5090,4971,"BrF",105,11
"13697",18006,5090,4902,"BrM",105,11
"13698",18008,5092,5685,"FL",105,14
"13699",18009,5091,5621,"BrF",105,13
"13700",18010,5091,1607,"BrM",105,13
"13701",18011,5091,5604,"ABX",105,13
"13702",18012,5091,5588,"ABX",105,13
"13703",18013,5092,5284,"BrF",105,14
"13704",18014,5092,5539,"BrM",105,14
"13705",18016,5092,5688,"FL",105,14
"13706",18017,5094,5320,"BrF",105,15
"13707",18018,5094,1762,"BrM",105,15
"13708",18019,5094,5682,"FL",105,15
"13709",18020,5095,5615,"BrF",105,16
"13710",18021,5095,5235,"BrM",105,16
"13711",18022,5095,1753,"TBRF",105,16
"13712",18023,5095,5564,"SEEN1",105,16
"13713",18024,5095,5642,"SEEN1",105,16
"13714",18025,5096,3085,"BrF",105,20
"13715",18026,5096,1729,"BrM",105,20
"13716",18027,5096,5619,"H",105,20
"13717",18028,5097,5164,"BrF",105,24
"13718",18029,5097,2966,"BrM",105,24
"13719",18030,5097,5585,"FLOAT",105,24
"13720",18032,5098,1852,"BrF",105,26
"13721",18033,5098,5607,"ABX",105,26
"13722",18035,5098,4890,"SEEN1",105,26
"13723",18036,5098,5585,"SEEN1",105,26
"13724",18037,5099,3490,"BrF",105,27
"13725",18038,5099,3087,"BrM",105,27
"13726",18040,5100,1857,"BrF",105,28
"13727",18041,5100,5453,"BrM",105,28
"13728",18043,5100,5510,"SEEN1",105,28
"13729",18044,5101,5163,"BrF",105,30
"13730",18045,5101,5072,"BrM",105,30
"13731",18046,5101,5645,"CH",105,30
"13732",18047,5102,3497,"BrF",105,32
"13733",18048,5102,1611,"BrM",105,32
"13734",18050,5103,4941,"BrF",105,33
"13735",18051,5103,5561,"BrM",105,33
"13736",18052,5103,5615,"SEEN1",105,33
"13737",18054,5103,5510,"SEEN2",105,33
"13738",18055,5104,1864,"BrF",105,34
"13739",18056,5104,1542,"BrM",105,34
"13740",18058,5082,5679,"BrM",105,36
"13741",18059,5082,5617,"ABX",105,36
"13742",18060,5085,1415,"BrF",105,39
"13743",18061,5085,4890,"BrM",105,39
"13744",18063,5105,3462,"BrF",105,40
"13745",18064,5105,3093,"BrM",105,40
"13746",18065,5105,5627,"ABX",105,40
"13747",18066,5105,5653,"FL",105,40
"13748",18067,5105,5553,"SEEN1",105,40
"13749",18068,5186,5119,"BrF",105,42
"13750",18069,5186,5235,"BrM",105,42
"13751",18070,5186,5655,"U",105,42
"13752",18071,5106,5465,"BrF",105,43
"13753",18072,5106,5631,"BrM",105,43
"13754",18073,5107,4999,"BrF",105,45
"13755",18074,5107,5526,"BrM",105,45
"13756",18075,5107,5658,"FL",105,45
"13757",18076,5107,5655,"SEEN1",105,45
"13758",18077,5108,4973,"BrF",105,46
"13759",18078,5108,1868,"BrM",105,46
"13760",18079,5108,5611,"H",105,46
"13761",18080,5108,5599,"AB",105,46
"13762",18082,5109,1765,"BrF",105,47
"13763",18083,5109,5513,"BrM",105,47
"13764",18084,5109,5125,"H",105,47
"13765",18085,5109,5525,"H",105,47
"13766",18086,5109,5601,"OFL",105,47
"13767",18088,5109,5689,"FL",105,47
"13768",18089,5110,4896,"BrF",105,48
"13769",18090,5110,5591,"BrM",105,48
"13770",18091,5110,5550,"ABX",105,48
"13771",18092,5111,3608,"BrF",105,50
"13772",18093,5111,5237,"BrM",105,50
"13773",18095,5112,5450,"BrF",105,51
"13774",18096,5112,5614,"BrM",105,51
"13775",18098,5113,3094,"BrF",105,53
"13776",18099,5113,5170,"BrM",105,53
"13777",18101,5113,5450,"SEEN1",105,53
"13778",18102,5113,5614,"SEEN1",105,53
"13779",18103,5114,1821,"BrF",105,54
"13780",18104,5114,5170,"BrM",105,54
"13781",18105,5114,5532,"SEEN1",105,54
"13782",18106,5114,5515,"SEEN1",105,54
"13783",18107,5115,5543,"SEEN1",105,55
"13784",18108,5115,5540,"SEEN2",105,55
"13785",18109,5115,5628,"FL",105,55
"13786",18110,5115,2968,"BrF",105,55
"13787",18111,5115,5240,"BrM",105,55
"13788",18112,5115,5610,"H",105,55
"13789",18114,5084,5640,"SEEN1",105,57
"13790",18115,5084,5515,"SEEN1",105,57
"13791",18116,5187,5613,"BrF",105,58
"13792",18117,5187,1523,"BrM",105,58
"13793",18118,5188,3022,"BrF",105,59
"13794",18119,5188,3696,"BrM",105,59
"13795",18120,5188,5636,"H",105,59
"13796",18121,5188,5634,"ABX",105,59
"13797",18122,5188,5633,"ABX",105,59
"13798",18123,5116,5532,"SEEN1",105,60
"13799",18124,5116,5515,"SEEN1",105,60
"13800",18126,5116,3453,"BrF",105,60
"13801",18127,5116,5523,"BrM",105,60
"13802",18128,5117,1827,"BrF",105,61
"13803",18129,5117,4934,"BrM",105,61
"13804",18130,5118,3491,"BrF",105,62
"13805",18131,5118,5290,"BrM",105,62
"13806",18133,5119,5612,"SEEN1",105,63
"13807",18134,5119,5509,"SEEN1",105,63
"13808",18136,5119,4934,"SEEN1",105,63
"13809",18137,5119,1042,"BrF",105,63
"13810",18138,5119,1577,"BrM",105,63
"13811",18139,5119,5123,"H",105,63
"13812",18140,5120,5195,"BrF",105,67
"13813",18141,5120,4972,"BrM",105,67
"13814",18143,5121,5337,"BrF",105,68
"13815",18144,5121,5508,"BrM",105,68
"13816",18145,5121,1669,"H",105,68
"13817",18147,5184,5319,"BrF",105,69
"13818",18148,5184,5335,"BrM",105,69
"13819",18149,5184,5630,"ABX",105,69
"13820",18151,5122,5224,"BrF",105,70
"13821",18152,5122,1881,"BrM",105,70
"13822",18153,5122,5564,"ABX",105,70
"13823",18154,5123,4917,"BrF",105,71
"13824",18155,5123,5144,"BrM",105,71
"13825",18156,5123,5543,"H",105,71
"13826",18158,5124,2986,"SEEN1",105,72
"13827",18160,5124,5452,"BrF",105,72
"13828",18161,5124,5334,"BrM",105,72
"13829",18162,5124,5609,"H",105,72
"13830",18163,5125,5315,"BrF",105,74
"13831",18164,5125,5553,"BrF",105,74
"13832",18165,5126,5575,"SEEN1",105,75
"13833",18166,5126,5554,"SEEN1",105,75
"13834",18167,5126,5573,"H",105,75
"13835",18168,5126,2989,"BrF",105,75
"13836",18169,5127,5554,"SEEN2",105,77
"13837",18170,5127,5562,"SEEN1",105,77
"13838",18171,5127,5678,"ABX",105,77
"13839",18172,5127,5626,"BrM",105,77
"13840",18173,5127,4958,"BrF",105,77
"13841",18174,5128,1803,"BrF",105,79
"13842",18175,5128,5602,"BrM",105,79
"13843",18177,5128,5586,"SEEN1",105,79
"13844",18178,5129,5537,"BrF",105,81
"13845",18179,5129,4947,"BrM",105,81
"13846",18180,5130,5530,"BrF",105,82
"13847",18181,5130,5447,"BrM",105,82
"13848",18182,5131,5657,"FL",105,83
"13849",18183,5131,5551,"AB",105,83
"13850",18184,5131,3567,"BrF",105,83
"13851",18185,5131,1604,"BrM",105,83
"13852",18186,5132,5457,"BrF",105,85
"13853",18187,5132,5285,"BrM",105,85
"13854",18188,5132,5687,"FL",105,85
"13855",18189,5133,5313,"BrF",105,86
"13856",18190,5133,3089,"BrM",105,86
"13857",18191,5133,2978,"H",105,86
"13858",18192,5133,5534,"ABX",105,86
"13859",18194,5134,5174,"BrF",105,87
"13860",18195,5134,1722,"BrM",105,87
"13861",18196,5135,4904,"BrF",105,88
"13862",18197,5135,5283,"BrM",105,88
"13863",18198,5136,5216,"BrF",105,90
"13864",18199,5136,5292,"BrM",105,90
"13865",18200,5136,3595,"H",105,90
"13866",18202,5136,5690,"FL",105,90
"13867",18203,5136,5589,"SEEN1",105,90
"13868",18204,5137,1717,"BrF",105,92
"13869",18205,5137,4954,"BrM",105,92
"13870",18207,5138,5249,"BrM",105,94
"13871",18208,5139,5242,"SEEN1",105,95
"13872",18209,5139,5009,"SEEN1",105,95
"13873",18211,5139,5529,"ABX",105,95
"13874",18212,5139,5608,"BrF",105,95
"13875",18213,5139,4872,"BrM",105,95
"13876",18214,5140,5521,"BrF",105,96
"13877",18215,5140,4948,"BrM",105,96
"13878",18216,5140,5118,"ABX",105,96
"13879",18217,5141,5497,"SEEN1",105,98
"13880",18218,5141,5618,"OFL",105,98
"13881",18219,5141,1708,"BrM",105,98
"13882",18220,5141,1438,"BrF",105,98
"13883",18221,5142,3604,"BrF",105,99
"13884",18222,5142,1533,"BrM",105,99
"13885",18223,5142,5623,"ABX",105,99
"13886",18224,5143,5564,"SEEN1",105,100
"13887",18225,5143,5656,"FL",105,100
"13888",18226,5143,5594,"ABX",105,100
"13889",18227,5143,5606,"ABX",105,100
"13890",18228,5143,3606,"BrF",105,100
"13891",18229,5143,5497,"BrM",105,100
"13892",18230,5144,3518,"BrF",105,101
"13893",18231,5144,3454,"BrM",105,101
"13894",18232,5144,5587,"ABX",105,101
"13895",18234,5145,5128,"BrF",105,105
"13896",18235,5145,5583,"BrM",105,105
"13897",18236,5146,1580,"BrF",105,109
"13898",18237,5146,3643,"BrM",105,109
"13899",18239,5147,5681,"FL",105,110
"13900",18240,5147,5623,"SEEN1",105,110
"13901",18242,5147,5598,"H",105,110
"13902",18243,5147,5582,"BrM",105,110
"13903",18244,5147,3645,"BrF",105,110
"13904",18245,5185,5212,"BrF",105,111
"13905",18246,5185,5559,"BrM",105,111
"13906",18248,5185,4888,"SEEN1",105,111
"13907",18249,5185,2986,"SEEN1",105,111
"13908",18250,5148,1707,"SEEN1",105,112
"13909",18252,5148,5516,"BrF",105,112
"13910",18253,5148,1731,"BrM",105,112
"13911",18254,5149,4956,"BrF",105,116
"13912",18255,5149,3486,"BrM",105,116
"13913",18256,5151,3698,"BrF",105,118
"13914",18257,5151,1489,"BrM",105,118
"13915",18258,5151,5242,"ABX",105,118
"13916",18259,5151,5639,"OFL",105,118
"13917",18260,5150,5691,"FL",105,121
"13918",18262,5150,4803,"BrF",105,121
"13919",18263,5150,1829,"BrM",105,121
"13920",18264,5152,3694,"BrF",105,123
"13921",18265,5152,5316,"BrM",105,123
"13922",18266,5153,3596,"BrF",105,125
"13923",18267,5153,1877,"BrM",105,125
"13924",18268,5153,5596,"ABX",105,125
"13925",18269,5154,5341,"BrF",105,126
"13926",18270,5154,5522,"BrM",105,126
"13927",18272,5155,5651,"FL",105,127
"13928",18273,5155,5646,"FL",105,127
"13929",18274,5155,5622,"OFL",105,127
"13930",18275,5155,5323,"BrF",105,127
"13931",18276,5155,1616,"BrM",105,127
"13932",18277,5155,4965,"H",105,127
"13933",18278,5155,5540,"H",105,127
"13934",18279,5156,5277,"BrF",105,128
"13935",18280,5156,4933,"BrM",105,128
"13936",18281,5156,5643,"H",105,128
"13937",18282,5156,5644,"ABX",105,128
"13938",18283,5156,5648,"FL",105,128
"13939",18284,5157,5632,"FL",105,129
"13940",18285,5157,1678,"BrF",105,129
"13941",18286,5157,5291,"BrM",105,129
"13942",18287,5157,5173,"H",105,129
"13943",18288,5158,5518,"BrF",105,134
"13944",18289,5158,5456,"BrM",105,134
"13945",18291,5159,3002,"BrF",105,135
"13946",18292,5159,5528,"BrM",105,135
"13947",18293,5160,3574,"BrF",105,137
"13948",18294,5160,4866,"BrM",105,137
"13949",18296,5161,3507,"SEEN1",105,138
"13950",18297,5161,5499,"SEEN1",105,138
"13951",18298,5161,5678,"SEEN1",105,138
"13952",18299,5161,5649,"FL",105,138
"13953",18300,5161,5647,"FL",105,138
"13954",18301,5161,5600,"H",105,138
"13955",18302,5161,1801,"BrM",105,138
"13956",18303,5161,3451,"BrF",105,138
"13957",18304,5162,1617,"BrF",105,140
"13958",18305,5162,1494,"BrM",105,140
"13959",18306,5162,5638,"OFL",105,140
"13960",18307,5162,5605,"U",105,140
"13961",18308,5163,5324,"BrF",105,154
"13962",18309,5163,1869,"BrM",105,154
"13963",18310,5163,5574,"H",105,154
"13964",18311,5163,5637,"FL",105,154
"13965",18313,5163,5547,"SEEN1",105,154
"13966",18314,5163,5545,"SEEN1",105,154
"13967",18315,5163,5605,"SEEN1",105,154
"13968",18316,5164,4885,"BrF",105,155
"13969",18317,5164,5338,"BrM",105,155
"13970",18318,5165,5075,"BrF",105,157
"13971",18319,5165,5000,"BrM",105,157
"13972",18320,5165,5652,"ABX",105,157
"13973",18322,5165,5634,"SEEN1",105,157
"13974",18323,5081,5686,"FL",105,159
"13975",18324,5081,5593,"H",105,159
"13976",18325,5081,5547,"AB",105,159
"13977",18327,5081,5075,"SEEN1",105,159
"13978",18328,5166,5650,"FL",105,160
"13979",18329,5166,5498,"BrM",105,160
"13980",18330,5166,5132,"BrF",105,160
"13981",18331,5167,5173,"SEEN1",105,165
"13982",18332,5167,5625,"ABX",105,165
"13983",18333,5167,5531,"BrF",105,165
"13984",18334,5167,4957,"BrM",105,165
"13985",18335,5168,4919,"BrF",105,167
"13986",18336,5168,5226,"BrM",105,167
"13987",18338,5169,3517,"BrF",105,168
"13988",18339,5169,5333,"BrM",105,168
"13989",18340,5169,5561,"ABX",105,168
"13990",18341,5169,5641,"SEEN1",105,168
"13991",18343,5169,5590,"SEEN1",105,168
"13992",18344,5170,3699,"BrF",105,169
"13993",18345,5170,5509,"BrM",105,169
"13994",18346,5170,5610,"SEEN1",105,169
"13995",18347,5171,1872,"BrF",105,171
"13996",18348,5171,1819,"BrM",105,171
"13997",18350,5083,1716,"BrF",105,173
"13998",18351,5083,4892,"BrM",105,173
"13999",18352,5083,5597,"AB",105,173
"14000",18353,5172,5692,"FL",105,174
"14001",18355,5172,5162,"BrF",105,174
"14002",18356,5172,5077,"BrM",105,174
"14003",18357,5173,4883,"BrF",105,177
"14004",18358,5173,5254,"BrM",105,177
"14005",18359,5173,5605,"U",105,177
"14006",18360,5174,5600,"SEEN1",105,178
"14007",35063,8837,5728,"NSA",143,-4
"14008",18362,5174,5511,"BrF",105,178
"14009",18363,5174,2974,"BrM",105,178
"14010",18364,5175,5562,"BrF",105,179
"14011",18365,5175,2991,"BrM",105,179
"14012",18367,5093,3594,"BrF",105,172
"14013",18368,5093,5453,"BrM",105,172
"14014",18370,5176,5616,"BrF",105,407
"14015",18371,5176,3456,"BrM",105,407
"14016",18373,5176,5554,"SEEN1",105,407
"14017",18374,5177,5604,"SEEN1",105,478
"14018",18375,5177,5683,"BrF",105,478
"14019",18376,5177,4854,"BrM",105,478
"14020",18377,5178,5524,"BrF",105,480
"14021",18378,5178,4860,"BrM",105,480
"14022",18379,5179,5550,"SEEN1",105,479
"14023",18380,5179,5612,"BrM",105,479
"14024",18381,5179,5549,"BrF",105,479
"14025",18382,5180,1707,"BrF",105,477
"14026",18383,5180,1710,"BrM",105,477
"14027",18384,5180,4936,"H",105,477
"14028",18385,5180,5595,"H",105,477
"14029",18386,5180,5629,"FL",105,477
"14030",18387,5181,5339,"BrF",105,481
"14031",18388,5181,5167,"BrM",105,481
"14032",18389,5181,5533,"TBRF",105,481
"14033",18390,5181,5624,"OFL",105,481
"14034",18391,5189,5536,"BrF",105,490
"14035",18392,5189,5557,"BrM",105,490
"14036",18393,5182,5542,"BrF",105,515
"14037",18394,5182,5275,"BrM",105,515
"14038",18395,5190,5575,"BrF",105,531
"14039",18396,5190,5554,"BrM",105,531
"14040",18397,5191,5586,"BrM",105,80
"14041",18398,5192,3507,"BrF",105,139
"14042",18399,5192,5499,"BrM",105,139
"14043",18400,5191,5212,"SEEN1",105,80
"14044",18402,5183,5532,"BrF",105,530
"14045",18403,5183,5515,"BrM",105,530
"14046",18404,5193,5589,"FLOAT",105,-3
"14047",18405,5194,2986,"FLOAT",105,-3
"14048",18406,5195,5545,"FLOAT",105,-3
"14049",18407,5196,5009,"FLOAT",105,-3
"14050",18889,5197,5360,"BrF",109,281
"14051",18890,5197,5474,"BrM",109,281
"14052",18891,5198,1888,"BrF",109,485
"14053",18892,5198,1696,"BrM",109,485
"14054",18893,5199,5070,"BrF",109,435
"14055",18894,5199,5060,"BrM",109,435
"14056",18895,5200,5399,"BrM",109,493
"14057",18896,5201,5478,"BrF",109,424
"14058",18897,5201,5375,"BrM",109,424
"14059",18898,5202,4865,"BrF",109,437
"14060",18899,5202,4806,"BrM",109,437
"14061",18900,5203,1671,"BrM",109,253
"14062",18901,5204,5016,"BrM",109,506
"14063",18902,5205,5494,"BrF",109,497
"14064",18903,5205,5699,"BrM",109,497
"14065",18904,5206,5405,"BrF",109,491
"14066",18905,5206,5032,"BrM",109,491
"14067",18906,5207,5368,"BrF",109,514
"14068",18907,5207,5362,"BrM",109,514
"14069",18908,5208,5477,"BrF",109,427
"14070",18909,5208,5476,"BrM",109,427
"14071",18910,5209,5404,"BrF",109,503
"14072",18911,5209,5410,"BrM",109,503
"14073",18912,5848,5040,"BrM",109,538
"14074",18913,5211,5482,"BrF",109,509
"14075",18914,5211,5409,"BrM",109,509
"14076",18915,5212,5003,"BrF",109,432
"14077",18916,5212,3471,"BrM",109,432
"14078",18917,5213,5475,"BrF",109,279
"14079",18918,5213,5377,"BrM",109,279
"14080",18919,5214,5495,"BrF",109,255
"14081",18920,5214,5372,"BrM",109,255
"14082",18921,5849,5724,"BrM",109,534
"14083",18922,5849,5725,"BrF",109,534
"14084",18923,5216,5408,"BrF",109,484
"14085",18924,5216,5387,"BrM",109,484
"14086",18925,5217,1887,"BrM",109,540
"14087",18926,5853,5357,"BrF",109,539
"14088",18927,5853,5705,"BrM",109,539
"14089",18928,5219,5366,"BrF",109,498
"14090",18929,5219,5030,"BrM",109,498
"14091",18930,5220,5703,"BrF",109,263
"14092",18931,5220,4820,"BrM",109,263
"14093",18932,5221,5010,"BrM",109,258
"14094",18933,5197,5704,"OFL",109,281
"14095",18935,5199,5701,"FL",109,435
"14096",18936,5199,5693,"FL",109,435
"14097",18937,5222,5004,"BrF",109,250
"14098",18938,5222,4813,"BrM",109,250
"14099",18939,5223,1359,"BrM",109,251
"14100",18940,5224,5373,"BrF",109,252
"14101",18941,5224,5371,"BrM",109,252
"14102",18942,5224,5714,"SEEN1",109,252
"14103",18944,5203,5385,"BrF",109,253
"14104",18946,5225,5714,"SEEN1",109,254
"14105",18948,5214,5739,"FL",109,255
"14106",18950,5226,5413,"BrM",109,256
"14107",18951,5226,5714,"SEEN1",109,256
"14108",18953,5227,5730,"BrF",109,259
"14109",18954,5227,5489,"BrM",109,259
"14110",18955,5228,5491,"BrF",109,260
"14111",18956,5228,1820,"BrM",109,260
"14112",18957,5229,1188,"BrM",109,261
"14113",18958,5230,3524,"BrM",109,264
"14114",18960,5231,5001,"BrM",109,265
"14115",18961,5232,5493,"BrF",109,266
"14116",18962,5232,1884,"BrM",109,266
"14117",18964,5232,5490,"SEEN1",109,266
"14118",18966,5233,5479,"BrF",109,267
"14119",18967,5233,5345,"BrM",109,267
"14120",18968,5234,1218,"BrF",109,269
"14121",18969,5234,1726,"BrM",109,269
"14122",18971,5235,2998,"BrM",109,270
"14123",18974,5237,1844,"BrM",109,271
"14124",18975,5237,5737,"U",109,271
"14125",18977,5238,5415,"BrM",109,272
"14126",18978,5239,3481,"BrF",109,273
"14127",18979,5239,2965,"BrM",109,273
"14128",18980,5240,5369,"BrF",109,274
"14129",18981,5240,4832,"BrM",109,274
"14130",18983,5241,5370,"BrF",109,275
"14131",18984,5241,1856,"BrM",109,275
"14132",18988,5241,5721,"SEEN1",109,275
"14133",18989,5242,3473,"BrM",109,276
"14134",18991,5243,3477,"BrM",109,277
"14135",18993,5245,5700,"BrF",109,278
"14136",18994,5245,3007,"BrM",109,278
"14137",18996,5246,4825,"BrF",109,280
"14138",18998,5247,3522,"BrF",109,282
"14139",18999,5247,5361,"BrM",109,282
"14140",19001,5248,5005,"BrM",109,283
"14141",19003,5248,5713,"SEEN1",109,283
"14142",19005,5249,5487,"BrM",109,284
"14143",19007,5250,5391,"BrM",109,430
"14144",19008,5251,5380,"BrF",109,423
"14145",19009,5251,4824,"BrM",109,423
"14146",19010,5251,5729,"FL",109,423
"14147",19011,5252,5480,"BrF",109,425
"14148",19012,5252,5347,"BrM",109,425
"14149",19013,5253,4837,"BrM",109,426
"14150",19014,5253,5485,"U",109,426
"14151",19015,5208,5735,"FL",109,427
"14152",19016,5208,5731,"FL",109,427
"14153",19017,5254,5359,"BrM",109,428
"14154",19019,5216,5709,"SEEN1",109,484
"14155",19020,5216,5713,"SEEN1",109,484
"14156",19021,5202,5702,"FL",109,437
"14157",19023,5255,4869,"BrF",109,486
"14158",19024,5255,4817,"BrM",109,486
"14159",19027,5256,4828,"BrM",109,487
"14160",19029,5257,3485,"BrM",109,431
"14161",19030,5258,4823,"BrM",109,488
"14162",19031,5258,5486,"ABX",109,488
"14163",19032,5259,5484,"BrF",109,434
"14164",19033,5259,5481,"BrM",109,434
"14165",19034,5260,5407,"BrF",109,489
"14166",19035,5260,5712,"BrM",109,489
"14167",19036,5261,5496,"BrM",109,492
"14168",19038,5200,5698,"FL",109,493
"14169",19039,5200,5718,"BrF",109,493
"14170",19041,5263,5393,"BrF",109,494
"14171",19042,5263,5398,"BrM",109,494
"14172",19045,5264,5381,"BrM",109,495
"14173",19047,5265,5406,"BrM",109,496
"14174",19048,5206,5711,"FL",109,491
"14175",19049,5206,5722,"FL",109,491
"14176",19050,5205,5720,"FL",109,497
"14177",19051,5205,5728,"SEEN1",109,497
"14178",19052,5205,5483,"SEEN1",109,497
"14179",19053,5219,5745,"FL",109,498
"14180",19056,5266,5351,"BrM",109,500
"14181",19058,5268,5383,"BrM",109,501
"14182",19059,5269,5416,"BrF",109,502
"14183",19060,5269,5353,"BrM",109,502
"14184",19061,5269,5733,"FL",109,502
"14185",19062,5269,5483,"SEEN1",109,502
"14186",19065,5209,5721,"OFL",109,503
"14187",19066,5270,5374,"BrF",109,504
"14188",19067,5270,5715,"BrM",109,504
"14189",19068,5270,5708,"FL",109,504
"14190",19069,5270,5713,"SEEN1",109,504
"14191",19072,5204,5726,"BrF",109,506
"14192",19073,5273,1684,"BrM",109,507
"14193",19075,5273,5401,"SEEN1",109,507
"14194",19076,5274,5742,"BrM",109,508
"14195",19077,5211,5710,"OFL",109,509
"14196",19078,5275,5706,"BrF",109,510
"14197",19079,5275,5376,"BrM",109,510
"14198",19080,5276,5694,"BrF",109,511
"14199",19081,5276,1427,"BrM",109,511
"14200",19084,5278,5382,"BrM",109,512
"14201",19085,5279,5394,"BrF",109,513
"14202",19086,5279,5358,"BrM",109,513
"14203",19087,5207,5727,"FL",109,514
"14204",19088,5280,5732,"BrF",109,524
"14205",19089,5280,5011,"BrM",109,524
"14206",19090,5281,5696,"BrF",109,525
"14207",19091,5281,5709,"BrM",109,525
"14208",19092,5282,5379,"BrF",109,529
"14209",19093,5282,5378,"BrM",109,529
"14210",19094,5282,5741,"FL",109,529
"14211",19096,5282,5485,"SEEN1",109,529
"14212",19097,5283,5401,"SEEN1",109,527
"14213",19098,5284,5402,"BrF",109,528
"14214",19099,5284,5006,"BrM",109,528
"14215",19102,5285,5719,"BrM",109,526
"14216",19104,5851,5483,"SEEN1",109,533
"14217",19105,5851,5716,"SEEN1",109,533
"14218",19106,5849,5740,"FL",109,534
"14219",19108,5850,5712,"SEEN1",109,535
"14220",19109,5850,5716,"SEEN1",109,535
"14221",19110,5639,5744,"U",109,536
"14222",19111,5639,5746,"U",109,536
"14223",19113,5852,5403,"BrM",109,537
"14224",19115,5640,5707,"U",109,532
"14225",19116,5640,5697,"U",109,532
"14226",19119,5291,5486,"FLOAT",109,-4
"14227",19120,5291,5492,"FLOAT",109,-4
"14228",19121,5292,5717,"FLOAT",109,-4
"14229",19122,5293,5713,"FLOAT",109,-4
"14230",19123,5248,5736,"BrF",109,283
"14231",19124,5200,5696,"OFL",109,493
"14232",19125,5271,5743,"BrM",109,505
"14233",19126,5211,5738,"CH",109,509
"14234",19127,5851,5734,"SEEN1",109,533
"14235",19128,5217,5742,"SEEN1",109,540
"14236",19129,2221,609,"BrM",21,41
"14237",19131,444,1750,"SEEN1",30,1
"14238",19132,458,1775,"SEEN1",30,17
"14239",19133,5368,1683,"BrM",30,91
"14240",19134,461,1719,"NSA",30,23
"14241",19135,2606,1719,"NSA",31,23
"14242",19136,5094,1791,"NSA",105,15
"14243",19137,4424,2976,"NSA",85,173
"14244",19138,4603,2976,"NSA",87,173
"14245",19139,4352,4805,"NSA",85,54
"14246",19140,3917,4860,"NSA",77,54
"14247",19142,3971,4863,"NSA",77,134
"14248",19143,4283,4863,"NSA",82,134
"14249",19144,4407,4863,"NSA",85,134
"14250",19145,4507,4863,"NSA",87,15
"14251",19146,4264,4935,"NSA",82,99
"14252",19147,4529,5009,"NSA",87,48
"14253",19148,4348,5009,"NSA",85,48
"14254",19149,4096,5009,"NSA",90,48
"14255",19151,4805,5194,"NSA",92,179
"14256",19154,5391,5004,"BrF",117,250
"14257",19155,5391,4813,"BrM",117,250
"14258",19156,5392,1359,"BrM",117,251
"14259",19158,5393,5881,"BrF",117,252
"14260",19159,5393,5483,"BrM",117,252
"14261",19160,5393,5882,"FL",117,252
"14262",19162,5394,5385,"BrF",117,253
"14263",19163,5394,1671,"BrM",117,253
"14264",19165,5396,5740,"BrF",117,255
"14265",19166,5396,5372,"BrM",117,255
"14266",19168,5397,5413,"BrM",117,256
"14267",19170,5397,5371,"SEEN1",117,256
"14268",19172,5398,5010,"BrM",117,258
"14269",19173,5399,5730,"BrF",117,259
"14270",19174,5399,5489,"BrM",117,259
"14271",19176,5400,5491,"BrF",117,260
"14272",19177,5400,1820,"BrM",117,260
"14273",19179,5401,5884,"BrF",117,261
"14274",19180,5401,5016,"BrM",117,261
"14275",19181,5402,5703,"BrF",117,263
"14276",19182,5402,4820,"BrM",117,263
"14277",19184,5402,5889,"FL",117,263
"14278",19185,5403,5732,"BrF",117,264
"14279",19186,5403,3524,"BrM",117,264
"14280",19188,5404,5001,"BrM",117,265
"14281",19189,5405,5862,"SEEN1",117,266
"14282",19190,5406,5345,"BrM",117,267
"14283",19191,5407,5735,"BrF",117,268
"14284",19193,5408,1218,"BrF",117,269
"14285",19194,5408,1726,"BrM",117,269
"14286",19196,5409,5877,"BrF",117,270
"14287",19197,5409,2998,"BrM",117,270
"14288",19198,5409,5888,"U",117,270
"14289",19199,5410,5737,"BrF",117,271
"14290",19201,5410,5887,"FL",117,271
"14291",19203,5411,5415,"BrM",117,272
"14292",19204,5412,3481,"BrF",117,273
"14293",19205,5412,2965,"BrM",117,273
"14294",19208,5414,5890,"BrM",117,275
"14295",19209,5415,5871,"BrM",117,276
"14296",19210,5416,3477,"BrM",117,277
"14297",19212,5416,5708,"U",117,277
"14298",19213,5417,3007,"BrM",117,278
"14299",19215,5417,5729,"U",117,278
"14300",19216,5417,5875,"U",117,278
"14301",19217,5418,5475,"BrF",117,279
"14302",19218,5418,5377,"BrM",117,279
"14303",19220,5419,5360,"BrF",117,281
"14304",19221,5419,5474,"BrM",117,281
"14305",19222,5420,3522,"BrF",117,282
"14306",19223,5420,5361,"BrM",117,282
"14307",19225,5420,5891,"U",117,282
"14308",19226,5421,5005,"BrM",117,283
"14309",19227,5421,5736,"BrF",117,283
"14310",19229,5422,5872,"SEEN1",117,284
"14311",19230,5422,5860,"SEEN1",117,284
"14312",19231,5422,5886,"SEEN1",117,284
"14313",19232,5423,5380,"BrF",117,423
"14314",19233,5423,4824,"BrM",117,423
"14315",19234,5423,5867,"SEEN1",117,423
"14316",19235,5424,5478,"BrF",117,424
"14317",19236,5424,5375,"BrM",117,424
"14318",19238,5425,5722,"BrM",117,425
"14319",19239,5426,5485,"BrM",117,426
"14320",19241,5427,5701,"BrF",117,427
"14321",19242,5427,5476,"BrM",117,427
"14322",19243,5427,5858,"FL",117,427
"14323",19244,5427,5869,"FL",117,427
"14324",19245,5428,5359,"BrM",117,428
"14325",19246,5429,5387,"BrM",117,484
"14326",19247,5430,1888,"BrF",117,485
"14327",19248,5430,1696,"BrM",117,485
"14328",19250,5431,5874,"BrF",117,437
"14329",19251,5431,5695,"BrM",117,437
"14330",19252,5432,4869,"BrF",117,486
"14331",19253,5432,4817,"BrM",117,486
"14332",19255,5433,5720,"BrF",117,487
"14333",19256,5433,5490,"BrM",117,487
"14334",19257,5434,5003,"BrF",117,432
"14335",19258,5434,3471,"BrM",117,432
"14336",19261,5435,3485,"BrM",117,431
"14337",19262,5435,5892,"FL",117,431
"14338",19263,5436,5865,"BrF",117,488
"14339",19264,5436,4823,"BrM",117,488
"14340",19265,5436,5878,"FL",117,488
"14341",19267,5437,5481,"BrM",117,434
"14342",19268,5438,5070,"BrF",117,435
"14343",19269,5438,5060,"BrM",117,435
"14344",19271,5438,5893,"FL",117,435
"14345",19272,5439,5407,"BrF",117,489
"14346",19273,5439,5712,"BrM",117,489
"14347",19275,5440,5696,"BrF",117,492
"14348",19276,5440,5496,"BrM",117,492
"14349",19278,5441,5399,"BrM",117,493
"14350",19279,5441,5894,"U",117,493
"14351",19280,5442,5393,"BrF",117,494
"14352",19281,5442,5398,"BrM",117,494
"14353",19282,5442,5868,"OFL",117,494
"14354",19284,5443,5381,"BrM",117,495
"14355",19285,5444,5406,"BrM",117,496
"14356",19286,5445,5405,"BrF",117,491
"14357",19287,5445,5032,"BrM",117,491
"14358",19289,5446,5494,"BrF",117,497
"14359",19290,5446,5699,"BrM",117,497
"14360",19291,5446,5880,"FL",117,497
"14361",19293,5447,5366,"BrF",117,498
"14362",19294,5447,5030,"BrM",117,498
"14363",19295,5447,5883,"FL",117,498
"14364",19298,5448,5741,"BrM",117,499
"14365",19300,5449,5351,"BrM",117,500
"14366",19301,5450,5383,"BrM",117,501
"14367",19303,5451,5416,"BrF",117,502
"14368",19304,5451,5876,"BrM",117,502
"14369",19306,5452,5404,"BrF",117,503
"14370",19307,5452,5410,"BrM",117,503
"14371",19309,5453,5374,"BrF",117,504
"14372",19310,5453,5715,"BrM",117,504
"14373",19312,5454,5743,"BrM",117,505
"14374",19313,5454,5895,"FL",117,505
"14375",19314,5454,5873,"U",117,505
"14376",19315,5454,5866,"U",117,505
"14377",19316,5455,1684,"BrM",117,507
"14378",19318,5456,5693,"BrF",117,508
"14379",19319,5456,5742,"BrM",117,508
"14380",19320,5457,5482,"BrF",117,509
"14381",19321,5457,5409,"BrM",117,509
"14382",19323,5458,5694,"BrF",117,511
"14383",19324,5458,1427,"BrM",117,511
"14384",19325,5459,5744,"BrF",117,512
"14385",19326,5459,5382,"BrM",117,512
"14386",19328,5460,5394,"BrF",117,513
"14387",19329,5460,5358,"BrM",117,513
"14388",19331,5461,5368,"BrF",117,514
"14389",19332,5461,5362,"BrM",117,514
"14390",19335,5462,5709,"BrM",117,525
"14391",19336,5463,5379,"BrF",117,529
"14392",19337,5463,5378,"BrM",117,529
"14393",19338,5464,5401,"SEEN1",117,527
"14394",19339,5464,5739,"SEEN1",117,527
"14395",19340,5465,5402,"BrF",117,528
"14396",19341,5465,5006,"BrM",117,528
"14397",19343,5465,5896,"FL",117,528
"14398",19344,5466,5719,"BrM",117,526
"14399",19345,5466,5739,"SEEN1",117,526
"14400",19347,5467,5724,"BrM",117,534
"14401",19348,5468,5870,"U",117,535
"14402",19349,5468,5864,"U",117,535
"14403",19350,5468,5885,"U",117,535
"14404",19351,5468,5859,"U",117,535
"14405",19353,5469,5746,"U",117,536
"14406",19354,5470,5707,"BrM",117,538
"14407",19355,5471,5697,"BrM",117,532
"14408",19357,5472,5357,"BrF",117,539
"14409",19358,5472,5705,"BrM",117,539
"14410",19361,5473,1887,"BrM",117,540
"14411",19362,5474,5882,"U",117,541
"14412",19364,5474,5861,"SEEN1",117,541
"14413",19366,5475,5486,"BrM",117,548
"14414",19368,5476,5039,"SEEN1",117,549
"14415",19371,5477,5739,"SEEN1",117,550
"14416",19372,5477,5897,"U",117,550
"14417",19373,5478,5727,"BrM",117,551
"14418",19374,5478,5879,"U",117,551
"14419",19375,5479,5492,"BrM",117,552
"14420",19377,5480,5898,"BrM",117,553
"14421",19379,5481,5713,"BrM",117,554
"14422",19380,5482,5160,"BrF",103,1
"14423",19381,5482,1750,"BrM",103,1
"14424",19382,5483,5267,"BrF",103,2
"14425",19383,5483,2960,"BrM",103,2
"14426",19385,5484,4829,"BrM",103,3
"14427",19386,5484,5327,"ABX",103,3
"14428",19387,5484,5453,"ABX",103,3
"14429",19388,5484,5343,"ABX",103,3
"14430",19389,5485,1532,"BrF",103,4
"14431",19390,5485,911,"BrM",103,4
"14432",19391,5485,5071,"ABX",103,4
"14433",19392,5486,5155,"BrF",103,5
"14434",19394,5487,1509,"BrM",103,7
"14435",19395,5488,1605,"BrF",103,8
"14436",19396,5488,1660,"H",103,8
"14437",19398,5489,1826,"BrF",103,9
"14438",19399,5489,1499,"BrM",103,9
"14439",19400,5490,5125,"BrF",103,11
"14440",19401,5490,4902,"BrM",103,11
"14441",19402,5491,930,"BrF",103,12
"14442",19403,5491,3519,"BrM",103,12
"14443",19404,5491,5282,"ABX",103,12
"14444",19406,5492,1607,"BrM",103,13
"14445",19409,5494,1762,"BrM",103,15
"14446",19410,5495,1753,"BrF",103,16
"14447",19411,5495,3612,"BrM",103,16
"14448",19412,5495,5448,"ABX",103,16
"14449",19414,5495,5197,"SEEN1",103,16
"14450",19415,5496,1729,"BrM",103,20
"14451",19416,5497,1702,"BrM",103,23
"14452",19418,5498,5164,"BrF",103,24
"14453",19419,5498,2966,"BrM",103,24
"14454",19421,5499,4897,"BrM",103,25
"14455",19422,5499,5315,"ABX",103,25
"14456",19423,5500,3446,"BrF",103,26
"14457",19424,5500,1848,"BrM",103,26
"14458",19425,5501,3490,"BrF",103,27
"14459",19426,5501,5450,"ABX",103,27
"14460",19427,5502,1857,"ABX",103,28
"14461",19428,5503,5163,"BrF",103,30
"14462",19430,5504,3497,"BrF",103,32
"14463",19431,5505,4941,"BrF",103,33
"14464",19432,5506,1864,"BrF",103,34
"14465",19433,5506,1542,"BrM",103,34
"14466",19435,5507,1824,"BrF",103,36
"14467",19436,5507,4967,"BrM",103,36
"14468",19437,5507,4941,"SEEN1",103,36
"14469",19438,5508,1415,"BrF",103,39
"14470",19439,5508,4890,"BrM",103,39
"14471",19441,5509,3462,"BrF",103,40
"14472",19442,5509,3093,"BrM",103,40
"14473",19444,5510,5119,"BrF",103,42
"14474",19445,5510,5235,"U",103,42
"14475",19446,5511,5320,"ABX",103,43
"14476",19448,5512,4999,"BrF",103,45
"14477",19449,5513,1868,"BrM",103,46
"14478",19450,5513,4973,"ABX",103,46
"14479",19451,5513,5317,"ABX",103,46
"14480",19452,5514,1765,"BrF",103,47
"14481",19453,5514,1752,"BrM",103,47
"14482",19454,5514,2985,"ABX",103,47
"14483",19455,5515,4896,"BrF",103,48
"14484",19456,5515,2990,"BrM",103,48
"14485",19458,5516,3608,"BrF",103,50
"14486",19459,5516,1553,"BrM",103,50
"14487",19460,5517,1361,"BrF",103,51
"14488",19461,5518,3094,"BrF",103,53
"14489",19462,5518,5170,"BrM",103,53
"14490",19463,5519,5314,"ABX",103,54
"14491",19465,5520,2968,"BrF",103,55
"14492",19466,5520,5240,"BrM",103,55
"14493",19468,5521,2959,"BrF",103,57
"14494",19469,5521,3515,"BrM",103,57
"14495",19471,5522,1523,"BrM",103,58
"14496",19473,5523,3022,"BrF",103,59
"14497",19474,5523,3696,"BrM",103,59
"14498",19476,5524,1744,"BrM",103,60
"14499",19477,5525,1827,"BrF",103,61
"14500",19478,5525,4934,"BrM",103,61
"14501",19480,5526,5290,"BrM",103,62
"14502",19481,5526,5336,"BrF",103,62
"14503",19482,5527,1042,"BrF",103,63
"14504",19483,5527,1577,"BrM",103,63
"14505",19484,5527,5123,"H",103,63
"14506",19485,5527,4970,"SEEN1",103,63
"14507",19487,5528,5195,"BrF",103,67
"14508",19488,5528,4972,"BrM",103,67
"14509",19489,5529,4971,"BrF",103,68
"14510",19490,5529,1897,"BrM",103,68
"14511",19491,5530,869,"BrF",103,69
"14512",19492,5530,453,"BrM",103,69
"14513",19493,5531,1782,"BrF",103,70
"14514",19494,5531,1881,"BrM",103,70
"14515",19495,5532,5144,"BrM",103,71
"14516",19496,5533,5168,"BrF",103,74
"14517",19497,5533,1031,"BrM",103,74
"14518",19498,5534,2989,"BrF",103,75
"14519",19499,5534,4887,"BrM",103,75
"14520",19501,5535,4958,"BrF",103,77
"14521",19502,5535,4888,"BrM",103,77
"14522",19503,5535,5456,"ABX",103,77
"14523",19504,5536,1803,"BrF",103,79
"14524",19505,5536,1802,"BrM",103,79
"14525",19506,5536,3516,"ABX",103,79
"14526",19507,5536,5275,"SEEN1",103,79
"14527",19509,5537,1895,"BrF",103,81
"14528",19510,5537,5212,"ABX",103,81
"14529",19512,5538,2986,"BrF",103,82
"14530",19513,5539,3567,"BrF",103,83
"14531",19514,5539,1604,"BrM",103,83
"14532",19516,5540,1491,"BrF",103,85
"14533",19517,5540,5285,"BrM",103,85
"14534",19518,5541,2978,"BrF",103,86
"14535",19519,5541,3089,"BrM",103,86
"14536",19520,5541,2963,"H",103,86
"14537",19522,5542,5174,"BrF",103,87
"14538",19523,5543,4954,"SEEN1",103,88
"14539",19524,5544,5216,"ABX",103,90
"14540",19525,5544,3595,"BrF",103,90
"14541",19526,5544,5292,"BrM",103,90
"14542",19528,5545,1717,"BrF",103,92
"14543",19529,5545,4954,"BrM",103,92
"14544",19530,5545,5283,"ABX",103,92
"14545",19531,5545,5275,"SEEN1",103,92
"14546",19532,5546,1195,"BrF",103,94
"14547",19533,5546,5249,"BrM",103,94
"14548",19534,5547,4960,"BrF",103,95
"14549",19535,5547,4872,"BrM",103,95
"14550",19537,5548,4935,"BrF",103,96
"14551",19538,5548,4948,"BrM",103,96
"14552",19539,5548,5118,"ABX",103,96
"14553",19541,5549,1438,"BrF",103,98
"14554",19542,5549,1708,"BrM",103,98
"14555",19543,5549,5497,"ABX",103,98
"14556",19544,5549,5461,"ABX",103,98
"14557",19545,5549,5326,"U",103,98
"14558",19546,5550,3604,"BrF",103,99
"14559",19547,5550,1533,"BrM",103,99
"14560",19548,5550,3643,"SEEN1",103,99
"14561",19550,5551,3606,"BrF",103,100
"14562",19551,5551,1394,"BrM",103,100
"14563",19552,5551,5459,"ABX",103,100
"14564",19554,5552,3518,"BrF",103,101
"14565",19555,5552,3454,"BrM",103,101
"14566",19557,5553,5128,"BrF",103,105
"14567",19558,5553,3458,"BrM",103,105
"14568",19559,5553,5217,"SEEN1",103,105
"14569",19561,5554,1580,"BrF",103,109
"14570",19562,5554,3643,"BrM",103,109
"14571",19563,5555,3645,"BrF",103,110
"14572",19564,5555,3644,"BrM",103,110
"14573",19566,5556,1576,"BrF",103,111
"14574",19567,5557,1731,"BrM",103,112
"14575",19568,5557,5447,"ABX",103,112
"14576",19569,5557,5465,"ABX",103,112
"14577",19570,5558,3486,"BrM",103,116
"14578",19571,5558,4956,"ABX",103,116
"14579",19573,5559,3698,"BrF",103,118
"14580",19574,5559,1489,"BrM",103,118
"14581",19576,5560,4803,"BrF",103,121
"14582",19579,5561,3694,"BrF",103,123
"14583",19580,5562,1877,"BrM",103,125
"14584",19581,5562,5334,"ABX",103,125
"14585",19583,5563,3491,"BrF",103,126
"14586",19584,5563,5169,"BrM",103,126
"14587",19585,5564,4965,"BrF",103,127
"14588",19586,5564,1616,"BrM",103,127
"14589",19588,5565,3700,"BrF",103,128
"14590",19589,5565,4933,"BrM",103,128
"14591",19591,5565,5899,"OFL",103,128
"14592",19592,5566,1678,"BrF",103,129
"14593",19593,5566,1412,"BrM",103,129
"14594",19594,5566,5173,"H",103,129
"14595",19596,5567,4868,"BrF",103,134
"14596",19597,5567,1886,"BrM",103,134
"14597",19598,5567,5498,"OFL",103,134
"14598",19599,5568,3002,"BrF",103,135
"14599",19600,5568,5269,"BrM",103,135
"14600",19601,5569,3574,"BrF",103,137
"14601",19602,5569,4866,"BrM",103,137
"14602",19603,5569,5458,"ABX",103,137
"14603",19604,5570,3451,"BrF",103,138
"14604",19605,5570,1801,"BrM",103,138
"14605",19606,5570,5499,"FL",103,138
"14606",19607,5570,5319,"SEEN1",103,138
"14607",19608,5570,1886,"SEEN1",103,138
"14608",19609,5571,1172,"BrF",103,139
"14609",19610,5571,1171,"BrM",103,139
"14610",19611,5572,1617,"BrF",103,140
"14611",19612,5572,1494,"BrM",103,140
"14612",19613,5573,5324,"BrF",103,154
"14613",19614,5573,1869,"BrM",103,154
"14614",19615,5574,4885,"BrF",103,155
"14615",19616,5574,4953,"BrM",103,155
"14616",19617,5574,3507,"ABX",103,155
"14617",19620,5575,5075,"BrF",103,157
"14618",19621,5575,5000,"BrM",103,157
"14619",19622,5575,5325,"ABX",103,157
"14620",19623,5576,4861,"BrF",103,159
"14621",19624,5576,5116,"BrM",103,159
"14622",19625,5576,5217,"U",103,159
"14623",19626,5577,5132,"BrF",103,160
"14624",19627,5577,5121,"BrM",103,160
"14625",19629,5577,3451,"SEEN1",103,160
"14626",19630,5577,1801,"SEEN1",103,160
"14627",19631,5578,1043,"BrF",103,165
"14628",19632,5578,4957,"BrM",103,165
"14629",19633,5578,5226,"ABX",103,165
"14630",19634,5578,5319,"SEEN1",103,165
"14631",19635,5579,4919,"BrF",103,167
"14632",19636,5579,5172,"BrM",103,167
"14633",19638,5580,3517,"BrF",103,168
"14634",19639,5580,5220,"BrM",103,168
"14635",19640,5581,3699,"BrF",103,169
"14636",19641,5581,5076,"BrM",103,169
"14637",19642,5582,1872,"BrF",103,171
"14638",19643,5582,1819,"BrM",103,171
"14639",19644,5583,1716,"BrF",103,173
"14640",19645,5583,4892,"BrM",103,173
"14641",19647,5583,5316,"SEEN1",103,173
"14642",19648,5584,5162,"BrF",103,174
"14643",19649,5584,5077,"BrM",103,174
"14644",19650,5585,4883,"BrF",103,177
"14645",19651,5585,5254,"BrM",103,177
"14646",19652,5586,1798,"BrF",103,178
"14647",19653,5586,2974,"BrM",103,178
"14648",19654,5586,5338,"ABX",103,178
"14649",19655,5587,5268,"BrF",103,179
"14650",19656,5587,2991,"BrM",103,179
"14651",19657,5588,5197,"BrM",103,172
"14652",19659,5589,3616,"BrF",103,403
"14653",19660,5589,3576,"BrM",103,403
"14654",19661,5590,3569,"BrF",103,407
"14655",19662,5590,3456,"BrM",103,407
"14656",19663,5590,5204,"ABX",103,407
"14657",19664,5590,1848,"SEEN1",103,407
"14658",19665,5591,4871,"BrF",103,480
"14659",19666,5592,1361,"SEEN1",103,479
"14660",19667,5593,1707,"BrF",103,477
"14661",19668,5593,1710,"BrM",103,477
"14662",19669,5593,4936,"ABX",103,477
"14663",19670,5594,2968,"SEEN2",103,472
"14664",19671,5594,1783,"BrM",103,472
"14665",19673,5595,4961,"BrF",103,481
"14666",19674,5595,5167,"BrM",103,481
"14667",19675,5596,5265,"BrF",103,515
"14668",19676,5596,5275,"BrM",103,515
"14669",19677,5596,3616,"SEEN1",103,515
"14670",19678,5596,5337,"SEEN1",103,515
"14671",19679,5596,3643,"SEEN1",103,515
"14672",19680,5597,2976,"BrM",103,516
"14673",19681,5312,5160,"TBRF",116,1
"14674",19682,5312,1750,"BrM",116,1
"14675",19683,5359,5267,"BrF",116,2
"14676",19684,5359,2960,"BrM",116,2
"14677",19685,5312,1605,"BrF",116,1
"14678",19686,5313,5557,"TBRM",116,3
"14679",19687,5313,5828,"BrM",116,3
"14680",19688,5313,1763,"BrF",116,3
"14681",19689,5598,1605,"BrF",116,8
"14682",19690,5598,5620,"BrM",116,8
"14683",19691,5364,1826,"BrF",116,9
"14684",19692,5318,4971,"BrF",116,11
"14685",19693,5295,930,"BrF",116,12
"14686",19694,5599,5621,"BrF",116,13
"14687",19695,5353,5284,"BrF",116,14
"14688",19696,5296,5320,"BrF",116,15
"14689",19697,5327,5642,"BrF",116,16
"14690",19698,5314,3085,"BrF",116,20
"14691",19699,5297,5164,"BrF",116,24
"14692",19700,5356,1852,"BrF",116,26
"14693",19701,5298,3490,"BrF",116,27
"14694",19702,5365,1857,"BrF",116,28
"14695",19703,5339,5163,"BrF",116,30
"14696",19704,5299,3497,"BrF",116,32
"14697",19705,5600,4941,"BrF",116,33
"14698",19706,5349,5766,"BrF",116,34
"14699",19707,5319,1824,"BrF",116,36
"14700",19708,5309,1415,"BrF",116,39
"14701",19709,5601,3462,"BrF",116,40
"14702",19710,5334,2986,"BrF",116,41
"14703",19711,5602,5592,"BrF",116,42
"14704",19712,5354,5465,"BrF",116,43
"14705",19713,5335,4999,"BrF",116,45
"14706",19714,5336,4973,"BrF",116,46
"14707",19715,5321,5125,"BrF",116,47
"14708",19716,5321,5525,"H",116,47
"14709",19717,5306,4896,"BrF",116,48
"14710",19718,5307,3608,"BrF",116,50
"14711",19719,5357,5450,"BrF",116,51
"14712",19720,5322,3094,"BrF",116,53
"14713",19721,5603,1821,"BrF",116,54
"14714",19722,5303,2968,"BrF",116,55
"14715",19723,5344,5514,"BrF",116,57
"14716",19724,5604,5613,"BrF",116,58
"14717",19725,5605,3022,"BrF",116,59
"14718",19726,5355,3453,"BrF",116,60
"14719",19727,5323,1827,"BrF",116,61
"14720",19728,5606,3491,"BrF",116,62
"14721",19729,5340,1042,"BrF",116,63
"14722",19730,5350,5195,"BrF",116,67
"14723",19731,5341,5337,"BrF",116,68
"14724",19732,5315,5224,"BrF",116,70
"14725",19733,5308,4917,"BrF",116,71
"14726",19734,5320,5452,"BrF",116,72
"14727",19735,5324,2989,"TBRF",116,75
"14728",19736,5324,5575,"BrF",116,75
"14729",19737,5337,4958,"BrF",116,77
"14730",19738,5607,5597,"BrF",116,79
"14731",19739,5608,5589,"BrF",116,80
"14732",19740,5310,5537,"BrF",116,81
"14733",19741,5609,5530,"BrF",116,82
"14734",19742,5316,3567,"BrF",116,83
"14735",19743,5610,5615,"TBRF",116,85
"14736",19744,5610,5685,"BrF",116,85
"14737",19745,5611,2978,"BrF",116,86
"14738",19746,5351,5174,"BrF",116,87
"14739",19747,5360,4904,"BrF",116,88
"14740",19748,5612,5216,"BrF",116,90
"14741",19749,5325,1717,"BrF",116,92
"14742",19750,5361,5845,"BrF",116,94
"14743",19751,5326,5608,"BrF",116,95
"14744",19752,5613,5521,"BrF",116,96
"14745",19753,5345,1438,"BrF",116,98
"14746",19754,5614,5564,"BrF",116,99
"14747",19755,5615,3606,"BrF",116,100
"14748",19756,5300,3518,"BrF",116,101
"14749",19757,5616,5128,"BrF",116,105
"14750",19758,5301,1580,"BrF",116,109
"14751",19759,5617,3645,"BrF",116,110
"14752",19760,5618,5212,"BrF",116,111
"14753",19761,5302,5625,"BrF",116,112
"14754",19762,5619,5678,"BrF",116,116
"14755",19763,5362,3698,"BrF",116,118
"14756",19764,5304,4803,"BrF",116,121
"14757",19765,5620,3694,"BrF",116,123
"14758",19766,5367,3596,"BrF",116,125
"14759",19767,5358,5341,"BrF",116,126
"14760",19768,5346,5323,"BrF",116,127
"14761",19769,5343,5277,"BrF",116,128
"14762",19770,5363,1678,"BrF",116,129
"14763",19771,5328,5518,"BrF",116,134
"14764",19772,5621,3002,"BrF",116,135
"14765",19773,5329,3574,"BrF",116,137
"14766",19774,5330,3451,"BrF",116,138
"14767",19775,5622,3507,"BrF",116,139
"14768",19776,5348,5534,"BrF",116,140
"14769",19777,5342,5324,"BrF",116,154
"14770",19778,5623,4885,"BrF",116,155
"14771",19779,5331,5075,"BrF",116,157
"14772",19780,5305,4861,"BrF",116,159
"14773",19781,5624,5132,"BrF",116,160
"14774",19782,5332,5634,"BrF",116,165
"14775",19783,5625,1864,"BrF",116,168
"14776",19784,5626,3699,"BrF",116,169
"14777",19785,5627,1872,"BrF",116,171
"14778",19786,5627,1819,"BrM",116,171
"14779",19787,5628,1716,"BrF",116,173
"14780",19788,5629,5162,"BrF",116,174
"14781",19789,5294,4883,"BrF",116,177
"14782",19790,5630,5545,"BrF",116,544
"14783",19791,5352,5511,"BrF",116,178
"14784",19792,5631,5562,"BrF",116,179
"14785",19793,5347,3594,"BrF",116,172
"14786",19794,5317,5616,"BrF",116,407
"14787",19795,5632,5683,"BrF",116,478
"14788",19796,5311,5524,"BrF",116,480
"14789",19797,5338,5549,"BrF",116,479
"14790",19798,5366,1707,"BrF",116,477
"14791",19799,5633,5339,"TBRF",116,481
"14792",19800,5634,5536,"BrF",116,490
"14793",19801,5333,5542,"BrF",116,515
"14794",19802,5635,5009,"BrF",116,516
"14795",19803,5636,5774,"FLOAT",116,-3
"14796",19804,5636,5837,"FLOAT",116,-3
"14797",19805,5636,5319,"FLOAT",116,-3
"14798",19806,5636,5779,"FLOAT",116,-3
"14799",19807,5636,5781,"FLOAT",116,-3
"14800",19810,5636,5630,"FLOAT",116,-3
"14801",19811,5636,5657,"FLOAT",116,-3
"14802",19812,5636,5584,"FLOAT",116,-3
"14803",19813,5636,5594,"FLOAT",116,-3
"14804",19814,5364,1499,"BrM",116,9
"14805",19815,5318,5624,"BrM",116,11
"14806",19816,5295,5462,"BrM",116,12
"14807",19817,5599,1607,"BrM",116,13
"14808",19818,5353,5682,"BrM",116,14
"14809",19819,5296,1762,"BrM",116,15
"14810",19820,5327,5235,"BrM",116,16
"14811",19821,5314,1729,"BrM",116,20
"14812",19822,5297,2966,"BrM",116,24
"14813",19823,5356,5595,"BrM",116,26
"14814",19824,5298,3087,"BrM",116,27
"14815",19825,5365,5453,"BrM",116,28
"14816",19826,5339,5072,"BrM",116,30
"14817",19827,5299,1611,"TBRM",116,32
"14818",19828,5299,5782,"BrM",116,32
"14819",19829,5600,5749,"BrF",116,33
"14820",19830,5349,5787,"BrM",116,34
"14821",19831,5319,5679,"BrM",116,36
"14822",19832,5309,4890,"BrM",116,39
"14823",19833,5601,5590,"BrM",116,40
"14824",19834,5334,5588,"BrM",116,41
"14825",19835,5354,5631,"BrM",116,43
"14826",19836,5335,5655,"BrM",116,45
"14827",19837,5336,1868,"BrM",116,46
"14828",19838,5321,5513,"BrM",116,47
"14829",19839,5306,5765,"BrM",116,48
"14830",19840,5307,5237,"BrM",116,50
"14831",19841,5357,5614,"BrM",116,51
"14832",19842,5322,5170,"BrM",116,53
"14833",19843,5603,5170,"BrM",116,54
"14834",19844,5303,5776,"BrM",116,55
"14835",19845,5344,5321,"BrM",116,57
"14836",19846,5604,1523,"BrM",116,58
"14837",19847,5605,3696,"BrM",116,59
"14838",19848,5355,5523,"BrM",116,60
"14839",19849,5323,5776,"BrM",116,61
"14840",19850,5323,4934,"TBRM",116,61
"14841",19851,5606,5290,"BrM",116,62
"14842",19852,5350,4972,"BrM",116,67
"14843",19853,5341,5508,"BrM",116,68
"14844",19854,5315,1881,"BrM",116,70
"14845",19855,5308,5847,"BrM",116,71
"14846",19856,5320,5334,"BrM",116,72
"14847",19857,5324,5585,"BrM",116,75
"14848",19858,5337,5626,"BrM",116,77
"14849",19859,5607,5602,"BrM",116,79
"14850",19860,5608,5586,"BrM",116,80
"14851",19861,5310,4947,"BrM",116,81
"14852",19862,5609,5447,"BrM",116,82
"14853",19863,5316,1604,"BrM",116,83
"14854",19864,5610,5285,"BrM",116,85
"14855",19865,5611,3089,"BrM",116,86
"14856",19866,5351,1722,"BrM",116,87
"14857",19867,5360,5283,"BrM",116,88
"14858",19868,5612,5292,"BrM",116,90
"14859",19869,5325,4954,"BrM",116,92
"14860",19870,5361,5249,"BrM",116,94
"14861",19871,5326,4872,"BrM",116,95
"14862",19872,5613,4948,"BrM",116,96
"14863",19873,5345,1708,"BrM",116,98
"14864",19874,5614,1533,"BrM",116,99
"14865",19875,5615,5547,"BrM",116,100
"14866",19876,5300,5587,"BrM",116,101
"14867",19877,5616,5583,"BrM",116,105
"14868",19878,5301,3643,"BrM",116,109
"14869",19879,5617,5582,"BrM",116,110
"14870",19880,5618,5559,"BrM",116,111
"14871",19881,5302,1731,"BrM",116,112
"14872",19882,5619,3486,"BrM",116,116
"14873",19883,5362,1489,"BrM",116,118
"14874",19884,5304,1829,"BrM",116,121
"14875",19885,5620,5639,"BrM",116,123
"14876",19886,5367,1877,"BrM",116,125
"14877",19887,5358,5522,"BrM",116,126
"14878",19888,5346,5643,"BrM",116,127
"14879",19889,5346,5783,"TBRM",116,127
"14880",19890,5343,4933,"BrM",116,128
"14881",19891,5363,5291,"BrM",116,129
"14882",19892,5363,5173,"H",116,129
"14883",19893,5328,5456,"BrM",116,134
"14884",19894,5621,5528,"BrM",116,135
"14885",19895,5329,4866,"BrM",116,137
"14886",19896,5330,1801,"BrM",116,138
"14887",19897,5622,5605,"BrM",116,139
"14888",19898,5348,1494,"BrM",116,140
"14889",19899,5342,1869,"BrM",116,154
"14890",19900,5623,5338,"BrM",116,155
"14891",19901,5331,5000,"BrM",116,157
"14892",19902,5305,5686,"BrF",116,159
"14893",19903,5624,5498,"BrM",116,160
"14894",19904,5332,4957,"BrM",116,165
"14895",19905,5638,5226,"BrM",116,167
"14896",19906,5625,5333,"BrM",116,168
"14897",19907,5626,5509,"BrM",116,169
"14898",19908,5628,4892,"BrM",116,173
"14899",19909,5629,5077,"BrM",116,174
"14900",19910,5294,5254,"BrM",116,177
"14901",19911,5630,5638,"BrM",116,544
"14902",19912,5352,2974,"BrM",116,178
"14903",19913,5631,2991,"BrM",116,179
"14904",19914,5347,5836,"BrM",116,172
"14905",19915,5317,3456,"BrM",116,407
"14906",19916,5632,4854,"BrM",116,478
"14907",19917,5311,4860,"BrM",116,480
"14908",19918,5338,5612,"BrM",116,479
"14909",19919,5366,1710,"BrM",116,477
"14910",19920,5633,5620,"BrM",116,481
"14911",19921,5634,5828,"BrM",116,490
"14912",19922,5333,5275,"BrM",116,515
"14913",19923,5635,5529,"BrM",116,516
"14914",19924,5359,5517,"H",116,2
"14915",19925,5313,3086,"H",116,3
"14916",19926,5295,5282,"ABX",116,12
"14917",19927,5599,5604,"H",116,13
"14918",19928,5298,5780,"ABX",116,27
"14919",19929,5336,5611,"H",116,46
"14920",19930,5321,5770,"AB",116,47
"14921",19931,5344,5640,"H",116,57
"14922",19932,5605,5636,"ABX",116,59
"14923",19933,5340,5123,"H",116,63
"14924",19934,5340,1577,"BrM",116,63
"14925",19935,5341,1669,"H",116,68
"14926",19936,5324,5824,"ABX",116,75
"14927",19937,5316,5657,"ABX",116,83
"14928",19938,5612,3595,"H",116,90
"14929",19939,5617,5598,"H",116,110
"14930",19940,5362,5242,"H",116,118
"14931",19941,5346,4965,"H",116,127
"14932",19942,5343,5644,"H",116,128
"14933",19943,5624,5650,"H",116,160
"14934",19944,5366,5832,"H",116,477
"14935",19945,5359,5834,"AB",116,2
"14936",19946,5359,5825,"ABX",116,2
"14937",19947,5359,5827,"FL",116,2
"14938",19948,5313,5831,"SEEN2",116,3
"14939",19949,5598,1660,"ABX",116,8
"14940",19950,5364,5750,"ABX",116,9
"14941",19951,5364,5841,"ABX",116,9
"14942",19952,5309,5772,"ABX",116,39
"14943",19953,5319,5839,"ABX",116,36
"14944",19954,5339,5823,"H",116,30
"14945",19955,5365,5843,"ABX",116,28
"14946",19956,5298,5833,"ABX",116,27
"14947",19957,5356,5607,"ABX",116,26
"14948",19958,5297,5835,"ABX",116,24
"14949",19959,5314,5829,"ABX",116,20
"14950",19960,5321,5771,"SEEN1",116,47
"14951",19961,5307,5748,"AB",116,50
"14952",19962,5357,5769,"ABX",116,51
"14953",19963,5606,5846,"OFL",116,62
"14954",19964,5350,5830,"ABX",116,67
"14955",19965,5341,5766,"ABX",116,68
"14956",19966,5341,5842,"ABX",116,68
"14957",19967,5308,5543,"ABX",116,71
"14958",19968,5308,5768,"ABX",116,71
"14959",19969,5320,5764,"ABX",116,72
"14960",19970,5360,5820,"ABX",116,88
"14961",19971,5613,5118,"ABX",116,96
"14962",19972,5345,5618,"ABX",116,98
"14963",19973,5616,5838,"SEEN2",116,105
"14964",19974,5367,5596,"AB",116,125
"14965",19975,5330,5600,"H",116,138
"14966",19976,5342,5637,"ABX",116,154
"14967",19977,5628,5775,"ABX",116,173
"14968",19978,5331,5652,"ABX",116,157
"14969",19979,5305,5217,"ABX",116,159
"14970",19980,5305,5593,"ABX",116,159
"14971",19981,5625,5641,"ABX",116,168
"14972",19982,5625,5777,"ABX",116,168
"14973",19983,5625,5778,"ABX",116,168
"14974",19984,5629,5782,"OFL",116,174
"14975",19985,5363,5826,"ABX",116,129
"14976",19986,5358,5784,"SEEN1",116,126
"14977",19987,5367,5850,"ABX",116,125
"14978",19988,5599,5822,"FL",116,13
"14979",19989,5340,5849,"ABX",116,63
"14980",19990,5350,5848,"FL",116,67
"14981",19991,5337,5853,"FL",116,77
"14982",19992,5328,5851,"FL",116,134
"14983",19993,5632,5844,"ABX",116,478
"14984",19994,5338,5854,"FL",116,479
"14985",19995,5338,5855,"FL",116,479
"14986",19996,5301,5852,"FL",116,109
"14987",19997,5598,5635,"SEEN1",116,8
"14988",19998,5633,5635,"BrF",116,481
"14989",19999,5364,5787,"SEEN1",116,9
"14990",20000,5636,5786,"FLOAT",116,-3
"14991",20001,5303,5593,"SEEN2",116,55
"14992",20002,5344,5779,"SEEN2",116,57
"14993",20003,5323,5779,"SEEN1",116,61
"14994",20006,5613,5633,"SEEN1",116,96
"14995",20007,5302,5618,"SEEN1",116,112
"14996",20008,5358,5779,"SEEN1",116,126
"14997",20009,5363,5648,"SEEN1",116,129
"14998",20015,5321,5601,"SEEN1",116,47
"14999",20050,5300,5606,"U",116,101
"15000",20051,5615,5606,"SEEN1",116,100
"15001",20052,6214,5658,"FLOAT",116,-3
"15002",20054,5641,5618,"BrF",118,1
"15003",20055,5641,1750,"BrM",118,1
"15004",20056,5642,5267,"BrF",118,2
"15005",20057,5642,2960,"BrM",118,2
"15006",20058,5642,5517,"ABX",118,2
"15007",20059,5642,5834,"ABX",118,2
"15008",20060,5642,5825,"ABX",118,2
"15009",20061,5642,5827,"NS",118,2
"15010",20062,5643,1763,"BrF",118,3
"15011",20063,5643,5828,"BrM",118,3
"15012",20064,5643,3086,"ABX",118,3
"15013",20065,5643,5831,"NS",118,3
"15014",20067,5644,1605,"BrF",118,8
"15015",20068,5644,5620,"BrM",118,8
"15016",20069,5644,1660,"ABX",118,8
"15017",20070,5644,5837,"SEEN1",118,8
"15018",20072,5645,1826,"BrF",118,9
"15019",20073,5645,1499,"BrM",118,9
"15020",20074,5645,5750,"ABX",118,9
"15021",20075,5645,5841,"ABX",118,9
"15022",20076,5645,5787,"NS",118,9
"15023",20077,5646,4971,"BrF",118,11
"15024",20078,5646,5624,"BrM",118,11
"15025",20079,5647,930,"BrF",118,12
"15026",20080,5647,5462,"BrM",118,12
"15027",20081,5647,5282,"NSA",118,12
"15028",20083,5648,5621,"BrF",118,13
"15029",20084,5648,1607,"BrM",118,13
"15030",20085,5648,5604,"ABX",118,13
"15031",20086,5648,5822,"ABX",118,13
"15032",20087,5649,5284,"BrF",118,14
"15033",20088,5649,5682,"BrM",118,14
"15034",20089,5649,5775,"NSA",118,14
"15035",20090,5650,5320,"BrF",118,15
"15036",20091,5650,1762,"BrM",118,15
"15037",20093,5651,5642,"BrF",118,16
"15038",20094,5651,5235,"BrM",118,16
"15039",20095,5652,3085,"BrF",118,20
"15040",20096,5652,1729,"BrM",118,20
"15041",20097,5652,5829,"ABX",118,20
"15042",20098,5652,5786,"NS",118,20
"15043",20099,5653,5630,"BrF",118,24
"15044",20100,5653,2966,"BrM",118,24
"15045",20101,5653,5835,"NSA",118,24
"15046",20102,5654,1852,"BrF",118,26
"15047",20103,5654,5595,"BrM",118,26
"15048",20104,5654,5607,"NSA",118,26
"15049",20105,5655,3490,"BrF",118,27
"15050",20106,5655,3087,"BrM",118,27
"15051",20107,5655,5780,"ABX",118,27
"15052",20108,5655,5833,"ABX",118,27
"15053",20109,5656,1857,"BrF",118,28
"15054",20110,5656,5453,"BrM",118,28
"15055",20111,5656,5843,"ABX",118,28
"15056",20112,5657,5163,"BrF",118,30
"15057",20113,5657,5072,"BrM",118,30
"15058",20114,5657,5823,"NSA",118,30
"15059",20115,5658,3497,"BrF",118,32
"15060",20116,5658,5782,"BrM",118,32
"15061",20118,5659,4941,"BrF",118,33
"15062",20119,5659,5749,"BrF",118,33
"15063",20120,5660,5903,"SEEN1",118,34
"15064",20121,5660,5679,"SEEN2",118,34
"15065",20123,5661,1824,"BrF",118,36
"15066",20124,5661,5679,"BrM",118,36
"15067",20125,5661,5839,"ABX",118,36
"15068",20127,5662,5766,"SEEN2",118,39
"15069",20129,5662,4890,"BrM",118,39
"15070",20130,5662,5772,"ABX",118,39
"15071",20131,5962,3462,"BrF",118,40
"15072",20132,5962,5590,"BrM",118,40
"15073",20133,5664,2986,"BrF",118,41
"15074",20134,5664,5588,"BrM",118,41
"15075",20135,5665,5592,"NS",118,42
"15076",20136,5665,5655,"NS",118,42
"15077",20137,5666,5465,"BrF",118,43
"15078",20138,5666,5631,"BrM",118,43
"15079",20139,5666,5905,"ABX",118,43
"15080",20140,5667,4999,"BrF",118,45
"15081",20141,5667,5655,"BrM",118,45
"15082",20142,5668,4973,"BrF",118,46
"15083",20143,5668,1868,"BrM",118,46
"15084",20144,5668,5611,"ABX",118,46
"15085",20146,41,1228,"CH",22,48
"15086",20147,78,1241,"CH",22,104
"15087",20150,349,1519,"CH",28,1
"15088",20152,5669,5747,"OFL",110,24
"15089",20154,5367,5821,"ABX",116,125
"15090",20161,443,1486,"CH",28,173
"15091",20162,4378,5473,"CH",85,86
"15092",20164,116,1220,"XF",22,171
"15093",20165,61,1226,"CH",22,74
"15094",20166,31,1232,"CH",22,28
"15095",20167,106,1233,"CH",22,157
"15096",20168,55,1237,"CH",22,67
"15097",20169,68,1238,"CH",22,87
"15098",20170,37,1239,"CH",22,42
"15099",20171,184,1269,"SEEN1",23,166
"15100",20173,201,1393,"CH",25,22
"15101",20174,268,1399,"CH",25,137
"15102",20175,360,1522,"CH",28,16
"15103",20178,787,1761,"CH",41,15
"15104",20184,739,3611,"CH",37,138
"15105",20186,739,3613,"CH",37,138
"15106",20188,5671,5160,"BrF",112,1
"15107",20189,5671,1750,"BrM",112,1
"15108",20190,5672,5267,"BrF",112,2
"15109",20191,5672,2960,"BrM",112,2
"15110",20192,5672,5517,"ABX",112,2
"15111",20194,5673,1763,"BrF",112,3
"15112",20195,5673,5557,"BrM",112,3
"15113",20196,5673,3086,"H",112,3
"15114",20198,5673,5584,"U",112,3
"15115",20199,5674,1605,"BrF",112,8
"15116",20200,5674,5620,"BrM",112,8
"15117",20201,5674,1660,"ABX",112,8
"15118",20202,5675,1826,"BrF",112,9
"15119",20203,5675,1499,"BrM",112,9
"15120",20204,5675,5635,"H",112,9
"15121",20205,5675,5750,"H",112,9
"15122",20206,5675,5787,"FL",112,9
"15123",20207,5676,4971,"BrF",112,11
"15124",20208,5676,5624,"BrM",112,11
"15125",20209,5677,930,"BrF",112,12
"15126",20210,5677,5462,"BrM",112,12
"15127",20211,5677,5282,"H",112,12
"15128",20213,5678,5621,"BrF",112,13
"15129",20214,5678,1607,"BrM",112,13
"15130",20215,5678,5604,"ABX",112,13
"15131",20216,5679,5284,"BrF",112,14
"15132",20217,5679,5682,"BrM",112,14
"15133",20218,5680,5320,"BrF",112,15
"15134",20219,5680,1762,"BrM",112,15
"15135",20220,5681,5642,"BrF",112,16
"15136",20221,5681,5235,"BrM",112,16
"15137",20222,5682,3085,"BrF",112,20
"15138",20223,5682,1729,"BrM",112,20
"15139",20224,5682,5786,"SEEN1",112,20
"15140",20225,5683,5164,"BrF",112,24
"15141",20226,5683,2966,"BrM",112,24
"15142",20228,5684,1852,"BrF",112,26
"15143",20229,5684,5607,"BrF",112,26
"15144",20230,5685,3490,"BrF",112,27
"15145",20231,5685,3087,"BrM",112,27
"15146",20232,5685,5780,"FL",112,27
"15147",20233,5686,1857,"BrF",112,28
"15148",20234,5686,5453,"BrM",112,28
"15149",20236,5687,5163,"BrF",112,30
"15150",20237,5687,5072,"BrM",112,30
"15151",20239,5688,1611,"BrM",112,32
"15152",20241,5689,4941,"BrF",112,33
"15153",20242,5689,5749,"BrF",112,33
"15154",20243,5690,1864,"BrF",112,34
"15155",20244,5690,1542,"BrM",112,34
"15156",20245,5691,1824,"BrF",112,36
"15157",20246,5691,5679,"BrM",112,36
"15158",20248,5692,1415,"BrF",112,39
"15159",20249,5692,4890,"BrM",112,39
"15160",20250,5692,5772,"ABX",112,39
"15161",20251,5693,2986,"BrF",112,41
"15162",20252,5693,5588,"BrM",112,41
"15163",20253,5694,5592,"BrF",112,42
"15164",20254,5694,5655,"BrM",112,42
"15165",20255,5695,5465,"BrF",112,43
"15166",20256,5695,5631,"BrM",112,43
"15167",20257,5696,4999,"BrF",112,45
"15168",20258,5696,5655,"BrM",112,45
"15169",20259,5697,4973,"BrF",112,46
"15170",20260,5697,1868,"BrM",112,46
"15171",20261,5698,5125,"BrF",112,47
"15172",20262,5698,5513,"BrM",112,47
"15173",20263,5698,5525,"H",112,47
"15174",20264,5698,5601,"ABX",112,47
"15175",20265,5698,5771,"FL",112,47
"15176",20266,5698,5770,"FL",112,47
"15177",20267,5699,4896,"BrF",112,48
"15178",20268,5699,5765,"ABX",112,48
"15179",20269,5700,3608,"BrF",112,50
"15180",20270,5700,5237,"BrM",112,50
"15181",20271,5700,5748,"ABX",112,50
"15182",20272,5701,5450,"BrF",112,51
"15183",20273,5701,5614,"BrM",112,51
"15184",20274,5701,5769,"OFL",112,51
"15185",20275,5702,3094,"BrF",112,53
"15186",20276,5702,5170,"BrM",112,53
"15187",20277,5703,1821,"BrF",112,54
"15188",20278,5703,5170,"BrM",112,54
"15189",20279,5704,2968,"BrF",112,55
"15190",20280,5704,5776,"BrM",112,55
"15191",20281,5704,5779,"SEEN1",112,55
"15192",20282,5705,5514,"BrF",112,57
"15193",20283,5706,5613,"BrF",112,58
"15194",20284,5706,1523,"BrM",112,58
"15195",20286,5707,3022,"BrF",112,59
"15196",20287,5707,3696,"BrM",112,59
"15197",20288,5707,5636,"ABX",112,59
"15198",20289,5708,3453,"BrF",112,60
"15199",20290,5708,5523,"BrM",112,60
"15200",20291,5708,5785,"FL",112,60
"15201",20292,5709,1827,"BrF",112,61
"15202",20293,5709,4934,"BrM",112,61
"15203",20294,5710,3491,"BrF",112,62
"15204",20295,5710,5290,"BrM",112,62
"15205",20297,5711,1042,"BrF",112,63
"15206",20298,5711,1577,"BrM",112,63
"15207",20299,5711,5123,"ABX",112,63
"15208",20300,5712,5195,"BrF",112,67
"15209",20301,5712,4972,"BrM",112,67
"15210",20303,5713,5337,"BrF",112,68
"15211",20304,5713,5508,"BrM",112,68
"15212",20305,5713,1669,"H",112,68
"15213",20307,5713,5766,"OFL",112,68
"15214",20308,5714,5319,"BrF",112,69
"15215",20309,5715,5224,"BrF",112,70
"15216",20310,5715,1881,"BrM",112,70
"15217",20311,5716,4917,"BrF",112,71
"15218",20312,5716,5543,"ABX",112,71
"15219",20313,5716,5768,"U",112,71
"15220",20314,5717,5452,"BrF",112,72
"15221",20315,5717,5334,"BrM",112,72
"15222",20316,5717,5764,"ABX",112,72
"15223",20317,5718,2989,"BrF",112,75
"15224",20318,5718,5585,"BrM",112,75
"15225",20319,5718,5575,"H",112,75
"15226",20321,5718,5774,"SEEN1",112,75
"15227",20322,5719,4958,"BrF",112,77
"15228",20323,5719,5626,"BrM",112,77
"15229",20324,5720,5597,"BrF",112,79
"15230",20325,5720,5602,"BrM",112,79
"15231",20326,5721,5589,"BrF",112,80
"15232",20327,5721,5586,"BrM",112,80
"15233",20328,5721,5781,"ABX",112,80
"15234",20329,5722,5537,"BrF",112,81
"15235",20330,5722,4947,"BrM",112,81
"15236",20331,5723,5530,"BrF",112,82
"15237",20332,5723,5447,"BrM",112,82
"15238",20333,5724,3567,"BrF",112,83
"15239",20334,5724,1604,"BrM",112,83
"15240",20335,5724,5657,"ABX",112,83
"15241",20336,5725,5615,"BrF",112,85
"15242",20337,5725,5285,"BrM",112,85
"15243",20338,5725,5687,"OFL",112,85
"15244",20339,5726,2978,"BrF",112,86
"15245",20340,5726,3089,"BrM",112,86
"15246",20341,5727,5174,"BrF",112,87
"15247",20342,5727,1722,"BrM",112,87
"15248",20344,5728,4904,"BrF",112,88
"15249",20345,5728,5283,"BrM",112,88
"15250",20347,5729,5216,"BrF",112,90
"15251",20348,5729,5292,"BrM",112,90
"15252",20350,5730,1717,"BrF",112,92
"15253",20351,5730,4954,"BrM",112,92
"15254",20353,5731,5249,"BrM",112,94
"15255",20354,5732,5608,"BrF",112,95
"15256",20355,5732,4872,"BrM",112,95
"15257",20356,5733,5521,"BrF",112,96
"15258",20357,5733,4948,"BrM",112,96
"15259",20358,5734,1438,"BrF",112,98
"15260",20359,5734,1708,"BrM",112,98
"15261",20360,5734,5618,"ABX",112,98
"15262",20361,5735,3604,"BrF",112,99
"15263",20362,5735,1533,"BrM",112,99
"15264",20364,5736,3606,"BrF",112,100
"15265",20365,5736,5606,"BrM",112,100
"15266",20366,5737,3518,"BrF",112,101
"15267",20367,5737,5587,"BrM",112,101
"15268",20368,5738,5128,"BrF",112,105
"15269",20369,5738,5583,"BrM",112,105
"15270",20370,5739,1580,"BrF",112,109
"15271",20371,5739,3643,"BrM",112,109
"15272",20373,5740,3645,"BrF",112,110
"15273",20374,5740,5582,"BrM",112,110
"15274",20375,5740,5598,"ABX",112,110
"15275",20376,5741,5212,"BrF",112,111
"15276",20377,5741,5559,"BrM",112,111
"15277",20379,5742,5625,"BrF",112,112
"15278",20380,5742,1731,"BrM",112,112
"15279",20381,5743,5678,"BrF",112,116
"15280",20382,5743,3486,"BrM",112,116
"15281",20383,5744,3698,"BrF",112,118
"15282",20384,5744,1489,"BrM",112,118
"15283",20386,5745,4803,"BrF",112,121
"15284",20387,5745,1829,"BrM",112,121
"15285",20388,5746,3694,"BrF",112,123
"15286",20389,5746,5639,"BrM",112,123
"15287",20390,5747,3596,"BrF",112,125
"15288",20391,5747,1877,"BrM",112,125
"15289",20392,5747,5596,"ABX",112,125
"15290",20393,5748,5341,"BrF",112,126
"15291",20394,5748,5522,"BrM",112,126
"15292",20395,5748,5784,"FL",112,126
"15293",20396,5749,5323,"BrF",112,127
"15294",20397,5749,5783,"OFL",112,127
"15295",20398,5749,4965,"ABX",112,127
"15296",20399,5750,5277,"BrF",112,128
"15297",20400,5750,4933,"BrM",112,128
"15298",20401,5750,5643,"ABX",112,128
"15299",20402,5751,1678,"BrF",112,129
"15300",20403,5751,5291,"BrM",112,129
"15301",20404,5751,5173,"ABX",112,129
"15302",20406,5751,5648,"SEEN1",112,129
"15303",20407,5752,5518,"BrF",112,134
"15304",20408,5752,5456,"BrM",112,134
"15305",20409,5753,3002,"BrF",112,135
"15306",20410,5753,5528,"BrM",112,135
"15307",20412,5754,3574,"BrF",112,137
"15308",20413,5754,4866,"BrM",112,137
"15309",20414,5755,3451,"BrF",112,138
"15310",20415,5755,1801,"BrM",112,138
"15311",20416,5755,5600,"ABX",112,138
"15312",20417,5756,3507,"BrF",112,139
"15313",20418,5756,5605,"BrM",112,139
"15314",20419,5757,5534,"BrF",112,140
"15315",20420,5757,1494,"BrM",112,140
"15316",20421,5758,5324,"BrF",112,154
"15317",20422,5758,1869,"BrM",112,154
"15318",20423,5758,5637,"ABX",112,154
"15319",20424,5759,4885,"BrF",112,155
"15320",20425,5759,5338,"BrM",112,155
"15321",20426,5760,5075,"BrF",112,157
"15322",20427,5760,5000,"BrM",112,157
"15323",20428,5760,5652,"ABX",112,157
"15324",20429,5761,4861,"BrF",112,159
"15325",20430,5761,5547,"BrM",112,159
"15326",20431,5761,5217,"ABX",112,159
"15327",20432,5761,5593,"ABX",112,159
"15328",20433,5761,5686,"ABX",112,159
"15329",20434,5762,5132,"BrF",112,160
"15330",20435,5762,5498,"BrM",112,160
"15331",20436,5762,5650,"ABX",112,160
"15332",20437,5763,5634,"BrF",112,165
"15333",20438,5763,4957,"BrM",112,165
"15334",20439,5764,4919,"BrF",112,167
"15335",20440,5765,3517,"BrF",112,168
"15336",20441,5765,5333,"BrM",112,168
"15337",20442,5765,5641,"ABX",112,168
"15338",20443,5765,5777,"FL",112,168
"15339",20444,5765,5778,"FL",112,168
"15340",20445,5766,3699,"BrF",112,169
"15341",20446,5766,5509,"BrM",112,169
"15342",20447,5767,1872,"BrF",112,171
"15343",20448,5767,1819,"BrM",112,171
"15344",20449,5768,1716,"BrF",112,173
"15345",20450,5768,4892,"BrM",112,173
"15346",20452,5768,5775,"SEEN1",112,173
"15347",20453,5769,5162,"BrF",112,174
"15348",20454,5769,5077,"BrM",112,174
"15349",20455,5769,5782,"ABX",112,174
"15350",20456,5770,4883,"BrF",112,177
"15351",20457,5770,5254,"BrM",112,177
"15352",20458,5771,5545,"BrF",112,544
"15353",20459,5771,5638,"BrM",112,544
"15354",20460,5772,5511,"BrF",112,178
"15355",20461,5772,2974,"BrM",112,178
"15356",20462,5772,5773,"ABX",112,178
"15357",20463,5773,5562,"BrF",112,179
"15358",20464,5773,2991,"BrM",112,179
"15359",20465,5774,3594,"BrF",112,172
"15360",20467,5775,5616,"BrF",112,407
"15361",20468,5775,3456,"BrM",112,407
"15362",20470,5776,5683,"BrF",112,478
"15363",20471,5776,4854,"BrM",112,478
"15364",20472,5777,5524,"BrF",112,480
"15365",20473,5777,4860,"BrM",112,480
"15366",20474,5777,5767,"FL",112,480
"15367",20475,5778,5549,"BrF",112,479
"15368",20476,5778,5612,"BrM",112,479
"15369",20478,5779,1707,"BrF",112,477
"15370",20479,5779,1710,"BrM",112,477
"15371",20480,5779,5595,"H",112,477
"15372",20482,5780,5339,"BrF",112,481
"15373",20483,5780,5590,"BrM",112,481
"15374",20484,5781,5536,"BrF",112,490
"15375",20485,5781,5557,"BrM",112,490
"15376",20487,5782,5542,"BrF",112,515
"15377",20488,5782,5275,"BrM",112,515
"15378",20489,5783,5009,"BrF",112,516
"15379",20490,5783,5529,"BrM",112,516
"15380",20491,6235,5685,"FLOAT",112,-3
"15381",20492,5714,5630,"ABX",112,69
"15382",20493,5784,3690,"FL",54,15
"15383",20494,5785,3647,"FL",54,75
"15384",20495,5786,3649,"FL",54,54
"15385",20496,5787,3652,"FL",54,127
"15386",20498,5789,3689,"FL",54,8
"15387",20500,5791,3701,"FL",54,165
"15388",20501,5788,3653,"FL",54,128
"15389",20502,5792,4802,"FL",74,169
"15390",20503,4378,5175,"CH",85,86
"15391",20505,4064,5286,"CH",90,4
"15392",20506,4727,5329,"FL",92,43
"15393",20508,4786,5330,"OFL",92,135
"15394",20509,4743,5331,"OFL",92,63
"15395",20510,5793,5751,"OFL",110,34
"15396",20511,5794,5752,"OFL",110,12
"15397",20513,5795,5753,"OFL",110,112
"15398",20514,5796,5754,"U",110,105
"15399",20515,5797,5755,"OFL",110,127
"15400",20516,5798,5756,"OFL",110,179
"15401",20517,5799,5757,"OFL",110,530
"15402",20518,5793,5758,"OFL",110,34
"15403",20519,5800,5759,"OFL",110,137
"15404",20520,5801,5760,"U",110,40
"15405",20521,5802,5761,"OFL",110,69
"15406",20522,5803,5762,"U",110,59
"15407",20523,5804,5763,"U",110,75
"15408",20525,5764,5226,"BrM",112,167
"15409",20526,5688,3497,"BrF",112,32
"15410",20527,5733,5118,"NSA",112,96
"15411",20528,5696,5658,"NSA",112,45
"15412",20529,5744,5242,"NSA",112,118
"15413",20530,5705,5321,"BrM",112,57
"15414",20531,5715,5564,"NSA",112,70
"15415",20532,5736,5594,"NSA",112,100
"15416",20533,5697,5611,"NSA",112,46
"15417",20534,5707,5633,"NSA",112,59
"15418",20535,5705,5640,"NSA",112,57
"15419",20536,5750,5644,"NSA",112,128
"15420",20537,5729,3595,"NSA",112,90
"15421",20538,5731,5910,"FL",112,94
"15422",20539,5808,5516,"BrF",113,555
"15423",20540,5808,3093,"BrM",113,555
"15424",20541,5809,1765,"BrF",113,556
"15425",20542,5809,5554,"BrM",113,556
"15426",20543,5810,5574,"BrF",113,557
"15427",20544,5810,5116,"BrM",113,557
"15428",20545,5811,5684,"BrM",113,558
"15429",20546,5812,5760,"BrF",113,559
"15430",20547,5812,5551,"BrM",113,559
"15431",20548,5813,5628,"BrM",113,560
"15432",20549,5814,5457,"BrF",113,561
"15433",20550,5814,5316,"BrM",113,561
"15434",20551,5815,5573,"BrF",113,562
"15435",20552,5815,5539,"BrM",113,562
"15436",20553,5816,5609,"BrF",113,563
"15437",20554,5816,5603,"BrM",113,563
"15438",20555,5817,5619,"BrF",113,564
"15439",20556,5817,5540,"BrM",113,564
"15440",20557,5818,5632,"BrF",113,565
"15441",20558,5818,5759,"BrM",113,565
"15442",20559,5819,5553,"BrF",113,566
"15443",20560,5819,4902,"BrM",113,566
"15444",20561,5820,5313,"BrF",113,567
"15445",20562,5820,5622,"BrM",113,567
"15446",20563,5821,5610,"BrF",113,568
"15447",20564,5821,5550,"BrM",113,568
"15448",20565,5822,1791,"BrF",113,569
"15449",20566,5822,5754,"BrM",113,569
"15450",20567,5823,5531,"BrF",113,570
"15451",20568,5823,5144,"BrM",113,570
"15452",20569,5824,5756,"BrF",113,571
"15453",20570,5824,5591,"BrM",113,571
"15454",20571,5825,3462,"BrF",113,572
"15455",20572,5825,5526,"BrM",113,572
"15456",20573,5826,5599,"BrM",113,573
"15457",20574,5827,5762,"BrM",113,574
"15458",20575,5828,5761,"BrF",113,575
"15459",20576,5828,5747,"BrM",113,575
"15460",20577,5829,5623,"BrF",113,576
"15461",20578,5829,5763,"BrM",113,576
"15462",20579,5830,5649,"BrM",113,577
"15463",20580,5831,5617,"BrF",113,578
"15464",20581,5831,5515,"BrM",113,578
"15465",20582,5832,5654,"BrM",113,579
"15466",20583,5833,5753,"BrM",113,580
"15467",20584,5834,5757,"BrM",113,581
"15468",20585,5835,5751,"BrF",113,582
"15469",20586,5836,5758,"SEEN1",113,-5
"15470",20587,5837,5561,"SEEN1",113,-5
"15471",20588,5838,5167,"U",113,-5
"15472",20589,5839,1803,"NS",113,-5
"15473",20590,5840,5532,"NS",113,-5
"15474",20591,5841,5315,"NS",113,-5
"15475",20592,5842,5497,"NS",113,-5
"15476",20593,5843,5755,"NS",113,-5
"15477",20594,5844,5752,"NS",113,-5
"15478",20595,5845,5680,"NS",113,-5
"15479",20596,5846,5335,"NS",113,-5
"15480",20597,5847,5240,"NS",113,-5
"15481",20598,5362,5840,"CH",116,118
"15482",20599,5420,5698,"SEEN1",117,282
"15483",20600,5251,5695,"U",109,423
"15484",20601,5251,5406,"SEEN1",109,423
"15485",20603,5854,1427,"BrM",84,268
"15486",20604,4029,3485,"SEEN2",73,284
"15487",20605,5855,3524,"BrM",73,484
"15488",20606,5856,1888,"BrF",73,485
"15489",20607,5856,1696,"BrM",73,485
"15490",20608,4004,825,"SEEN1",73,258
"15491",20609,5403,5863,"SEEN1",117,264
"15492",20610,2988,825,"NSA",36,258
"15493",20611,5857,1409,"NSA",36,-4
"15494",20612,5857,1695,"NSA",36,-4
"15495",20613,5857,1696,"NSA",36,-4
"15496",20614,5858,1696,"NSA",38,-4
"15497",20615,5857,1856,"NSA",36,-4
"15498",20616,5859,1856,"NSA",93,-4
"15499",20617,5857,1858,"NSA",36,-4
"15500",20618,5857,1887,"NSA",36,-4
"15501",20619,5859,1887,"NSA",93,-4
"15502",20620,5857,2998,"NSA",36,-4
"15503",20621,5857,3007,"NSA",36,-4
"15504",20622,5857,3096,"NSA",36,-4
"15505",20623,4648,3473,"NSA",93,276
"15506",20624,5860,3473,"NSA",102,276
"15507",20625,5861,3477,"NSA",93,277
"15508",20626,4645,3481,"NSA",93,273
"15509",20627,5862,3485,"NSA",102,431
"15510",20628,5859,4817,"NSA",93,-4
"15511",20629,5863,4825,"NSA",93,280
"15512",20630,4909,4825,"NSA",102,280
"15513",20631,4896,5001,"NSA",102,265
"15514",20632,5859,5039,"NSA",93,-4
"15515",20633,5864,5039,"NSA",102,-4
"15516",20634,5864,5040,"NSA",102,-4
"15517",20635,5859,5040,"NSA",93,-4
"15518",20636,5864,5357,"NSA",102,-4
"15519",20637,4905,5370,"NSA",102,275
"15520",20638,4908,5377,"NSA",102,279
"15521",20639,5864,5385,"NSA",102,-4
"15522",20640,5865,1490,"BrF",73,259
"15523",20641,5866,1435,"SEEN2",33,-4
"15524",20642,5867,1683,"SEEN1",33,-4
"15525",20643,4673,5420,"BrF",93,493
"15526",20644,4676,5423,"FL",93,496
"15527",20645,5868,1687,"SEEN1",120,-1
"15528",20646,5868,249,"SEEN1",120,-1
"15529",20647,5868,248,"SEEN1",120,-1
"15530",20648,5868,247,"SEEN1",120,-1
"15531",20649,5868,246,"SEEN1",120,-1
"15532",20650,5868,245,"SEEN1",120,-1
"15533",20651,5868,244,"SEEN1",120,-1
"15534",20652,5868,243,"SEEN1",120,-1
"15535",20653,5868,242,"SEEN1",120,-1
"15536",20654,5868,241,"SEEN1",120,-1
"15537",20655,5868,240,"SEEN1",120,-1
"15538",20656,5868,239,"SEEN1",120,-1
"15539",20657,5868,236,"SEEN1",120,-1
"15540",20658,5868,235,"SEEN1",120,-1
"15541",20659,5868,234,"SEEN1",120,-1
"15542",20660,5868,232,"SEEN1",120,-1
"15543",20661,5868,231,"SEEN1",120,-1
"15544",20662,5868,230,"SEEN1",120,-1
"15545",20663,5868,229,"SEEN1",120,-1
"15546",20664,5868,228,"SEEN1",120,-1
"15547",20665,5868,227,"SEEN1",120,-1
"15548",20666,5868,226,"SEEN1",120,-1
"15549",20667,5868,224,"SEEN1",120,-1
"15550",20668,5868,223,"SEEN1",120,-1
"15551",20669,5868,222,"SEEN1",120,-1
"15552",20670,5868,94,"SEEN1",120,-1
"15553",20671,5868,74,"SEEN1",120,-1
"15554",20672,5868,68,"SEEN1",120,-1
"15555",20673,5868,61,"SEEN1",120,-1
"15556",20674,5869,5751,"SEEN1",119,-5
"15557",20675,5869,5752,"SEEN1",119,-5
"15558",20676,5869,5753,"SEEN1",119,-5
"15559",20677,5869,5516,"SEEN1",119,-5
"15560",20678,5869,5554,"SEEN1",119,-5
"15561",20679,5869,5573,"SEEN1",119,-5
"15562",20680,5869,5550,"SEEN1",119,-5
"15563",20681,5869,5539,"SEEN1",119,-5
"15564",20682,5869,5144,"SEEN1",119,-5
"15565",20683,5869,5603,"SEEN1",119,-5
"15566",20684,5869,5617,"SEEN1",119,-5
"15567",20685,5869,5315,"SEEN1",119,-5
"15568",20686,5869,5654,"SEEN1",119,-5
"15569",20687,5869,5619,"SEEN1",119,-5
"15570",20688,5869,5313,"SEEN1",119,-5
"15571",20689,5869,5754,"SEEN1",119,-5
"15572",20690,5869,5755,"SEEN1",119,-5
"15573",20691,5869,5680,"SEEN1",119,-5
"15574",20692,5869,5684,"SEEN1",119,-5
"15575",20693,5869,5622,"SEEN1",119,-5
"15576",20694,5869,5540,"SEEN1",119,-5
"15577",20695,5869,5623,"SEEN1",119,-5
"15578",20696,5869,5756,"SEEN1",119,-5
"15579",20697,5869,5757,"SEEN1",119,-5
"15580",20698,5869,5758,"SEEN1",119,-5
"15581",20699,5869,5759,"SEEN1",119,-5
"15582",20700,5869,5747,"SEEN1",119,-5
"15583",20701,5869,5167,"SEEN1",119,-5
"15584",20702,5869,5561,"SEEN1",119,-5
"15585",20703,5869,5574,"SEEN1",119,-5
"15586",20704,5869,5526,"SEEN1",119,-5
"15587",20705,5869,5497,"SEEN1",119,-5
"15588",20706,5869,5551,"SEEN1",119,-5
"15589",20707,5869,3462,"SEEN1",119,-5
"15590",20708,5869,5116,"SEEN1",119,-5
"15591",20709,5869,1765,"SEEN1",119,-5
"15592",20710,5869,4902,"SEEN1",119,-5
"15593",20711,5869,5532,"SEEN1",119,-5
"15594",20712,5869,5599,"SEEN1",119,-5
"15595",20713,5869,5649,"SEEN1",119,-5
"15596",20714,5869,5760,"SEEN1",119,-5
"15597",20715,5869,5761,"SEEN1",119,-5
"15598",20716,5869,5762,"SEEN1",119,-5
"15599",20717,5869,5763,"SEEN1",119,-5
"15600",20718,5869,5610,"SEEN1",119,-5
"15601",20719,5869,5316,"SEEN1",119,-5
"15602",20720,5869,5240,"SEEN1",119,-5
"15603",20721,5869,5628,"SEEN1",119,-5
"15604",20722,5869,1791,"SEEN1",119,-5
"15605",20723,5869,5335,"SEEN1",119,-5
"15606",20724,5869,5515,"SEEN1",119,-5
"15607",20725,5869,5553,"SEEN1",119,-5
"15608",20726,5869,5591,"SEEN1",119,-5
"15609",20727,5869,5531,"SEEN1",119,-5
"15610",20728,5869,5632,"SEEN1",119,-5
"15611",20729,5869,5609,"SEEN1",119,-5
"15612",20730,5869,3093,"SEEN1",119,-5
"15613",20731,5869,1803,"SEEN1",119,-5
"15614",20732,5869,5457,"SEEN1",119,-5
"15615",20733,5870,1368,"SEEN1",33,-4
"15616",20734,5871,1844,"SEEN2",33,-4
"15617",20735,5872,1888,"SEEN1",33,-4
"15618",20736,5873,2965,"SEEN2",33,-4
"15619",20737,5874,1209,"SEEN1",33,-4
"15620",20738,4666,4869,"NSA",93,486
"15621",20739,5875,5039,"NSA",109,-4
"15622",20740,5857,1888,"NSA",36,-4
"15623",20741,5857,2965,"NSA",36,-4
"15624",20742,5876,1888,"NSA",38,-4
"15625",20743,5877,5770,"SEEN2",118,47
"15626",20744,5877,5513,"BrM",118,47
"15627",20745,5877,5525,"H",118,47
"15628",20746,5877,5125,"ABX",118,47
"15629",20747,5877,5601,"NS",118,47
"15630",20748,5877,5771,"NS",118,47
"15631",20750,5878,4896,"BrF",118,48
"15632",20751,5878,5765,"BrM",118,48
"15633",20752,5878,5764,"ABX",118,48
"15634",20754,5879,3608,"BrF",118,50
"15635",20755,5879,5834,"ABX",118,50
"15636",20756,5879,5748,"ABX",118,50
"15637",20757,5879,5237,"NS",118,50
"15638",20758,5880,5450,"BrF",118,51
"15639",20759,5880,5614,"BrM",118,51
"15640",20760,5880,5769,"ABX",118,51
"15641",20762,5887,1821,"BrF",118,60
"15642",20763,5882,5170,"BrM",118,53
"15643",20764,5887,5170,"NS",118,60
"15644",20765,5882,3094,"BrF",118,53
"15645",20767,5883,2968,"BrF",118,55
"15646",20768,5883,5776,"BrM",118,55
"15647",20769,5884,5514,"BrF",118,57
"15648",20770,5884,5321,"BrM",118,57
"15649",20772,5885,5613,"BrF",118,58
"15650",20773,5885,1523,"BrM",118,58
"15651",20775,5885,5779,"SEEN1",118,58
"15652",20776,5886,3022,"BrF",118,59
"15653",20777,5886,3696,"BrM",118,59
"15654",20778,5886,5636,"NS",118,59
"15655",20780,5887,3453,"TBRF",118,60
"15656",20781,5887,5523,"BrM",118,60
"15657",20782,5887,5902,"ABX",118,60
"15658",20783,5888,1827,"BrF",118,61
"15659",20784,5888,5776,"BrM",118,61
"15660",20785,5889,3491,"BrF",118,62
"15661",20786,5889,5290,"BrM",118,62
"15662",20787,5889,5846,"ABX",118,62
"15663",20789,5929,5826,"NSA",118,129
"15664",20790,5890,1042,"BrF",118,63
"15665",20791,5890,1577,"BrM",118,63
"15666",20792,5890,5123,"NS",118,63
"15667",20793,5890,5901,"ABX",118,63
"15668",20794,5890,5849,"NS",118,63
"15669",20795,5891,5195,"BrF",118,67
"15670",20796,5891,4972,"BrM",118,67
"15671",20797,5891,5830,"NS",118,67
"15672",20798,5891,5848,"NS",118,67
"15673",20799,5892,5337,"BrF",118,68
"15674",20800,5892,5508,"BrM",118,68
"15675",20801,5892,1669,"NSA",118,68
"15676",20802,5892,5842,"NSA",118,68
"15677",20803,5893,5224,"BrF",118,70
"15678",20804,5893,1881,"BrM",118,70
"15679",20805,5894,4917,"BrF",118,71
"15680",20806,5894,5847,"BrM",118,71
"15681",20807,5894,5543,"ABX",118,71
"15682",20808,5894,5768,"NS",118,71
"15683",20809,5895,5452,"BrF",118,72
"15684",20810,5895,5334,"BrM",118,72
"15685",20811,5896,5575,"BrF",118,75
"15686",20812,5896,5585,"BrM",118,75
"15687",20813,5915,5824,"ABX",118,101
"15688",20814,5897,4958,"BrF",118,77
"15689",20815,5897,5626,"BrM",118,77
"15690",20816,5897,5853,"ABX",118,77
"15691",20817,5898,5597,"BrF",118,79
"15692",20818,5898,5602,"BrM",118,79
"15693",20819,5899,5589,"BrF",118,80
"15694",20820,5899,5586,"BrM",118,80
"15695",20821,5899,5907,"FL",118,80
"15696",20822,5900,5537,"BrF",118,81
"15697",20823,5900,4947,"BrM",118,81
"15698",20824,5901,5530,"BrF",118,82
"15699",20825,5901,5447,"BrM",118,82
"15700",20826,5902,3567,"BrF",118,83
"15701",20827,5902,1604,"BrM",118,83
"15702",20828,5902,5657,"NSA",118,83
"15703",20829,5903,5685,"BrF",118,85
"15704",20830,5903,5285,"BrM",118,85
"15705",20832,5904,2978,"BrF",118,86
"15706",20833,5904,3089,"BrM",118,86
"15707",20835,5905,5174,"NSA",118,87
"15708",20836,5905,1722,"NS",118,87
"15709",20838,5906,4904,"BrF",118,88
"15710",20839,5906,5283,"BrM",118,88
"15711",20840,5906,5820,"ABX",118,88
"15712",20841,5907,5216,"BrF",118,90
"15713",20842,5907,5292,"BrM",118,90
"15714",20843,5907,3595,"ABX",118,90
"15715",20845,5908,1717,"BrF",118,92
"15716",20846,5908,4954,"BrM",118,92
"15717",20847,5909,5845,"BrF",118,94
"15718",20848,5909,5249,"BrM",118,94
"15719",20850,5910,5608,"BrF",118,95
"15720",20851,5910,4872,"BrM",118,95
"15721",20852,5911,5521,"BrF",118,96
"15722",20853,5911,4948,"BrM",118,96
"15723",20854,5911,5118,"NSA",118,96
"15724",20855,5911,5633,"NSA",118,96
"15725",20856,5912,1438,"BrF",118,98
"15726",20857,5912,1708,"BrM",118,98
"15727",20858,5913,5564,"BrF",118,99
"15728",20859,5913,1533,"BrM",118,99
"15729",20861,5914,3606,"BrF",118,100
"15730",20862,5914,5547,"BrM",118,100
"15731",20863,5915,5653,"BrF",118,101
"15732",20864,5915,5606,"BrM",118,101
"15733",20865,5915,3518,"ABX",118,101
"15734",20866,5916,5128,"BrF",118,105
"15735",20867,5916,5583,"BrM",118,105
"15736",20868,5916,5838,"NSA",118,105
"15737",20869,5917,1580,"BrF",118,109
"15738",20870,5917,3643,"BrM",118,109
"15739",20871,5917,5852,"NS",118,109
"15740",20873,5918,3645,"BrF",118,110
"15741",20874,5918,5582,"BrM",118,110
"15742",20875,5918,5598,"NSA",118,110
"15743",20877,5919,5212,"BrF",118,111
"15744",20878,5919,5559,"BrM",118,111
"15745",20880,5920,5625,"BrF",118,112
"15746",20881,5920,1731,"BrM",118,112
"15747",20882,5921,5678,"BrF",118,116
"15748",20883,5921,3486,"BrM",118,116
"15749",20884,5922,3698,"BrF",118,118
"15750",20885,5922,1489,"BrM",118,118
"15751",20886,5922,5242,"NS",118,118
"15752",20888,5923,4803,"BrF",118,121
"15753",20889,5923,1829,"BrM",118,121
"15754",20891,5924,3694,"BrF",118,123
"15755",20892,5924,5639,"BrM",118,123
"15756",20893,5925,3596,"BrF",118,125
"15757",20894,5925,1877,"BrM",118,125
"15758",20895,5925,5596,"NSA",118,125
"15759",20896,5925,5850,"NSA",118,125
"15760",20897,5925,5821,"ABX",118,125
"15761",20899,5926,5341,"BrF",118,126
"15762",20900,5926,5522,"BrM",118,126
"15763",20902,5926,5784,"NS",118,126
"15764",20903,5927,5323,"BrF",118,127
"15765",20904,5927,5643,"BrM",118,127
"15766",20905,5927,4965,"ABX",118,127
"15767",20906,5927,5904,"ABX",118,127
"15768",20907,5928,5277,"BrF",118,128
"15769",20908,5928,4933,"BrM",118,128
"15770",20909,5928,5644,"ABX",118,128
"15771",20911,5929,1678,"BrF",118,129
"15772",20912,5929,5291,"BrM",118,129
"15773",20913,5929,5173,"ABX",118,129
"15774",20915,5930,5518,"BrF",118,134
"15775",20916,5930,5456,"BrM",118,134
"15776",20917,5930,5851,"ABX",118,134
"15777",20918,5931,3002,"BrF",118,135
"15778",20919,5931,5528,"BrM",118,135
"15779",20921,5932,3574,"BrF",118,137
"15780",20922,5932,4866,"BrM",118,137
"15781",20923,5933,3451,"BrF",118,138
"15782",20924,5933,1801,"BrM",118,138
"15783",20926,5934,3507,"BrF",118,139
"15784",20927,5934,5605,"BrM",118,139
"15785",20928,5935,5534,"BrF",118,140
"15786",20929,5935,1494,"BrM",118,140
"15787",20930,5936,5324,"BrF",118,154
"15788",20931,5936,1869,"BrM",118,154
"15789",20932,5936,5637,"NS",118,154
"15790",20933,5937,4885,"BrF",118,155
"15791",20934,5937,5338,"BrM",118,155
"15792",20935,5937,5906,"ABX",118,155
"15793",20936,5938,5075,"BrF",118,157
"15794",20937,5938,5000,"BrM",118,157
"15795",20938,5938,5652,"NSA",118,157
"15796",20940,5939,4861,"BrF",118,159
"15797",20941,5939,5686,"BrF",118,159
"15798",20942,5939,5217,"NSA",118,159
"15799",20943,5939,5593,"NS",118,159
"15800",20944,5940,5132,"BrF",118,160
"15801",20945,5940,5498,"BrM",118,160
"15802",20946,5940,5650,"ABX",118,160
"15803",20948,5941,5634,"BrF",118,165
"15804",20949,5941,4957,"BrM",118,165
"15805",20950,5941,5908,"FL",118,165
"15806",20952,5942,5226,"BrM",118,167
"15807",20953,5943,1864,"BrF",118,168
"15808",20954,5943,5333,"BrM",118,168
"15809",20959,5944,3699,"BrF",118,169
"15810",20960,5944,5509,"BrM",118,169
"15811",20961,5945,1872,"NS",118,171
"15812",20962,5945,1819,"NS",118,171
"15813",20963,5946,1716,"BrF",118,173
"15814",20964,5946,4892,"BrM",118,173
"15815",20966,5947,5162,"BrF",118,174
"15816",20967,5947,5077,"BrM",118,174
"15817",20969,5948,4883,"BrF",118,177
"15818",20970,5948,5254,"BrM",118,177
"15819",20972,5949,5545,"BrF",118,544
"15820",20973,5949,5638,"BrM",118,544
"15821",20974,5950,5511,"BrF",118,178
"15822",20975,5950,2974,"BrM",118,178
"15823",20978,5951,5562,"NS",118,179
"15824",20979,5951,2991,"BrM",118,179
"15825",20980,5952,3594,"BrF",118,172
"15826",20981,5952,5836,"BrM",118,172
"15827",20982,5953,5616,"BrF",118,407
"15828",20983,5953,3456,"BrM",118,407
"15829",20985,5954,5683,"BrF",118,478
"15830",20986,5954,4854,"BrM",118,478
"15831",20987,5954,5844,"NS",118,478
"15832",20988,5955,5524,"BrF",118,480
"15833",20989,5955,4860,"BrM",118,480
"15834",20990,5956,5549,"BrF",118,479
"15835",20991,5956,5612,"BrM",118,479
"15836",20993,5956,5854,"SEEN1",118,479
"15837",20994,5956,5855,"ABX",118,479
"15838",20995,5957,1707,"BrF",118,477
"15839",20996,5957,1710,"BrM",118,477
"15840",20997,5957,5832,"NS",118,477
"15841",20998,5957,5909,"ABX",118,477
"15842",20999,5958,5635,"BrF",118,481
"15843",21000,5958,5620,"BrM",118,481
"15844",21001,5959,5536,"BrF",118,490
"15845",21002,5959,5828,"U",118,490
"15846",21003,5960,5542,"BrF",118,515
"15847",21004,5960,5275,"BrM",118,515
"15848",21005,5961,5009,"BrF",118,516
"15849",21006,5961,5529,"BrM",118,516
"15850",21007,5649,5658,"SEEN1",118,14
"15851",21008,5933,5783,"SEEN1",118,138
"15852",21010,5300,5653,"NSA",116,101
"15853",21011,5964,1195,"BrF",41,94
"15854",21012,5625,3517,"TBRF",116,168
"15855",21013,5349,1542,"TBRM",116,34
"15856",21014,5965,5004,"BrF",121,250
"15857",21015,5965,4813,"BrM",121,250
"15858",21016,5966,1359,"BrM",121,251
"15859",21018,5966,5978,"FL",121,251
"15860",21019,5966,5496,"SEEN1",121,251
"15861",21020,5967,5881,"NS",121,252
"15862",21021,5967,5483,"NS",121,252
"15863",21022,5967,5882,"NS",121,252
"15864",21023,5968,5385,"BrF",121,253
"15865",21025,5968,1671,"NS",121,253
"15866",21026,5969,5714,"BrF",121,254
"15867",21027,5969,5717,"BrM",121,254
"15868",21029,5969,5979,"FL",121,254
"15869",21030,5969,5921,"H",121,254
"15870",21031,5970,5740,"BrF",121,255
"15871",21032,5970,5372,"BrM",121,255
"15872",21033,5970,5715,"SEEN1",121,255
"15873",21036,5971,5980,"BrM",121,256
"15874",21037,5971,5371,"NS",121,256
"15875",21038,5971,5413,"NS",121,256
"15876",21040,5972,5010,"BrM",121,258
"15877",21041,5973,5730,"BrF",121,259
"15878",21042,5973,5862,"BrM",121,259
"15879",21044,5973,5489,"NS",121,259
"15880",21045,5973,5981,"SEEN1",121,259
"15881",21046,5973,5982,"SEEN1",121,259
"15882",21047,5974,5959,"BrF",121,260
"15883",21048,5975,5929,"BrF",121,261
"15884",21050,5975,5930,"BrM",121,261
"15885",21051,5975,5016,"NS",121,261
"15886",21052,5974,1820,"BrM",121,260
"15887",21053,5974,5952,"FL",121,260
"15888",21054,5974,5719,"SEEN1",121,260
"15889",21055,5974,5491,"NS",121,260
"15890",21056,5976,5924,"BrF",121,263
"15891",21057,5976,5925,"BrM",121,263
"15892",21059,5976,5703,"NS",121,263
"15893",21060,5976,4820,"NS",121,263
"15894",21061,5977,5951,"BrF",121,264
"15895",21062,5977,3524,"BrM",121,264
"15896",21063,5977,5732,"NS",121,264
"15897",21065,5978,5936,"SEEN1",121,265
"15898",21066,5978,5001,"NS",121,265
"15899",21067,5979,5493,"BrF",121,266
"15900",21068,5979,5920,"BrM",121,266
"15901",21070,5980,5945,"BrF",121,267
"15902",21071,5980,5345,"BrM",121,267
"15903",21073,5981,5735,"NS",121,268
"15904",21075,5981,5983,"BrM",121,268
"15905",21076,5981,5984,"FL",121,268
"15906",21077,5982,1218,"BrF",121,269
"15907",21078,5982,1726,"BrM",121,269
"15908",21079,5983,5877,"BrF",121,270
"15909",21080,5983,2998,"BrM",121,270
"15910",21082,5984,5884,"BrF",121,271
"15911",21083,5984,1844,"BrM",121,271
"15912",21084,5984,5977,"SEEN1",121,271
"15913",21086,5984,5737,"NS",121,271
"15914",21087,5985,5415,"BrM",121,272
"15915",21089,5985,5970,"SEEN2",121,272
"15916",21090,5985,5963,"SEEN2",121,272
"15917",21091,5986,3481,"BrF",121,273
"15918",21093,5986,2965,"NS",121,273
"15919",21094,5986,5985,"BrM",121,273
"15920",21096,5987,4832,"BrM",121,274
"15921",21098,5988,5987,"FL",121,275
"15922",21099,5988,5986,"BrM",121,275
"15923",21101,5989,5871,"BrM",121,276
"15924",21102,5989,3473,"SEEN2",121,276
"15925",21103,5989,5988,"FL",121,276
"15926",21104,5990,5949,"BrF",121,277
"15927",21105,5990,3477,"BrM",121,277
"15928",21106,5990,5948,"FL",121,277
"15929",21107,5990,5708,"NS",121,277
"15930",21109,5991,3007,"BrM",121,278
"15931",21110,5991,5729,"NS",121,278
"15932",21111,5991,5875,"NS",121,278
"15933",21112,5992,5475,"BrF",121,279
"15934",21113,5992,5377,"BrM",121,279
"15935",21116,5993,5474,"BrM",121,281
"15936",21117,5993,5360,"NS",121,281
"15937",21118,5994,3522,"BrF",121,282
"15938",21119,5994,5878,"BrM",121,282
"15939",21121,5994,5361,"NS",121,282
"15940",21122,5995,5005,"BrM",121,283
"15941",21123,5995,5736,"NS",121,283
"15942",21124,5996,5886,"BrM",121,284
"15943",21125,5996,5861,"SEEN1",121,284
"15944",21126,5997,5911,"SEEN2",121,430
"15945",21127,5997,5916,"SEEN1",121,430
"15946",21128,5997,5917,"FL",121,430
"15947",21129,5998,4824,"BrM",121,423
"15948",21130,5998,5867,"SEEN1",121,423
"15949",21131,5998,5380,"NS",121,423
"15950",21133,5999,5375,"NS",121,424
"15951",21134,5999,5478,"NS",121,424
"15952",21135,6000,5932,"BrF",121,426
"15953",21136,6000,5485,"BrM",121,426
"15954",21139,6001,5885,"BrM",121,427
"15955",21140,6001,5476,"SEEN1",121,427
"15956",21141,6001,5869,"NS",121,427
"15957",21142,6001,5701,"NS",121,427
"15958",21144,6002,5359,"BrM",121,428
"15959",21146,6003,5990,"BrM",121,484
"15960",21147,6004,5707,"BrM",121,485
"15961",21148,6004,1888,"NS",121,485
"15962",21149,6004,1696,"NS",121,485
"15963",21151,6005,5989,"BrM",121,437
"15964",21152,6005,5695,"SEEN2",121,437
"15965",21153,6005,5916,"SEEN1",121,437
"15966",21154,6006,5402,"BrF",121,486
"15967",21155,6006,4817,"BrM",121,486
"15968",21156,6006,4869,"NS",121,486
"15969",21157,6007,5912,"BrF",121,487
"15970",21158,6007,5913,"BrM",121,487
"15971",21160,6007,5991,"FL",121,487
"15972",21161,6007,5490,"NS",121,487
"15973",21162,6007,5720,"NS",121,487
"15974",21163,6008,3471,"BrM",121,432
"15975",21164,6008,5003,"NS",121,432
"15976",21165,6009,5883,"BrF",121,431
"15977",21166,6009,3485,"BrM",121,431
"15978",21168,6010,5960,"BrF",121,488
"15979",21169,6010,4823,"BrM",121,488
"15980",21170,6010,5865,"NS",121,488
"15981",21172,6011,5481,"BrM",121,434
"15982",21173,6012,5070,"BrF",121,435
"15983",21174,6012,5060,"BrM",121,435
"15984",21177,6013,5712,"BrM",121,489
"15985",21178,6013,5992,"FL",121,489
"15986",21179,6013,5993,"SEEN2",121,489
"15987",21181,6014,5387,"BrM",121,492
"15988",21183,6014,5994,"SEEN1",121,492
"15989",21185,6015,5399,"BrM",121,493
"15990",21186,6016,5393,"BrF",121,494
"15991",21187,6016,5398,"BrM",121,494
"15992",21188,6016,5868,"NS",121,494
"15993",21190,6017,5381,"BrM",121,495
"15994",21191,6018,5406,"BrM",121,496
"15995",21192,6019,5405,"NS",121,491
"15996",21194,6020,5494,"BrF",121,497
"15997",21195,6020,5699,"BrM",121,497
"15998",21196,6020,5880,"NS",121,497
"15999",21198,6020,5995,"FL",121,497
"16000",21199,6021,5366,"BrF",121,498
"16001",21200,6021,5030,"BrM",121,498
"16002",21202,6022,5962,"ABX",121,499
"16003",21203,6022,5938,"BrM",121,499
"16004",21204,6022,5485,"SEEN1",121,499
"16005",21206,6023,5939,"BrF",121,500
"16006",21207,6023,5351,"BrM",121,500
"16007",21209,6024,5383,"NS",121,501
"16008",21211,6025,5926,"SEEN1",121,502
"16009",21212,6025,5927,"SEEN1",121,502
"16010",21213,6025,5973,"SEEN1",121,502
"16011",21214,6025,5876,"NS",121,502
"16012",21215,6025,5416,"NS",121,502
"16013",21216,6026,5404,"BrF",121,503
"16014",21217,6026,5937,"BrM",121,503
"16015",21218,6026,5410,"NS",121,503
"16016",21220,6027,5715,"BrM",121,504
"16017",21221,6027,5858,"BrF",121,504
"16018",21223,6027,5374,"NS",121,504
"16019",21224,6027,5874,"H",121,504
"16020",21226,6028,5743,"BrM",121,505
"16021",21228,6029,1684,"NS",121,507
"16022",21230,6029,5996,"BrF",121,507
"16023",21231,6029,5997,"BrM",121,507
"16024",21232,6030,5693,"BrF",121,508
"16025",21233,6030,5742,"BrM",121,508
"16026",21236,6031,5722,"BrM",121,509
"16027",21237,6031,5998,"FL",121,509
"16028",21238,6031,5409,"NS",121,509
"16029",21239,6031,5482,"NS",121,509
"16030",21240,6032,5953,"BrM",121,511
"16031",21241,6032,5957,"BrF",121,511
"16032",21242,6032,5955,"FL",121,511
"16033",21244,6032,5694,"NS",121,511
"16034",21245,6033,5744,"BrF",121,512
"16035",21246,6033,5942,"BrM",121,512
"16036",21248,6033,5999,"FL",121,512
"16037",21250,6034,5358,"BrM",121,513
"16038",21251,6034,6000,"FL",121,513
"16039",21252,6034,5394,"NS",121,513
"16040",21254,6035,5362,"BrM",121,514
"16041",21255,6035,5368,"NS",121,514
"16042",21257,6036,5709,"BrM",121,525
"16043",21258,6036,6001,"FL",121,525
"16044",21259,6037,5968,"SEEN2",121,529
"16045",21260,6037,5378,"BrM",121,529
"16046",21261,6037,5379,"NS",121,529
"16047",21263,6038,5401,"SEEN2",121,527
"16048",21264,6038,5940,"SEEN1",121,527
"16049",21265,6038,5739,"NS",121,527
"16050",21266,6039,5972,"SEEN1",121,528
"16051",21267,6039,5006,"BrM",121,528
"16052",21269,6040,5719,"BrM",121,526
"16053",21270,6040,5739,"NS",121,526
"16054",21272,6041,5919,"BrM",121,533
"16055",21273,6041,5915,"H",121,533
"16056",21274,6041,6002,"FL",121,533
"16057",21275,6041,5716,"NS",121,533
"16058",21277,6042,5724,"BrM",121,534
"16059",21278,6042,5936,"SEEN2",121,534
"16060",21280,6043,5864,"BrM",121,535
"16061",21281,6043,5870,"SEEN1",121,535
"16062",21282,6044,5746,"BrF",121,536
"16063",21284,6044,6003,"FL",121,536
"16064",21285,6045,5961,"BrF",121,537
"16065",21286,6045,5382,"BrM",121,537
"16066",21287,6045,5867,"SEEN1",121,537
"16067",21289,6046,5697,"BrM",121,532
"16068",21290,6047,5705,"BrM",121,539
"16069",21291,6048,1887,"BrM",121,540
"16070",21292,6049,5967,"BrF",121,541
"16071",21293,6049,5969,"BrM",121,541
"16072",21294,6049,5882,"NS",121,541
"16073",21295,6050,5486,"NS",121,548
"16074",21296,6051,5407,"BrF",121,549
"16075",21298,6051,5039,"NS",121,549
"16076",21299,6052,5971,"BrM",121,550
"16077",21301,6052,5739,"NS",121,550
"16078",21302,6053,5946,"BrF",121,551
"16079",21303,6053,5879,"BrM",121,551
"16080",21304,6053,5947,"FL",121,551
"16081",21305,6054,5492,"BrM",121,552
"16082",21306,6055,5935,"BrF",121,553
"16083",21307,6055,5933,"BrM",121,553
"16084",21310,6056,5713,"BrM",121,554
"16085",21311,6057,5956,"BrF",121,583
"16086",21313,6057,6004,"FL",121,583
"16087",21314,6058,5964,"SEEN2",121,584
"16088",21315,6058,5965,"SEEN2",121,584
"16089",21317,6059,6005,"BrM",121,585
"16090",21318,6060,5950,"BrF",121,586
"16091",21319,6060,5496,"BrM",121,586
"16092",21320,6061,5931,"BrF",121,587
"16093",21322,6061,6006,"FL",121,587
"16094",21323,6062,5914,"BrF",121,588
"16095",21324,6062,5918,"BrM",121,588
"16096",21326,6063,5861,"BrM",121,589
"16097",21328,6064,5922,"BrF",121,590
"16098",21329,6064,5863,"BrM",121,590
"16099",21330,6064,5923,"FL",121,590
"16100",21332,6065,6007,"BrM",121,591
"16101",21333,6066,5944,"BrF",121,592
"16102",21334,6066,5943,"BrM",121,592
"16103",21336,6067,5860,"BrM",121,593
"16104",21337,6067,6008,"FL",121,593
"16105",21338,6068,5928,"SEEN1",121,594
"16106",21341,6070,5727,"SEEN2",121,596
"16107",21342,6070,5941,"SEEN2",121,596
"16108",21343,6071,5954,"BrF",121,597
"16109",21344,6071,5975,"BrM",121,597
"16110",21345,6071,5958,"SEEN2",121,597
"16111",21346,6072,5872,"BrM",121,598
"16112",21347,6072,5966,"SEEN1",121,598
"16113",21349,6073,5934,"BrM",121,599
"16114",21350,6074,5974,"BrF",121,600
"16115",21351,6074,5976,"BrM",121,600
"16116",21352,5395,5714,"NSA",117,254
"16117",21353,6075,5717,"NSA",117,-4
"16118",21354,5405,5493,"NSA",117,266
"16119",21355,5413,4832,"NSA",117,274
"16120",21356,5415,3473,"NSA",117,276
"16121",21357,5352,5773,"NSA",116,178
"16122",21358,5662,1415,"BrF",118,39
"16123",21359,5933,5600,"ABX",118,138
"16124",21360,5645,5641,"SEEN1",118,9
"16125",21361,5884,5640,"ABX",118,57
"16126",21362,5900,5778,"SEEN1",118,81
"16127",21363,5911,5777,"SEEN1",118,96
"16128",21364,5954,5774,"SEEN1",118,478
"16129",21365,5749,1616,"BrM",112,127
"16130",21366,5560,1829,"BrM",103,121
"16131",21367,4158,1617,"BrF",90,140
"16132",21368,4111,1669,"NSA",90,68
"16133",21369,4063,5199,"AB",90,3
"16134",21370,4152,5254,"NSA",90,129
"16135",21371,4149,5261,"SEEN1",90,126
"16136",21372,4531,4961,"NSA",87,51
"16137",21373,4566,5118,"ABX",87,96
"16138",21374,4623,5116,"NSA",87,159
"16139",21375,4532,5170,"NSA",87,53
"16140",21376,4506,5167,"NSA",87,14
"16141",21377,4139,5248,"SEEN1",90,108
"16142",21378,4587,5174,"NSA",87,134
"16143",21379,4343,1543,"BrM",85,42
"16144",21380,4389,472,"BrF",85,100
"16145",21381,4415,3695,"NSA",85,155
"16146",21382,4373,5008,"NSA",85,80
"16147",21383,4343,4970,"NSA",85,42
"16148",21384,4343,5141,"NSA",85,42
"16149",21386,4285,845,"TBRF",82,137
"16150",21387,4282,3651,"ABX",82,129
"16151",21388,4229,4964,"NSA",82,57
"16152",21389,4291,3455,"SEEN1",82,155
"16153",21390,6086,3564,"BrM",82,157
"16154",21391,4299,5145,"CH",82,173
"16155",21392,4217,3020,"TBRM",82,40
"16156",21393,841,1541,"NSA",41,127
"16157",21394,804,1561,"NSA",41,49
"16158",21395,826,1579,"NSA",41,95
"16159",21396,814,869,"NSA",41,69
"16160",21397,821,832,"BrF",41,83
"16161",21398,3253,507,"BrM",41,30
"16162",21399,786,499,"BrM",41,14
"16163",21400,814,453,"NSA",41,69
"16164",21401,799,442,"ABX",41,42
"16165",21402,849,666,"BrF",41,157
"16166",21403,776,1419,"NSA",41,1
"16167",21404,803,1213,"NSA",41,48
"16168",21405,3279,1172,"BrF",41,139
"16169",21406,3279,1171,"BrM",41,139
"16170",21407,6095,1598,"BrF",77,96
"16171",21408,3962,3578,"NSA",77,116
"16172",21409,6095,3000,"BrM",77,96
"16173",21410,3880,3085,"NSA",77,3
"16174",21411,3959,1576,"BrF",77,111
"16175",21412,3970,3700,"NSA",77,129
"16176",21413,3995,3569,"BrF",77,407
"16177",21414,3922,4934,"NSA",77,60
"16178",21415,3880,4874,"ABX",77,3
"16179",21416,3994,3017,"NSA",77,403
"16180",21417,6116,5618,"BrF",122,1
"16181",21418,6116,1750,"BrM",122,1
"16182",21419,6152,5267,"BrF",122,2
"16183",21420,6152,2960,"BrM",122,2
"16184",21421,6152,5517,"H",122,2
"16185",21422,6152,5827,"NS",122,2
"16186",21423,6162,1763,"BrF",122,3
"16187",21424,6162,5828,"SEEN1",122,3
"16188",21425,6162,5831,"NS",122,3
"16189",21426,6162,6018,"ABX",122,3
"16190",21427,6104,1605,"H",122,8
"16191",21428,6104,5837,"BrM",122,8
"16192",21429,6104,1660,"BrF",122,8
"16193",21430,6104,6047,"FL",122,8
"16194",21431,6112,1826,"BrF",122,9
"16195",21432,6112,5780,"BrM",122,9
"16196",21433,6112,6052,"FL",122,9
"16197",21434,6163,4971,"BrF",122,11
"16198",21435,6163,5624,"BrM",122,11
"16199",21436,6112,5841,"H",122,9
"16200",21437,6151,5282,"BrF",122,12
"16201",21438,6151,5462,"BrM",122,12
"16202",21440,6164,5621,"BrF",122,13
"16203",21441,6164,1607,"BrM",122,13
"16204",21442,6164,5604,"ABX",122,13
"16205",21443,6164,6011,"ABX",122,13
"16206",21444,6114,5284,"BrF",122,14
"16207",21445,6114,5775,"BrM",122,14
"16208",21446,6114,6028,"AB",122,14
"16209",21447,6115,5657,"BrF",122,15
"16210",21448,6115,1762,"BrM",122,15
"16211",21450,6111,5642,"BrF",122,16
"16212",21451,6111,5235,"BrM",122,16
"16213",21452,6126,3085,"BrF",122,20
"16214",21453,6126,1729,"BrM",122,20
"16215",21454,6126,6020,"ABX",122,20
"16216",21455,6126,5786,"NS",122,20
"16217",21456,6148,5630,"BrF",122,24
"16218",21457,6148,2966,"BrM",122,24
"16219",21458,6139,6027,"SEEN2",122,26
"16220",21460,6139,1852,"BrF",122,26
"16221",21461,6139,5595,"BrM",122,26
"16222",21462,6139,5607,"H",122,26
"16223",21463,6149,3490,"BrF",122,27
"16224",21464,6149,3087,"BrM",122,27
"16225",21465,6110,1857,"BrF",122,28
"16226",21466,6110,5453,"BrM",122,28
"16227",21467,6110,5843,"H",122,28
"16228",21468,6124,5750,"BrF",122,30
"16229",21469,6124,5072,"BrM",122,30
"16230",21470,6154,3497,"BrF",122,32
"16231",21471,6154,5835,"BrM",122,32
"16232",21472,6154,5782,"NS",122,32
"16233",21473,6165,4941,"SEEN1",122,33
"16234",21474,6165,5749,"BrF",122,33
"16235",21475,6138,5833,"BrF",122,34
"16236",21476,6138,5903,"BrM",122,34
"16237",21477,6138,5787,"NS",122,34
"16238",21478,6166,1824,"BrF",122,36
"16239",21479,6166,5679,"BrM",122,36
"16240",21480,6202,5839,"ABX",122,407
"16241",21481,6147,5766,"BrF",122,39
"16242",21482,6147,4890,"BrM",122,39
"16243",21483,6147,5772,"NS",122,39
"16244",21484,6118,3462,"BrF",122,40
"16245",21485,6118,5590,"BrM",122,40
"16246",21486,6131,5584,"NSA",122,86
"16247",21487,6167,2986,"BrF",122,41
"16248",21488,6167,5588,"BrM",122,41
"16249",21489,6107,5465,"SEEN1",122,45
"16250",21490,6168,5631,"NS",122,43
"16251",21491,6164,5905,"SEEN1",122,13
"16252",21492,6107,4999,"BrF",122,45
"16253",21493,6107,5655,"NS",122,45
"16254",21494,6155,4973,"BrF",122,46
"16255",21495,6155,1868,"BrM",122,46
"16256",21496,6155,5611,"ABX",122,46
"16257",21497,6108,5770,"BrF",122,47
"16258",21498,6108,5513,"BrM",122,47
"16259",21499,6108,5525,"H",122,47
"16260",21500,6108,6025,"H",122,47
"16261",21501,6108,5125,"H",122,47
"16262",21502,6108,5771,"NS",122,47
"16263",21503,6133,4896,"BrF",122,48
"16264",21504,6133,5764,"BrM",122,48
"16265",21505,6133,6044,"OFL",122,48
"16266",21506,6125,3608,"BrF",122,50
"16267",21507,6125,5834,"BrM",122,50
"16268",21508,6125,5748,"ABX",122,50
"16269",21509,6125,5237,"NS",122,50
"16270",21510,6169,5450,"BrF",122,51
"16271",21511,6169,5764,"BrM",122,51
"16272",21512,6113,3094,"BrF",122,53
"16273",21513,6113,5170,"NS",122,53
"16274",21514,6113,6017,"BrM",122,53
"16275",21515,6170,5641,"BrF",122,55
"16276",21516,6170,5776,"BrM",122,55
"16277",21517,6105,5613,"BrF",122,58
"16278",21518,6105,5779,"BrM",122,58
"16279",21519,6105,6023,"ABX",122,58
"16280",21520,6171,3022,"SEEN1",122,59
"16281",21521,6171,3696,"NS",122,59
"16282",21522,6171,6014,"ABX",122,59
"16283",21523,6171,5636,"NS",122,59
"16284",21524,6137,1821,"BrF",122,60
"16285",21525,6137,5523,"BrM",122,60
"16286",21526,6137,6033,"ABX",122,60
"16287",21527,6137,5902,"NS",122,60
"16288",21528,6172,1827,"BrF",122,61
"16289",21529,6172,5776,"BrM",122,61
"16290",21530,6173,3491,"BrF",122,62
"16291",21531,6173,5290,"BrM",122,62
"16292",21532,6173,5846,"ABX",122,62
"16293",21533,6134,1042,"ABX",122,63
"16294",21534,6134,1577,"ABX",122,63
"16295",21535,6134,5901,"BrF",122,63
"16296",21537,6134,5849,"NS",122,63
"16297",21538,6101,5195,"BrF",122,67
"16298",21539,6101,4972,"BrM",122,67
"16299",21540,6101,5830,"NS",122,67
"16300",21541,6101,5848,"NS",122,67
"16301",21542,6174,5337,"BrF",122,68
"16302",21543,6174,5508,"BrM",122,68
"16303",21544,6174,1669,"SEEN1",122,68
"16304",21545,6211,5826,"BrM",122,602
"16305",21546,6143,5224,"H",122,70
"16306",21547,6143,1881,"BrM",122,70
"16307",21548,6106,4917,"BrF",122,71
"16308",21549,6106,5847,"BrM",122,71
"16309",21550,6106,5543,"H",122,71
"16310",21551,6106,5768,"NS",122,71
"16311",21552,6175,5452,"BrF",122,72
"16312",21553,6175,5334,"BrM",122,72
"16313",21554,6127,5575,"BrF",122,75
"16314",21555,6127,5585,"BrM",122,75
"16315",21556,6183,5824,"NS",122,101
"16316",21557,6109,4958,"BrF",122,77
"16317",21558,6109,5626,"BrM",122,77
"16318",21559,6109,6009,"H",122,77
"16319",21560,6132,5597,"BrF",122,79
"16320",21561,6132,5602,"BrM",122,79
"16321",21562,6160,5589,"BrF",122,80
"16322",21563,6160,5586,"BrM",122,80
"16323",21564,6160,5907,"ABX",122,80
"16324",21565,6160,6039,"FL",122,80
"16325",21566,6130,5537,"BrF",122,81
"16326",21567,6130,4947,"BrM",122,81
"16327",21568,6176,5530,"BrF",122,82
"16328",21569,6176,5447,"BrM",122,82
"16329",21570,6176,6026,"ABX",122,82
"16330",21571,6207,5822,"ABX",122,83
"16331",21573,6176,5773,"SEEN1",122,82
"16332",21574,6177,6015,"BrF",122,85
"16333",21575,6177,5285,"BrM",122,85
"16334",21576,6109,5853,"H",122,77
"16335",21577,6131,2978,"BrF",122,86
"16336",21578,6131,3089,"BrM",122,86
"16337",21579,6178,4904,"BrF",122,88
"16338",21580,6178,5283,"BrM",122,88
"16339",21581,6179,5216,"BrF",122,90
"16340",21582,6179,5292,"BrM",122,90
"16341",21583,6179,3595,"ABX",122,90
"16342",21584,6179,6050,"OFL",122,90
"16343",21585,6179,6036,"SEEN1",122,90
"16344",21586,6180,1717,"BrF",122,92
"16345",21587,6180,4954,"BrM",122,92
"16346",21588,6180,6032,"SEEN1",122,92
"16347",21589,6161,5845,"BrF",122,94
"16348",21590,6161,5249,"BrM",122,94
"16349",21591,6161,6012,"AB",122,94
"16350",21592,6122,5608,"BrF",122,95
"16351",21593,6122,4872,"BrM",122,95
"16352",21594,6122,6031,"SEEN1",122,95
"16353",21595,6179,6037,"FL",122,90
"16354",21596,6181,5521,"BrF",122,96
"16355",21597,6181,4948,"BrM",122,96
"16356",21598,6181,5118,"ABX",122,96
"16357",21600,6140,1438,"BrF",122,98
"16358",21601,6140,1708,"BrM",122,98
"16359",21602,6157,5564,"BrF",122,173
"16360",21603,6182,1533,"BrM",122,99
"16361",21605,6102,3606,"BrF",122,100
"16362",21606,6102,5547,"BrM",122,100
"16363",21607,6183,5653,"BrF",122,101
"16364",21608,6183,5606,"BrM",122,101
"16365",21609,6146,5128,"BrF",122,105
"16366",21610,6146,5583,"BrM",122,105
"16367",21611,6184,3645,"BrF",122,110
"16368",21612,6184,5582,"BrM",122,110
"16369",21613,6184,5598,"SEEN1",122,110
"16370",21614,6185,5212,"BrF",122,111
"16371",21615,6185,5559,"BrM",122,111
"16372",21617,6128,5625,"BrF",122,112
"16373",21618,6128,5820,"BrM",122,112
"16374",21619,6128,6049,"FL",122,112
"16375",21620,6117,5678,"BrF",122,116
"16376",21621,6117,3486,"BrM",122,116
"16377",21623,6186,3698,"BrF",122,118
"16378",21624,6186,1489,"SEEN1",122,118
"16379",21628,6187,1829,"SEEN1",122,121
"16380",21629,6123,3694,"BrF",122,123
"16381",21630,6123,5639,"BrM",122,123
"16382",21631,6188,3596,"SEEN1",122,125
"16383",21632,6188,1877,"BrM",122,125
"16384",21633,6188,5596,"NSA",122,125
"16385",21634,6189,6022,"BrF",122,126
"16386",21635,6189,5522,"BrM",122,126
"16387",21636,6189,5784,"NS",122,126
"16388",21637,6136,4965,"BrF",122,127
"16389",21638,6136,5643,"BrM",122,127
"16390",21639,6159,5277,"BrF",122,128
"16391",21640,6159,4933,"BrM",122,128
"16392",21641,6159,5644,"H",122,128
"16393",21642,6159,5904,"AB",122,128
"16394",21644,6159,6051,"FL",122,128
"16395",21645,6190,1678,"BrF",122,129
"16396",21646,6190,5291,"BrM",122,129
"16397",21647,6190,5173,"ABX",122,129
"16398",21648,6190,6048,"ABX",122,129
"16399",21649,6119,5518,"BrF",122,134
"16400",21650,6119,5456,"BrM",122,134
"16401",21651,6119,5851,"SEEN1",122,134
"16402",21652,6191,3002,"BrF",122,135
"16403",21653,6191,5528,"BrM",122,135
"16404",21654,6191,5633,"ABX",122,135
"16405",21655,6192,3574,"BrF",122,137
"16406",21656,6192,5650,"BrM",122,137
"16407",21657,6153,3451,"BrF",122,138
"16408",21658,6153,1801,"BrM",122,138
"16409",21659,6153,5600,"ABX",122,138
"16410",21660,6153,5783,"ABX",122,138
"16411",21661,6153,3507,"NS",122,138
"16412",21662,6153,5605,"SEEN1",122,138
"16413",21663,6194,5534,"BrF",122,140
"16414",21664,6194,1494,"BrM",122,140
"16415",21665,6121,4885,"BrF",122,155
"16416",21666,6121,5338,"BrM",122,155
"16417",21667,6121,5906,"ABX",122,155
"16418",21668,6195,5075,"BrF",122,157
"16419",21669,6195,5000,"BrM",122,157
"16420",21670,6195,5652,"SEEN1",122,157
"16421",21671,6196,5132,"BrF",122,160
"16422",21672,6196,5498,"BrM",122,160
"16423",21673,6103,5634,"BrF",122,165
"16424",21674,6103,4957,"BrM",122,165
"16425",21675,6103,5908,"NSA",122,165
"16426",21677,6197,5226,"NSA",122,167
"16427",21678,6198,5842,"BrF",122,168
"16428",21679,6198,5333,"BrM",122,168
"16429",21680,6198,6024,"ABX",122,168
"16430",21681,6198,5777,"NS",122,168
"16431",21682,6198,5778,"NS",122,168
"16432",21683,6144,3699,"BrF",122,169
"16433",21684,6144,5509,"BrM",122,169
"16434",21686,6143,1716,"BrF",122,70
"16435",21687,6157,4892,"BrM",122,173
"16436",21689,6158,5162,"BrF",122,174
"16437",21690,6158,5077,"BrM",122,174
"16438",21692,6199,4883,"BrF",122,177
"16439",21693,6199,5638,"BrM",122,177
"16440",21694,6199,6013,"SEEN1",122,177
"16441",21695,6199,5545,"SEEN1",122,177
"16442",21696,6201,5511,"BrF",122,178
"16443",21697,6201,2974,"BrM",122,178
"16444",21698,6142,5838,"BrF",122,179
"16445",21699,6142,2991,"BrM",122,179
"16446",21700,6150,3594,"BrF",122,172
"16447",21701,6150,5836,"BrM",122,172
"16448",21702,6202,5616,"BrF",122,407
"16449",21703,6202,3456,"BrM",122,407
"16450",21704,6141,5683,"BrF",122,478
"16451",21705,6141,5774,"BrM",122,478
"16452",21706,6141,6016,"AB",122,478
"16453",21707,6141,5844,"NS",122,478
"16454",21708,6203,5524,"BrF",122,480
"16455",21709,6203,4860,"BrM",122,480
"16456",21710,6203,6029,"SEEN2",122,480
"16457",21711,6203,5767,"NS",122,480
"16458",21712,6135,5549,"BrF",122,479
"16459",21713,6135,5612,"BrM",122,479
"16460",21714,6135,5855,"AB",122,479
"16461",21715,6135,5854,"AB",122,479
"16462",21717,6129,1707,"BrF",122,477
"16463",21718,6129,1710,"BrM",122,477
"16464",21719,6129,5909,"ABX",122,477
"16465",21720,6129,5832,"NS",122,477
"16466",21721,6156,5635,"BrF",122,481
"16467",21722,6156,5620,"BrM",122,481
"16468",21723,6156,6045,"OFL",122,481
"16469",21724,6156,6046,"FL",122,481
"16470",21725,6145,5536,"BrF",122,490
"16471",21726,6145,5829,"BrM",122,490
"16472",21727,6145,3086,"H",122,490
"16473",21728,6145,6038,"FL",122,490
"16474",21729,6204,5542,"BrF",122,515
"16475",21730,6204,5275,"BrM",122,515
"16476",21731,6120,5009,"BrF",122,516
"16477",21732,6120,5529,"SEEN1",122,516
"16478",21733,6112,1499,"NS",122,9
"16479",21734,6169,5614,"NS",122,51
"16480",21735,6170,2968,"NS",122,55
"16481",21736,6105,1523,"NS",122,58
"16482",21737,6137,3453,"NS",122,60
"16483",21738,6136,5323,"NS",122,127
"16484",21739,6192,4866,"NS",122,137
"16485",21740,6142,5562,"NS",122,179
"16486",21741,6141,4854,"NS",122,478
"16487",21742,6177,5687,"NS",122,85
"16488",21743,6160,5781,"NS",122,80
"16489",21744,6170,5593,"NS",122,55
"16490",21745,6183,3518,"ABX",122,101
"16491",21746,6122,5850,"SEEN1",122,95
"16492",21747,6182,5648,"ABX",122,99
"16493",21748,6212,5823,"FLOAT",122,-3
"16494",21749,6166,5769,"ABX",122,36
"16495",21750,6134,6019,"BrM",122,63
"16496",21751,6166,6030,"SEEN1",122,36
"16497",21752,6113,6010,"AB",122,53
"16498",21753,6211,4803,"BrF",122,602
"16499",21754,6168,5658,"ABX",122,43
"16500",21755,6201,6034,"ABX",122,178
"16501",21757,6205,5217,"H",122,159
"16502",21758,6205,5686,"SEEN1",122,159
"16503",21759,6205,6042,"FL",122,159
"16504",21760,6205,4861,"BrF",122,159
"16505",21761,6206,5514,"BrF",122,57
"16506",21762,6206,5321,"BrM",122,57
"16507",21763,6206,6035,"FL",122,57
"16508",21764,6206,6043,"FL",122,57
"16509",21765,6206,6021,"H",122,57
"16510",21766,6206,5640,"H",122,57
"16511",21767,6207,6041,"FL",122,83
"16512",21768,6207,1604,"BrM",122,83
"16513",21769,6207,3567,"BrF",122,83
"16514",21770,6209,5852,"NS",122,109
"16515",21771,6209,3643,"BrM",122,109
"16516",21772,6209,1580,"BrF",122,109
"16517",21773,6210,5324,"NS",122,154
"16518",21774,6210,5637,"NS",122,154
"16519",21775,6210,1869,"BrM",122,154
"16520",21776,6210,5825,"BrF",122,154
"16521",21777,6107,5513,"BrM",122,45
"16522",21778,6202,1864,"SEEN1",122,407
"16523",21779,6124,5163,"NS",122,30
"16524",21780,6178,5174,"SEEN1",122,88
"16525",21781,6134,5319,"ABX",122,63
"16526",21782,6115,5320,"SEEN1",122,15
"16527",21783,6189,5341,"SEEN1",122,126
"16528",21784,6144,5821,"ABX",122,169
"16529",21785,6108,1669,"SEEN1",122,47
"16530",21786,6151,930,"NS",122,12
"16531",21787,6147,1415,"NS",122,39
"16532",21788,6128,1731,"SEEN1",122,112
"16533",21789,6199,5254,"NS",122,177
"16534",21790,6114,5682,"SEEN1",122,14
"16535",21791,6177,5685,"NS",122,85
"16536",21792,6133,5765,"NS",122,48
"16537",21793,6177,5851,"SEEN1",122,85
"16538",21794,6205,6013,"SEEN1",122,159
"16539",21795,6166,6027,"SEEN2",122,36
"16540",21796,5494,4863,"BrF",103,15
"16541",21797,5502,3618,"BrM",103,28
"16542",21798,5503,5072,"BrM",103,30
"16543",21799,5597,5009,"BrF",103,516
"16544",21800,6215,5147,"BrF",103,490
"16545",21801,5583,5145,"NSA",103,173
"16546",21802,5543,4904,"BrF",103,88
"16547",21803,5492,4964,"BrF",103,13
"16548",21804,5488,4939,"BrM",103,8
"16549",21805,5042,1412,"TBRM",104,129
"16550",21806,5529,1669,"NSA",103,68
"16551",21807,5542,1722,"BrM",103,87
"16552",21808,5517,1698,"BrM",103,51
"16553",21809,5558,1685,"NSA",103,116
"16554",21810,5487,1791,"BrF",103,7
"16555",21811,5522,1757,"BrF",103,58
"16556",21812,5519,1821,"BrF",103,54
"16557",21813,5484,1763,"BrF",103,3
"16558",21814,5486,1187,"BrM",103,5
"16559",21815,5562,1401,"BrF",103,125
"16560",21816,5511,1029,"BrM",103,43
"16561",21817,5591,4860,"BrM",103,480
"16562",21818,6217,4854,"BrM",103,478
"16563",21819,5532,4917,"BrF",103,71
"16564",21820,5537,4947,"BrM",103,81
"16565",21821,5562,3596,"NSA",103,125
"16566",21822,5588,3594,"BrF",103,172
"16567",21823,6217,3590,"BrF",103,478
"16568",21824,5557,3444,"BrF",103,112
"16569",21825,5592,5262,"BrM",103,479
"16570",21826,6219,1805,"BrF",103,72
"16571",21827,5504,1611,"BrM",103,32
"16572",21828,5500,1852,"NSA",103,26
"16573",21829,5519,1504,"BrM",103,54
"16574",21830,5524,3453,"BrF",103,60
"16575",21831,5578,5291,"NSA",103,165
"16576",21832,5558,5288,"BrF",103,116
"16577",21833,5524,5321,"NSA",103,60
"16578",21834,5556,5199,"BrM",103,111
"16579",21835,5585,5457,"NSA",103,177
"16580",21836,5034,5288,"NS",104,116
"16581",21837,5540,5287,"NSA",103,85
"16582",21838,5493,5284,"NSA",103,14
"16583",21839,5568,5323,"NSA",103,135
"16584",21840,5537,5194,"NSA",103,81
"16585",21841,5502,5333,"NSA",103,28
"16586",21842,5559,5242,"NSA",103,118
"16587",21843,5489,5339,"NSA",103,9
"16588",21847,776,1366,"NS",41,1
"16589",21848,3281,1177,"NS",41,166
"16590",21849,789,597,"NS",41,20
"16591",21850,792,1515,"NS",41,24
"16592",21851,778,1601,"NS",41,3
"16593",21852,778,925,"NS",41,3
"16594",21853,794,220,"NS",41,26
"16595",21854,3251,1039,"NS",41,27
"16596",21856,3254,1286,"NS",41,32
"16597",21857,3256,444,"NS",41,35
"16598",21858,5660,1542,"NS",118,34
"16599",21859,796,1594,"NS",41,38
"16600",21860,797,1564,"NS",41,39
"16601",21861,798,494,"NS",41,40
"16602",21862,6231,1521,"NS",41,6
"16603",21863,801,1404,"NS",41,45
"16604",21864,3259,1383,"NS",41,47
"16605",21865,805,1752,"FL",41,50
"16606",21866,805,1502,"NS",41,50
"16607",21867,808,308,"NS",41,53
"16608",21868,808,216,"NS",41,53
"16609",21869,812,1032,"NS",41,60
"16610",21870,3261,607,"NS",41,61
"16611",21871,3265,1156,"NS",41,68
"16612",21872,814,1622,"NS",41,69
"16613",21873,816,1184,"NS",41,72
"16614",21887,6182,5564,"TBRF",122,99
"16615",21888,6157,1716,"TBRF",122,173
"16616",21892,616,1808,"NSA",34,101
"16617",21893,2787,1808,"NSA",32,101
"16618",21894,628,1588,"TBRF",34,135
"16619",21895,5567,5277,"SEEN1",103,134
"16620",21896,5492,5313,"NSA",103,13
"16621",21897,5531,5224,"SEEN1",103,70
"16622",21898,5515,5237,"NSA",103,48
"16623",21899,5515,5335,"NSA",103,48
"16624",21900,5485,5462,"NSA",103,4
"16625",21901,5496,3085,"BrF",103,20
"16626",21902,5484,3086,"NSA",103,3
"16627",21903,5501,3087,"BrM",103,27
"16628",21904,5493,2988,"BrM",103,14
"16629",21905,5514,5455,"NSA",103,47
"16630",21906,5573,5452,"NSA",103,154
"16631",21907,5576,5341,"NSA",103,159
"16632",21908,3771,499,"SEEN1",75,14
"16633",21909,3837,1403,"SEEN1",75,101
"16634",21910,3797,3514,"SEEN1",75,51
"16635",21911,3778,3572,"AB",75,25
"16636",21912,3863,2977,"TBRF",75,157
"16637",21913,3863,1759,"TBRM",75,157
"16638",21914,3864,2993,"U",75,159
"16639",21915,3849,1878,"SEEN1",75,125
"16640",21916,3779,1828,"ABX",75,26
"16641",21917,3778,1720,"TBRM",75,25
"16642",21918,3784,1214,"TBRM",75,33
"16643",21919,3880,4882,"NSA",77,3
"16644",21920,3943,3590,"NSA",77,86
"16645",21921,3972,4866,"SEEN1",77,135
"16646",21922,3992,4879,"NSA",77,179
"16647",21923,3943,4886,"NSA",77,86
"16648",21924,3947,4862,"NSA",77,92
"16649",21925,3890,4878,"SEEN1",77,15
"16650",21926,3899,4875,"SEEN2",77,28
"16651",21927,3937,3516,"NSA",77,79
"16652",21928,3896,3449,"NSA",77,25
"16653",21929,2892,1872,"NSA",35,26
"16654",21930,2935,1780,"NSA",35,86
"16655",21931,2963,1798,"NSA",35,135
"16656",21932,2976,1272,"NSA",35,168
"16657",21933,2879,2966,"NSA",35,8
"16658",21934,2934,2982,"NSA",35,85
"16659",21935,2882,2988,"NSA",35,12
"16660",21936,2933,2991,"NSA",35,83
"16661",21937,2928,1712,"NSA",35,77
"16662",21938,2956,1829,"NSA",35,118
"16663",21939,2874,1762,"NSA",35,2
"16664",21940,6253,2960,"FLOAT",35,-3
"16665",21941,739,3496,"ABX",37,138
"16666",21942,730,3495,"BrF",37,118
"16667",21943,663,3015,"NSA",37,24
"16668",21944,745,2993,"BrF",37,159
"16669",21945,3341,2977,"BrF",37,157
"16670",21946,3341,1759,"BrM",37,157
"16671",21947,3006,1756,"SEEN1",37,123
"16672",21948,710,1437,"BrF",37,87
"16673",21949,3008,1043,"BrF",37,165
"16674",21950,741,3089,"NSA",37,140
"16675",21951,3006,2957,"BrF",37,123
"16676",21952,3826,1437,"BrF",75,87
"16677",21953,6256,1879,"NS",37,-3
"16678",21954,735,1785,"SEEN1",37,128
"16679",21955,675,1764,"BrF",37,40
"16680",21956,742,1275,"TBRF",37,144
"16681",21957,465,1607,"SEEN1",30,27
"16682",21958,472,335,"CH",30,40
"16683",21959,545,1492,"NSA",30,165
"16684",21960,2592,1804,"NSA",31,4
"16685",21961,2688,1678,"NSA",31,135
"16686",21963,2698,1677,"NSA",31,160
"16687",21964,2602,1673,"NSA",31,16
"16688",21965,6262,1760,"BrF",31,121
"16689",21966,2632,459,"BrF",31,55
"16690",21967,2701,1271,"NSA",31,168
"16691",21968,2699,1492,"NSA",31,165
"16692",21969,2651,1707,"NSA",31,77
"16693",21970,2672,1890,"OFL",31,105
"16694",21971,2679,1608,"BrM",31,116
"16695",21972,2656,1604,"BrM",31,83
"16696",21973,2665,1851,"SEEN1",31,94
"16697",21974,2693,1587,"BrM",31,144
"16698",21975,2641,1577,"NSA",31,66
"16699",21976,2688,1581,"BrM",31,135
"16700",21977,2654,1712,"NSA",31,81
"16701",21978,2668,1708,"NSA",31,98
"16702",21979,2655,1892,"BrF",31,82
"16703",21980,2675,1777,"NSA",31,110
"16704",21981,2642,1784,"NSA",31,67
"16705",21982,2618,1766,"ABX",31,39
"16706",21983,2602,1857,"NSA",31,16
"16707",21984,2625,1805,"NSA",31,48
"16708",21985,2618,1666,"BrM",31,39
"16709",21986,2642,1595,"BrM",31,67
"16710",21987,2699,1716,"NSA",31,165
"16711",21988,2703,1710,"NSA",31,171
"16712",21989,2857,2996,"SEEN1",34,99
"16713",21990,2859,3000,"ABX",34,105
"16714",21991,2870,3001,"ABX",34,155
"16715",21992,606,3002,"ABX",34,70
"16716",21993,594,3004,"ABX",34,48
"16717",21994,2857,2983,"ABX",34,99
"16718",21995,580,1510,"BrF",34,24
"16719",21996,2116,869,"CH",19,67
"16720",21997,2147,869,"XF",19,124
"16721",21998,2110,875,"CH",19,56
"16722",21999,2153,870,"CH",19,132
"16723",22000,2106,943,"CH",19,52
"16724",22001,2082,874,"CH",19,8
"16725",22004,2,880,"XF",19,69
"16726",22005,2175,949,"CH",19,171
"16727",22006,2118,887,"CH",19,71
"16728",22007,2175,944,"CH",19,171
"16729",22009,2127,946,"CH",19,89
"16730",22010,2084,880,"CH",19,12
"16731",22011,2167,892,"CH",19,163
"16732",22012,2114,884,"CH",19,62
"16733",22013,2116,891,"CH",19,67
"16734",22014,2085,870,"XF",19,13
"16735",22015,2205,1042,"XF",21,14
"16736",22016,2299,1044,"CH",21,171
"16737",22017,2293,1042,"CH",21,165
"16738",22018,2266,1029,"CH",21,112
"16739",22019,2267,1033,"CH",21,115
"16740",22020,2197,1034,"CH",21,1
"16741",22021,2221,1053,"CH",21,41
"16742",22022,2205,1054,"CH",21,14
"16743",22023,2232,1058,"CH",21,56
"16744",22024,2271,1059,"CH",21,124
"16745",22025,2247,1050,"CH",21,81
"16746",22027,5610,5687,"NS",116,85
"16747",22028,5929,5648,"NSA",118,129
"16748",22029,6277,5687,"NS",118,-3
"16749",22030,6278,5781,"NS",118,-3
"16750",22031,5901,5773,"NSA",118,82
"16751",22032,5955,5767,"NS",118,480
"16752",22033,5890,5319,"NSA",118,63
"16753",22034,4165,4919,"BrF",90,167
"16754",22035,4727,5443,"FL",92,43
"16755",22036,5737,5653,"NSA",112,101
"16756",22038,5311,5767,"NS",116,480
"16757",22039,5904,5584,"NSA",118,86
"16758",22040,6285,1808,"BrM",54,169
"16759",22041,6286,1868,"BrM",54,46
"16760",22042,6287,1869,"BrM",54,154
"16761",22043,6288,1617,"BrF",54,140
"16762",22044,5787,1616,"BrM",54,127
"16763",22045,6289,1614,"BrF",54,11
"16764",22046,5788,1867,"BrM",54,128
"16765",22047,6290,1623,"BrM",54,113
"16766",22048,6291,1803,"BrF",54,79
"16767",22049,6292,1769,"BrM",54,55
"16768",22051,6294,1750,"BrM",54,1
"16769",22052,6295,1672,"BrF",54,99
"16770",22054,6297,1753,"BrF",54,16
"16771",22055,6298,1754,"BrM",54,81
"16772",22057,6289,1767,"BrM",54,11
"16773",22058,6300,1757,"BrF",54,58
"16774",22059,6301,1759,"BrM",54,157
"16775",22060,6302,1760,"BrF",54,121
"16776",22062,6304,1826,"BrF",54,9
"16777",22063,6305,1824,"ABX",54,22
"16778",22064,6306,1823,"BrM",54,85
"16779",22065,5786,1821,"BrF",54,54
"16780",22066,6292,459,"BrF",54,55
"16781",22067,6307,472,"BrF",54,100
"16782",22068,6308,1828,"BrF",54,26
"16783",22069,6309,1801,"BrM",54,138
"16784",22070,6310,1765,"BrF",54,47
"16785",22071,6311,453,"BrM",54,69
"16786",22072,5789,497,"BrM",54,8
"16787",22073,2205,1044,"XF",21,14
"16788",22074,2202,1050,"XF",21,9
"16789",22075,2254,1063,"XF",21,92
"16790",22076,13,1051,"XF",21,103
"16791",22077,2245,1061,"XF",21,76
"16792",22078,2265,1048,"XF",21,110
"16793",22079,2218,1046,"XF",21,35
"16794",22081,4661,5442,"SEEN1",93,428
"16795",22082,4645,5437,"SEEN1",93,273
"16796",22083,4636,5435,"FL",93,265
"16797",22084,4682,5438,"SEEN1",93,501
"16798",22085,4026,4864,"OFL",73,281
"16799",22086,4035,4865,"OFL",73,428
"16800",22087,6313,5716,"NS",117,-4
"16801",22088,5410,1844,"NSA",117,271
"16802",22090,2175,6055,"XF",19,171
"16803",22091,2171,6054,"CH",19,167
"16804",22092,2167,6054,"XF",19,163
"16805",22093,2112,6053,"CH",19,59
"16806",22094,2116,6053,"XF",19,67
"16807",22095,6294,912,"BrF",54,1
"16808",22096,6294,3497,"ABX",54,1
"16809",22097,6294,3486,"ABX",54,1
"16810",22098,6294,3608,"OFL",54,1
"16811",22099,6315,2984,"BrF",54,2
"16812",22100,6315,2960,"BrM",54,2
"16813",22101,6315,3607,"OFL",54,2
"16814",22102,6316,1763,"BrF",54,3
"16815",22103,6316,3086,"ABX",54,3
"16816",22104,6316,2962,"ABX",54,3
"16817",22105,6316,3085,"ABX",54,3
"16818",22106,6316,3569,"FL",54,3
"16819",22107,6316,3616,"CH",54,3
"16820",22108,6315,3448,"U",54,2
"16821",22109,6317,1532,"BrF",54,4
"16822",22110,6317,911,"BrM",54,4
"16823",22111,6317,1804,"ABX",54,4
"16824",22112,6317,3492,"ABX",54,4
"16825",22113,6317,3591,"OFL",54,4
"16826",22114,6318,1740,"BrF",54,5
"16827",22115,6318,1187,"BrM",54,5
"16828",22116,6318,3594,"OFL",54,5
"16829",22117,6319,1791,"BrF",54,7
"16830",22118,6319,1509,"BrM",54,7
"16831",22119,6319,3024,"ABX",54,7
"16832",22120,6319,3688,"FL",54,7
"16833",22121,5789,1605,"BrF",54,8
"16834",22122,5789,1660,"ABX",54,8
"16835",22123,5789,3445,"ABX",54,8
"16836",22124,5789,3491,"ABX",54,8
"16837",22125,6316,1287,"BrM",54,3
"16838",22126,6304,1499,"BrM",54,9
"16839",22127,6320,930,"BrF",54,12
"16840",22128,6320,1485,"BrM",54,12
"16841",22129,6320,2988,"ABX",54,12
"16842",22130,6320,3504,"OFL",54,12
"16843",22131,6321,1778,"BrF",54,13
"16844",22132,6321,1607,"BrM",54,13
"16845",22133,6321,3464,"ABX",54,13
"16846",22134,6321,3463,"ABX",54,13
"16847",22135,6322,3500,"BrF",54,14
"16848",22136,6322,499,"BrM",54,14
"16849",22137,5784,1589,"BrF",54,15
"16850",22138,5784,929,"BrM",54,15
"16851",22139,6297,1775,"BrM",54,16
"16852",22140,6297,3087,"ABX",54,16
"16853",22141,6297,3697,"FL",54,16
"16854",22142,6323,1772,"BrF",54,20
"16855",22143,6323,1729,"BrM",54,20
"16856",22144,6323,3020,"ABX",54,20
"16857",22145,6323,3601,"OFL",54,20
"16858",22146,6305,1419,"BrF",54,22
"16859",22147,6305,1795,"BrM",54,22
"16860",22148,6305,3575,"OFL",54,22
"16861",22149,6324,1559,"BrF",54,23
"16862",22150,6324,1702,"BrM",54,23
"16863",22151,6324,3603,"OFL",54,23
"16864",22152,6325,1510,"BrF",54,24
"16865",22153,6325,2966,"BrM",54,24
"16866",22154,6326,3450,"ABX",54,25
"16867",22155,6326,3449,"ABX",54,25
"16868",22156,6326,3572,"OFL",54,25
"16869",22157,6326,1506,"BrF",54,25
"16870",22158,6326,1720,"BrM",54,25
"16871",22159,6308,1848,"BrM",54,26
"16872",22160,6308,3517,"FL",54,26
"16873",22161,6327,1346,"BrF",54,27
"16874",22162,6327,1773,"BrM",54,27
"16875",22163,6327,3519,"OFL",54,27
"16876",22164,6328,1606,"BrM",54,28
"16877",22165,6328,1857,"ABX",54,28
"16878",22166,6328,3490,"ABX",54,28
"16879",22167,6328,3447,"ABX",54,28
"16880",22168,6328,3615,"FL",54,28
"16881",22169,6329,1503,"BrF",54,30
"16882",22170,6329,507,"BrM",54,30
"16883",22171,6329,3489,"ABX",54,30
"16884",22172,6329,3518,"OFL",54,30
"16885",22173,6330,2975,"BrF",54,32
"16886",22174,6330,1611,"BrM",54,32
"16887",22175,6330,3520,"ABX",54,32
"16888",22176,6330,3571,"FL",54,32
"16889",22177,6330,3573,"OFL",54,32
"16890",22178,6331,503,"BrF",54,33
"16891",22179,6331,1214,"BrM",54,33
"16892",22180,6332,1864,"BrF",54,34
"16893",22181,6332,1542,"BrM",54,34
"16894",22182,6332,3576,"OFL",54,34
"16895",22183,6333,1536,"BrF",54,36
"16896",22184,6333,1787,"BrM",54,36
"16897",22185,6333,3579,"FL",54,36
"16898",22186,6333,3503,"ABX",54,36
"16899",22187,6334,441,"BrF",54,38
"16900",22188,6334,1165,"BrM",54,38
"16901",22189,6335,1415,"BrF",54,39
"16902",22190,6335,1743,"BrM",54,39
"16903",22191,6335,3017,"ABX",54,39
"16904",22192,6335,1766,"H",54,39
"16905",22193,6335,3510,"ABX",54,39
"16906",22194,6335,3521,"OFL",54,39
"16907",22195,6336,1711,"BrM",54,40
"16908",22196,6336,3444,"ABX",54,40
"16909",22197,6336,3446,"ABX",54,40
"16910",22198,6337,3487,"BrF",54,42
"16911",22199,6337,1543,"BrM",54,42
"16912",22200,6337,609,"ABX",54,42
"16913",22201,6338,1854,"BrF",54,43
"16914",22202,6338,1029,"BrM",54,43
"16915",22203,6338,3018,"ABX",54,43
"16916",22204,6338,3580,"OFL",54,43
"16917",22205,6339,2981,"BrF",54,45
"16918",22206,6339,221,"BrM",54,45
"16919",22207,6286,1384,"BrF",54,46
"16920",22208,6310,1752,"BrM",54,47
"16921",22209,6310,2985,"ABX",54,47
"16922",22210,6310,3498,"ABX",54,47
"16923",22211,6340,1193,"BrF",54,48
"16924",22212,6340,1590,"BrM",54,48
"16925",22213,6340,3602,"FL",54,48
"16926",22214,6341,1200,"BrF",54,50
"16927",22215,6341,1553,"BrM",54,50
"16928",22216,6341,3581,"OFL",54,50
"16929",22217,6342,1361,"BrF",54,51
"16930",22218,6342,1698,"BrM",54,51
"16931",22219,6342,3452,"ABX",54,51
"16932",22220,6343,3010,"BrF",54,53
"16933",22221,6343,1739,"BrM",54,53
"16934",22222,6343,3451,"ABX",54,53
"16935",22223,5786,1504,"BrM",54,54
"16936",22224,5786,3514,"ABX",54,54
"16937",22225,6292,2968,"H",54,55
"16938",22226,6292,3699,"FL",54,55
"16939",22227,6344,1563,"BrF",54,56
"16940",22228,6344,510,"BrM",54,56
"16941",22229,6345,2959,"BrF",54,57
"16942",22230,6345,1831,"BrM",54,57
"16943",22231,6300,1523,"BrM",54,58
"16944",22232,6300,3567,"ABX",54,58
"16945",22233,6346,1541,"BrF",54,59
"16946",22234,6346,3696,"BrM",54,59
"16947",22235,6347,3453,"BrF",54,60
"16948",22236,6347,1744,"BrM",54,60
"16949",22237,6347,3515,"ABX",54,60
"16950",22238,6348,1827,"BrF",54,61
"16951",22239,6348,1783,"BrM",54,61
"16952",22240,6348,3617,"FL",54,61
"16953",22241,6349,1538,"BrF",54,62
"16954",22242,6349,1539,"BrM",54,62
"16955",22243,6350,1042,"BrF",54,63
"16956",22244,6350,1577,"BrM",54,63
"16957",22245,6350,3019,"ABX",54,63
"16958",22246,6350,2990,"ABX",54,63
"16959",22247,6350,3513,"ABX",54,63
"16960",22248,6350,3512,"OFL",54,63
"16961",22249,6351,1558,"BrF",54,66
"16962",22250,6351,1699,"BrM",54,66
"16963",22251,6351,3021,"ABX",54,66
"16964",22252,6352,1305,"BrF",54,67
"16965",22253,6352,1595,"BrM",54,67
"16966",22254,6353,1669,"BrF",54,68
"16967",22255,6353,1897,"BrM",54,68
"16968",22256,6311,869,"BrF",54,69
"16969",22257,6354,1782,"BrF",54,70
"16970",22258,6354,1881,"BrM",54,70
"16971",22259,6354,3565,"FL",54,70
"16972",22260,6354,3568,"FL",54,70
"16973",22261,6355,1244,"BrF",54,71
"16974",22262,6355,1742,"BrM",54,71
"16975",22263,6356,1805,"BrF",54,72
"16976",22264,6356,1774,"BrM",54,72
"16977",22265,6357,1664,"BrF",54,74
"16978",22266,6357,1031,"BrM",54,74
"16979",22267,5785,2989,"BrF",54,75
"16980",22268,5785,1591,"BrM",54,75
"16981",22269,5785,2964,"ABX",54,75
"16982",22270,5785,3506,"ABX",54,75
"16983",22271,6358,1852,"BrF",54,76
"16984",22272,6358,1358,"BrM",54,76
"16985",22273,6358,3093,"ABX",54,76
"16986",22274,6359,1707,"BrF",54,77
"16987",22275,6359,1710,"BrM",54,77
"16988",22276,6359,1712,"U",54,77
"16989",22277,6291,1802,"BrM",54,79
"16990",22278,6291,1819,"ABX",54,79
"16991",22279,6360,2983,"BrF",54,80
"16992",22280,6360,1566,"BrM",54,80
"16993",22281,6298,1895,"BrF",54,81
"16994",22282,6298,3502,"ABX",54,81
"16995",22283,6298,2980,"SEEN1",54,81
"16996",22284,6361,2986,"BrF",54,82
"16997",22285,6361,1356,"BrM",54,82
"16998",22286,6362,832,"BrF",54,83
"16999",22287,6362,1604,"BrM",54,83
"17000",22288,6306,1491,"BrF",54,85
"17001",22289,6306,3566,"OFL",54,85
"17002",22290,6363,2978,"BrF",54,86
"17003",22291,6363,1709,"BrM",54,86
"17004",22292,6363,3590,"FL",54,86
"17005",22293,6363,3592,"FL",54,86
"17006",22294,6364,1437,"BrF",54,87
"17007",22295,6364,1722,"BrM",54,87
"17008",22296,6364,3501,"ABX",54,87
"17009",22297,6364,3695,"FL",54,87
"17010",22298,6365,1779,"BrF",54,88
"17011",22299,6365,1196,"BrM",54,88
"17012",22300,6365,3570,"OFL",54,88
"17013",22301,6366,862,"BrF",54,90
"17014",22302,6366,1878,"BrM",54,90
"17015",22303,6367,1717,"BrF",54,92
"17016",22304,6367,1797,"BrM",54,92
"17017",22305,6367,3457,"ABX",54,92
"17018",22306,6368,1697,"BrF",54,93
"17019",22307,6368,1796,"BrM",54,93
"17020",22308,6368,3455,"ABX",54,93
"17021",22309,6368,3599,"FL",54,93
"17022",22310,6369,1195,"BrF",54,94
"17023",22311,6369,1871,"BrM",54,94
"17024",22312,6369,3511,"ABX",54,94
"17025",22313,6369,3605,"OFL",54,94
"17026",22314,6370,1170,"BrF",54,95
"17027",22315,6370,1524,"BrM",54,95
"17028",22316,6370,3595,"FL",54,95
"17029",22317,6370,3597,"OFL",54,95
"17030",22318,6371,1598,"BrF",54,96
"17031",22319,6371,3000,"BrM",54,96
"17032",22320,6372,1438,"BrF",54,98
"17033",22321,6372,1718,"BrM",54,98
"17034",22322,6372,1708,"ABX",54,98
"17035",22323,6372,3598,"FL",54,98
"17036",22324,6295,1533,"BrM",54,99
"17037",22325,6295,3692,"ABX",54,99
"17038",22326,6307,1394,"BrM",54,100
"17039",22327,6373,1403,"BrF",54,101
"17040",22328,6373,3454,"BrM",54,101
"17041",22329,6373,3461,"ABX",54,101
"17042",22330,6373,3462,"ABX",54,101
"17043",22331,6374,3090,"BrF",54,105
"17044",22332,6374,1381,"BrM",54,105
"17045",22333,6374,3574,"FL",54,105
"17046",22334,6375,1851,"BrF",54,108
"17047",22335,6375,1199,"BrM",54,108
"17048",22336,6375,3648,"FL",54,108
"17049",22337,6376,1580,"BrF",54,109
"17050",22338,6376,1040,"BrM",54,109
"17051",22339,6376,3456,"ABX",54,109
"17052",22340,6376,3505,"ABX",54,109
"17053",22341,6376,3644,"FL",54,109
"17054",22342,6377,1865,"BrF",54,110
"17055",22343,6377,1018,"BrM",54,110
"17056",22344,6378,1576,"BrF",54,111
"17057",22345,6378,1512,"BrM",54,111
"17058",22346,6378,3645,"FL",54,111
"17059",22347,6379,1790,"BrF",54,112
"17060",22348,6379,1731,"BrM",54,112
"17061",22349,6379,3516,"ABX",54,112
"17062",22350,6290,1665,"BrF",54,113
"17063",22351,6290,3091,"ABX",54,113
"17064",22352,6290,3643,"FL",54,113
"17065",22353,6380,1685,"BrF",54,116
"17066",22354,6380,1608,"BrM",54,116
"17067",22355,6380,3564,"ABX",54,116
"17068",22356,6380,3578,"OFL",54,116
"17069",22357,7025,3698,"BrF",54,118
"17070",22358,7025,1489,"BrM",54,118
"17071",22359,6302,1829,"BrM",54,121
"17072",22360,6302,3600,"OFL",54,121
"17073",22361,6382,1043,"BrF",54,123
"17074",22362,6382,3005,"BrM",54,123
"17075",22363,6383,1401,"BrF",54,125
"17076",22364,6383,1788,"BrM",54,125
"17077",22365,6383,3011,"ABX",54,125
"17078",22366,6383,1877,"ABX",54,125
"17079",22367,6383,3596,"FL",54,125
"17080",22368,6384,919,"BrF",54,126
"17081",22369,6384,510,"BrM",54,126
"17082",22370,6384,3641,"FL",54,126
"17083",22371,5787,1024,"BrF",54,127
"17084",22372,5787,3488,"ABX",54,127
"17085",22373,5788,1891,"BrF",54,128
"17086",22374,5788,3094,"ABX",54,128
"17087",22375,5788,3642,"ABX",54,128
"17088",22376,6385,1678,"BrF",54,129
"17089",22377,6385,1412,"BrM",54,129
"17090",22378,6385,3700,"ABX",54,129
"17091",22379,6385,3651,"FL",54,129
"17092",22380,6386,1429,"BrF",54,134
"17093",22381,6386,1886,"BrM",54,134
"17094",22382,6386,3088,"ABX",54,134
"17095",22383,6386,3619,"FL",54,134
"17096",22384,6387,3002,"BrF",54,135
"17097",22385,6387,1581,"BrM",54,135
"17098",22386,6388,845,"BrF",54,137
"17099",22387,6388,1276,"BrM",54,137
"17100",22388,6309,3508,"BrF",54,138
"17101",22389,6309,3509,"ABX",54,138
"17102",22390,6389,1172,"BrF",54,139
"17103",22391,6389,1171,"BrM",54,139
"17104",22392,6288,1494,"BrM",54,140
"17105",22393,6288,3089,"U",54,140
"17106",22394,6390,3507,"BrF",54,144
"17107",22395,6390,1587,"BrM",54,144
"17108",22396,6390,3459,"ABX",54,144
"17109",22397,6287,1789,"BrF",54,154
"17110",22398,6287,3092,"U",54,154
"17111",22399,6391,1725,"BrF",54,155
"17112",22400,6391,1610,"BrM",54,155
"17113",22401,6391,3604,"OFL",54,155
"17114",22402,6391,3460,"U",54,155
"17115",22403,6392,1759,"BrM",54,159
"17116",22404,6392,3458,"ABX",54,159
"17117",22405,6393,563,"BrF",54,160
"17118",22406,6393,1890,"BrM",54,160
"17119",22408,5791,1682,"BrM",54,165
"17120",22409,5791,3691,"ABX",54,165
"17121",22410,6394,1603,"BrF",54,166
"17122",22411,6395,3022,"BrF",54,167
"17123",22412,6395,3577,"OFL",54,167
"17124",22413,6396,1272,"BrF",54,168
"17125",22414,6396,1593,"BrM",54,168
"17126",22415,6396,3702,"FL",54,168
"17127",22416,6285,1155,"BrF",54,169
"17128",22417,6397,1872,"BrF",54,171
"17129",22418,6397,1777,"BrM",54,171
"17130",22419,6397,524,"ABX",54,171
"17131",22420,6398,1716,"BrF",54,173
"17132",22421,6398,2976,"BrM",54,173
"17133",22422,6398,3650,"FL",54,173
"17134",22423,6398,3499,"ABX",54,173
"17135",22424,6399,1781,"BrF",54,174
"17136",22425,6399,1579,"BrM",54,174
"17137",22426,6400,2982,"BrF",54,177
"17138",22427,6400,1780,"BrM",54,177
"17139",22428,6401,1798,"BrF",54,178
"17140",22429,6401,2974,"BrM",54,178
"17141",22430,6402,3003,"BrF",54,179
"17142",22431,6402,2991,"BrM",54,179
"17143",22432,6402,3606,"OFL",54,179
"17144",22433,6337,3618,"ABX",54,42
"17145",22434,6292,1800,"ABX",54,55
"17146",22435,6355,3009,"ABX",54,71
"17147",22436,6359,1776,"BrF",54,77
"17148",22437,6363,2963,"ABX",54,86
"17149",22438,6370,1893,"ABX",54,95
"17150",22439,6294,1705,"ABX",54,1
"17151",22440,6396,1271,"ABX",54,168
"17152",22441,6328,1501,"BrF",54,28
"17153",22443,6403,1762,"FLOAT",54,-3
"17154",22444,6403,2980,"FLOAT",54,-3
"17155",22445,6384,476,"ABX",54,126
"17156",22455,6392,2993,"BrF",54,159
"17157",22456,4247,1776,"BrF",82,77
"17158",22457,697,3612,"CH",37,71
"17159",22458,688,3614,"CH",37,58
"17160",22459,6382,3694,"BrF",54,123
"17161",22460,6300,3614,"NSA",54,58
"17162",22461,6355,3612,"OFL",54,71
"17163",22462,6379,3646,"FL",54,112
"17164",22463,6396,3015,"SEEN1",54,168
"17165",22464,6301,2977,"BrF",54,157
"17166",22465,2079,6057,"CH",19,2
"17167",22467,6405,1216,"BrF",23,7
"17168",22468,6405,1187,"BrM",23,7
"17169",22470,26,3831,"XF",22,22
"17170",22471,96,3831,"CH",22,132
"17171",22472,98,1220,"CH",22,135
"17172",22473,98,1231,"CH",22,135
"17173",22474,106,1232,"XF",22,157
"17174",22475,31,1233,"XF",22,28
"17175",22476,23,1228,"XF",22,15
"17176",22477,37,1237,"XF",22,42
"17177",22478,55,1239,"XF",22,67
"17178",22479,64,1238,"XF",22,80
"17179",22480,68,3793,"XF",22,87
"17180",22481,64,3793,"CH",22,80
"17181",22482,41,3742,"XF",22,48
"17182",22483,23,3742,"CH",22,15
"17183",22487,2130,639,"NSA",19,95
"17184",22488,2096,599,"NSA",19,32
"17185",22489,2109,461,"NSA",19,55
"17186",22490,2082,455,"NSA",19,8
"17187",22491,2141,450,"NSA",19,112
"17188",22492,2221,929,"NSA",21,41
"17189",22493,2206,914,"NSA",21,15
"17190",22494,2208,911,"NSA",21,20
"17191",22495,2219,888,"NSA",21,38
"17192",22496,2197,859,"NSA",21,1
"17193",22497,2247,856,"NSA",21,81
"17194",22498,12,848,"NSA",21,52
"17195",22500,2242,826,"NSA",21,71
"17196",22501,2273,679,"NSA",21,126
"17197",22503,2289,668,"NSA",21,159
"17198",22504,2242,639,"SEEN1",21,71
"17199",22505,2297,605,"NSA",21,169
"17200",22506,2294,563,"NSA",21,166
"17201",22507,2233,558,"NSA",21,57
"17202",22509,2283,542,"NSA",21,144
"17203",22510,2262,541,"NSA",21,106
"17204",22511,2231,461,"NSA",21,55
"17205",22512,7019,331,"NSA",21,121
"17206",22513,2219,498,"NSA",21,38
"17207",22514,2119,792,"NSA",19,73
"17208",22515,111,1207,"XF",22,165
"17209",22516,111,1215,"CH",22,165
"17210",22517,356,4057,"CH",28,12
"17211",22518,443,4031,"XF",28,173
"17212",22519,428,3986,"XF",28,137
"17213",22520,366,1519,"XF",28,25
"17214",22521,419,3987,"XF",28,112
"17215",22522,366,1520,"CH",28,25
"17216",22523,370,3987,"CH",28,30
"17217",22524,397,4031,"CH",28,74
"17218",22525,367,3986,"CH",28,26
"17219",22526,397,1486,"XF",28,74
"17220",22527,391,1489,"CH",28,63
"17221",22528,435,1498,"CH",28,157
"17222",22529,441,1438,"CH",28,169
"17223",22530,442,1436,"CH",28,171
"17224",22531,439,1440,"CH",28,166
"17225",22532,426,1441,"CH",28,129
"17226",22533,433,1527,"CH",28,147
"17227",22534,415,3967,"XF",28,105
"17228",22535,354,4057,"XF",28,8
"17229",22536,434,3967,"CH",28,155
"17230",22537,380,1521,"CH",28,48
"17231",22538,436,1502,"CH",28,159
"17232",22539,387,1531,"CH",28,57
"17233",22540,396,1530,"CH",28,73
"17234",22542,424,476,"NSA",28,126
"17235",22543,376,542,"SEEN1",28,42
"17236",22544,394,1278,"NSA",28,71
"17237",22545,384,1368,"NSA",28,53
"17238",22546,383,848,"NSA",28,52
"17239",22547,414,4055,"CH",28,101
"17240",22548,385,4017,"CH",28,54
"17241",22549,362,3976,"CH",28,20
"17242",22550,426,4017,"XF",28,129
"17243",22551,419,1496,"CH",28,112
"17244",22552,434,3976,"XF",28,155
"17245",22553,368,1505,"CH",28,27
"17246",22554,2549,1387,"NSA",28,117
"17247",22556,369,1491,"CH",28,28
"17248",22557,397,1493,"CH",28,74
"17249",22558,415,1499,"CH",28,105
"17250",22559,428,1494,"CH",28,137
"17251",22560,398,1488,"CH",28,76
"17252",22561,417,1487,"CH",28,109
"17253",22562,354,1532,"CH",28,8
"17254",22563,414,1529,"CH",28,101
"17255",22565,433,4055,"XF",28,147
"17256",22566,251,640,"NSA",25,99
"17257",22567,261,3945,"CH",25,117
"17258",22568,195,3931,"CH",25,12
"17259",22569,238,3907,"CH",25,77
"17260",22570,279,3877,"CH",25,171
"17261",22571,187,3841,"CH",25,1
"17262",22572,187,3840,"CH",25,1
"17263",22573,261,3877,"XF",25,117
"17264",22574,279,3945,"XF",25,171
"17265",22575,260,3931,"XF",25,116
"17266",22576,187,3907,"XF",25,1
"17267",22577,239,1364,"CH",25,80
"17268",22578,188,500,"SEEN1",25,2
"17269",22579,252,679,"SEEN1",25,100
"17270",22580,267,549,"SEEN1",25,130
"17271",22581,188,599,"NSA",25,2
"17272",22582,224,555,"SEEN1",25,57
"17273",22583,278,1194,"SEEN1",25,168
"17274",22584,197,1219,"SEEN1",25,14
"17275",22585,251,1217,"SEEN1",25,99
"17276",22587,250,856,"NSA",25,95
"17277",22589,197,1348,"CH",25,14
"17278",22590,193,1349,"CH",25,8
"17279",22591,231,1365,"CH",25,65
"17280",22592,238,1366,"CH",25,77
"17281",22593,237,1361,"CH",25,76
"17282",22594,260,1363,"CH",25,116
"17283",22595,187,1367,"CH",25,1
"17284",22596,199,1389,"CH",25,16
"17285",22597,199,1390,"CH",25,16
"17286",22598,221,1387,"CH",25,53
"17287",22599,257,1408,"CH",25,110
"17288",22600,200,1409,"CH",25,20
"17289",22601,228,1396,"CH",25,62
"17290",22602,213,1397,"CH",25,40
"17291",22603,213,3953,"XF",25,40
"17292",22604,238,3840,"XF",25,77
"17293",22605,238,3841,"XF",25,77
"17294",22606,213,3946,"XF",25,40
"17295",22607,213,1399,"XF",25,40
"17296",22608,226,1407,"CH",25,60
"17297",22609,207,1411,"CH",25,28
"17298",22610,253,1406,"CH",25,101
"17299",22611,188,1413,"CH",25,2
"17300",22612,268,3953,"CH",25,137
"17301",22613,261,3946,"CH",25,117
"17302",22615,225,1275,"SEEN2",25,59
"17303",22616,192,1269,"SEEN1",25,7
"17304",22617,224,1277,"ABX",25,57
"17305",22618,6491,1278,"FLOAT",25,-3
"17306",22619,232,1306,"ABX",25,67
"17307",22620,193,1269,"SEEN1",25,8
"17308",22621,47,461,"NSA",22,55
"17309",22622,73,505,"SEEN1",22,95
"17310",22623,2302,29,"SEEN1",22,24
"17311",22624,79,22,"SEEN1",22,105
"17312",22625,35,42,"SEEN1",22,38
"17313",22626,3317,531,"SEEN1",22,116
"17314",22627,104,539,"SEEN1",22,147
"17315",22628,16,599,"ABX",22,2
"17316",22629,2302,838,"SEEN1",22,24
"17317",22630,105,639,"SEEN1",22,155
"17318",22631,25,887,"SEEN1",22,20
"17319",22632,2303,886,"SEEN1",22,35
"17320",22634,24,870,"SEEN1",22,16
"17321",22635,48,917,"NSA",22,56
"17322",22636,50,1026,"NSA",22,59
"17323",22638,3317,775,"SEEN2",22,116
"17324",22639,36,799,"ABX",22,40
"17325",22640,99,775,"SEEN1",22,137
"17326",22641,2133,6055,"EGG",19,103
"17327",22643,11,599,"NSA",21,32
"17328",22645,2218,1048,"CH",21,35
"17329",22646,158,461,"SEEN1",23,89
"17330",22647,166,679,"NSA",23,105
"17331",22648,2349,539,"SEEN2",23,147
"17332",22649,119,599,"NSA",23,2
"17333",22651,161,856,"NSA",23,95
"17334",22652,2352,1194,"SEEN1",23,169
"17335",22653,2346,1201,"ABX",23,134
"17336",22654,143,1130,"NSA",23,59
"17337",22656,151,1036,"SEEN2",23,80
"17338",22658,120,1241,"SEEN1",23,3
"17339",22661,169,1267,"CH",23,115
"17340",22663,168,1268,"XF",23,109
"17341",22666,6419,6066,"BrF",124,1
"17342",22667,6419,1750,"BrM",124,1
"17343",22668,6510,5267,"BrF",124,2
"17344",22669,6510,2960,"BrM",124,2
"17345",22670,6510,5517,"ABX",124,2
"17346",22671,6410,6047,"ABX",124,8
"17347",22673,6419,5618,"NS",124,1
"17348",22674,6511,3086,"BrF",124,3
"17349",22675,6511,5829,"BrM",124,3
"17350",22676,6511,5536,"H",124,3
"17351",22678,6511,6038,"NS",124,3
"17352",22679,6511,5828,"NS",124,3
"17353",22680,6511,1763,"NS",124,3
"17354",22681,6410,1660,"BrF",124,8
"17355",22682,6410,5837,"BrM",124,8
"17356",22683,6410,1605,"H",124,8
"17357",22684,6449,1826,"BrF",124,9
"17358",22685,6449,5780,"BrM",124,9
"17359",22686,6449,6052,"NS",124,9
"17360",22687,6467,5841,"BrF",124,11
"17361",22688,6467,5624,"BrM",124,11
"17362",22689,6467,4971,"NS",124,11
"17363",22690,6457,5282,"BrF",124,12
"17364",22691,6457,5462,"BrM",124,12
"17365",22692,6426,5621,"BrF",124,13
"17366",22693,6426,6011,"BrM",124,13
"17367",22694,6426,5604,"ABX",124,13
"17368",22695,6426,1607,"ABX",124,13
"17369",22696,6512,5284,"BrF",124,14
"17370",22697,6512,5775,"BrM",124,14
"17371",22698,6406,5657,"BrF",124,15
"17372",22699,6406,1762,"BrM",124,15
"17373",22700,6513,5642,"BrF",124,16
"17374",22701,6513,5235,"BrM",124,16
"17375",22702,6460,3085,"BrF",124,20
"17376",22703,6460,1729,"BrM",124,20
"17377",22704,6460,6020,"NS",124,20
"17378",22705,6460,5786,"NS",124,20
"17379",22706,6429,5630,"BrF",124,24
"17380",22707,6429,2966,"BrM",124,24
"17381",22709,6450,1852,"BrF",124,26
"17382",22710,6450,5595,"BrM",124,26
"17383",22711,6450,5607,"H",124,26
"17384",22712,6514,3490,"BrF",124,27
"17385",22714,6514,3087,"SEEN1",124,27
"17386",22715,6515,2986,"BrF",124,41
"17387",22716,6515,5588,"BrM",124,41
"17388",22717,6438,1857,"BrF",124,28
"17389",22718,6438,5453,"BrM",124,28
"17390",22719,6438,5843,"H",124,28
"17391",22720,6516,5750,"BrF",124,30
"17392",22721,6516,5072,"BrM",124,30
"17393",22722,6517,3497,"BrF",124,32
"17394",22723,6517,5835,"BrM",124,32
"17395",22724,6437,5749,"BrF",124,33
"17396",22725,6437,5835,"BrM",124,33
"17397",22727,6465,5833,"BrF",124,34
"17398",22728,6465,5903,"BrM",124,34
"17399",22729,6409,5769,"BrF",124,36
"17400",22730,6409,5679,"BrM",124,36
"17401",22731,6551,6024,"BrM",124,605
"17402",22732,6551,1824,"BrF",124,605
"17403",22733,6439,5766,"BrF",124,39
"17404",22734,6439,4890,"BrM",124,39
"17405",22735,6439,6067,"ABX",124,39
"17406",22736,6440,3462,"BrF",124,40
"17407",22737,6440,5590,"BrM",124,40
"17408",22738,6440,6065,"OFL",124,40
"17409",22739,6518,6010,"ABX",124,45
"17410",22741,6519,5631,"NS",124,43
"17411",22744,6518,5655,"NS",124,45
"17412",22745,6430,4973,"BrF",124,46
"17413",22746,6430,1868,"BrM",124,46
"17414",22747,6430,5611,"AB",124,46
"17415",22749,6407,5770,"BrF",124,47
"17416",22750,6407,5513,"BrM",124,47
"17417",22751,6407,5125,"ABX",124,47
"17418",22752,6407,6025,"ABX",124,47
"17419",22754,6407,5771,"NS",124,47
"17420",22755,6456,4896,"BrF",124,48
"17421",22756,6456,5764,"BrM",124,48
"17422",22758,6461,3608,"BrF",124,50
"17423",22759,6461,5834,"BrM",124,50
"17424",22760,6461,5748,"H",124,50
"17425",22761,6461,5237,"NS",124,50
"17426",22762,6520,5450,"BrF",124,51
"17427",22763,6520,5764,"BrM",124,51
"17428",22765,6521,3094,"BrF",124,53
"17429",22766,6521,5855,"BrM",124,53
"17430",22767,6432,5641,"BrF",124,55
"17431",22768,6432,5776,"BrM",124,55
"17432",22769,6433,5514,"BrF",124,57
"17433",22770,6433,5321,"BrM",124,57
"17434",22771,6433,5640,"ABX",124,57
"17435",22772,6433,6021,"NS",124,57
"17436",22773,6433,6043,"NS",124,57
"17437",22774,6433,6035,"NS",124,57
"17438",22775,6408,5613,"BrF",124,58
"17439",22776,6408,5779,"BrM",124,58
"17440",22777,6408,6023,"NS",124,58
"17441",22778,6522,3022,"BrF",124,59
"17442",22779,6522,6014,"BrM",124,59
"17443",22780,6462,1821,"BrF",124,60
"17444",22781,6462,5523,"BrM",124,60
"17445",22782,6462,6033,"ABX",124,60
"17446",22783,6523,1827,"NS",124,61
"17447",22784,6524,3491,"BrF",124,62
"17448",22785,6524,5290,"BrM",124,62
"17449",22787,6431,5901,"BrF",124,63
"17450",22788,6431,6019,"BrM",124,63
"17451",22789,6431,5319,"AB",124,63
"17452",22790,6431,1042,"AB",124,63
"17453",22791,6431,5849,"NS",124,63
"17454",22792,6431,1577,"NS",124,63
"17455",22793,6413,5195,"BrF",124,67
"17456",22794,6413,4972,"BrM",124,67
"17457",22795,6446,5337,"BrF",124,68
"17458",22796,6446,5508,"BrM",124,68
"17459",22797,6446,1669,"ABX",124,68
"17460",22798,6525,6068,"BrF",124,602
"17461",22799,6525,5826,"BrM",124,602
"17462",22800,6525,4803,"NS",124,602
"17463",22801,6436,1716,"BrF",124,70
"17464",22802,6436,1881,"BrM",124,70
"17465",22803,6436,5224,"NS",124,70
"17466",22804,6452,4917,"BrF",124,71
"17467",22805,6452,5847,"BrM",124,71
"17468",22806,6452,5543,"H",124,71
"17469",22807,6526,5452,"BrF",124,72
"17470",22808,6526,6029,"BrM",124,72
"17471",22809,6526,5334,"NS",124,72
"17472",22810,6424,5575,"BrF",124,75
"17473",22811,6424,6018,"BrM",124,75
"17474",22813,6424,5585,"NS",124,75
"17475",22814,6441,4958,"BrF",124,77
"17476",22815,6441,5626,"BrM",124,77
"17477",22817,6527,5597,"BrF",124,79
"17478",22818,6527,5602,"BrM",124,79
"17479",22819,6528,5589,"BrF",124,80
"17480",22820,6528,5586,"BrM",124,80
"17481",22821,6528,5907,"ABX",124,80
"17482",22822,6528,6039,"SEEN1",124,80
"17483",22824,6529,5537,"BrF",124,81
"17484",22825,6529,4947,"BrM",124,81
"17485",22827,6530,5530,"BrF",124,82
"17486",22828,6530,5447,"BrM",124,82
"17487",22829,6530,6026,"ABX",124,82
"17488",22831,6443,3567,"BrF",124,83
"17489",22832,6443,5822,"BrM",124,83
"17490",22834,6443,1604,"NS",124,83
"17491",22835,6443,6041,"NS",124,83
"17492",22836,6531,6044,"BrF",124,85
"17493",22837,6531,5285,"BrM",124,85
"17494",22838,6531,6015,"NS",124,85
"17495",22839,6532,6009,"BrF",124,86
"17496",22840,6532,3089,"BrM",124,86
"17497",22842,6532,2978,"NS",124,86
"17498",22843,6444,4904,"BrF",124,88
"17499",22844,6444,5283,"BrM",124,88
"17500",22846,6463,5174,"BrF",124,603
"17501",22847,6463,6032,"BrM",124,603
"17502",22848,6464,3595,"BrF",124,90
"17503",22849,6464,5292,"BrM",124,90
"17504",22850,6464,6050,"ABX",124,90
"17505",22852,6464,5216,"NS",124,90
"17506",22853,6448,1717,"BrF",124,92
"17507",22854,6448,4954,"BrM",124,92
"17508",22855,6453,5845,"BrF",124,94
"17509",22856,6453,5249,"BrM",124,94
"17510",22857,6453,6012,"ABX",124,94
"17511",22859,6414,5608,"BrF",124,95
"17512",22860,6414,4872,"BrM",124,95
"17513",22861,6414,6037,"SEEN1",124,95
"17514",22862,6414,6031,"NS",124,95
"17515",22863,6454,5521,"BrF",124,96
"17516",22864,6454,5118,"BrM",124,96
"17517",22865,6454,4948,"ABX",124,96
"17518",22866,6454,6062,"SEEN1",124,96
"17519",22867,6416,1438,"BrF",124,98
"17520",22868,6416,1708,"BrM",124,98
"17521",22869,6447,5851,"BrF",124,99
"17522",22870,6447,1533,"BrM",124,99
"17523",22871,6447,5648,"NS",124,99
"17524",22872,6417,6061,"BrF",124,100
"17525",22873,6417,5547,"BrM",124,100
"17526",22874,6417,6064,"U",124,100
"17527",22875,6417,3606,"NS",124,100
"17528",22876,6533,5128,"BrF",124,101
"17529",22877,6533,5606,"BrM",124,101
"17530",22878,6533,6069,"SEEN1",124,101
"17531",22879,6533,3518,"NS",124,101
"17532",22880,6445,1580,"BrF",124,109
"17533",22881,6445,3643,"BrM",124,109
"17534",22883,6534,5582,"BrM",124,110
"17535",22884,6534,5598,"ABX",124,110
"17536",22885,6534,3645,"NS",124,110
"17537",22886,6469,5212,"BrF",124,111
"17538",22887,6469,5559,"BrM",124,111
"17539",22889,6469,5839,"SEEN1",124,111
"17540",22890,6411,5625,"BrF",124,112
"17541",22891,6411,5820,"BrM",124,112
"17542",22892,6411,6049,"H",124,112
"17543",22893,6535,5678,"BrF",124,116
"17544",22894,6535,3486,"BrM",124,116
"17545",22895,6535,5652,"SEEN2",124,116
"17546",22896,6455,3698,"BrF",124,118
"17547",22897,6455,1489,"BrM",124,118
"17548",22900,6421,5226,"BrM",124,121
"17549",22901,6421,1829,"NS",124,121
"17550",22902,6468,6036,"BrF",124,123
"17551",22903,6468,5639,"BrM",124,123
"17552",22907,6425,6022,"BrF",124,126
"17553",22908,6425,5522,"BrM",124,126
"17554",22909,6425,5341,"NS",124,126
"17555",22910,6435,4965,"BrF",124,127
"17556",22911,6435,5643,"BrM",124,127
"17557",22912,6435,6063,"FL",124,127
"17558",22913,6427,5277,"BrF",124,128
"17559",22914,6427,4933,"BrM",124,128
"17560",22915,6427,5644,"ABX",124,128
"17561",22916,6427,6051,"NSA",124,128
"17562",22917,6537,5173,"BrF",124,129
"17563",22918,6537,5904,"BrM",124,129
"17564",22920,6537,5905,"SEEN1",124,129
"17565",22921,6537,1678,"NS",124,129
"17566",22923,6415,5518,"BrF",124,134
"17567",22924,6415,5456,"BrM",124,134
"17568",22926,6538,5633,"BrF",124,135
"17569",22927,6538,5528,"BrM",124,135
"17570",22928,6538,3002,"NS",124,135
"17571",22929,6459,3574,"BrF",124,137
"17572",22930,6459,5650,"BrM",124,137
"17573",22932,6434,3451,"BrF",124,138
"17574",22933,6434,5600,"H",124,138
"17575",22934,6434,1801,"NS",124,138
"17576",22935,6434,5605,"NS",124,138
"17577",22936,6434,5783,"NS",124,138
"17578",22937,6539,5534,"BrF",124,140
"17579",22938,6539,1494,"BrM",124,140
"17580",22939,6540,5825,"BrF",124,154
"17581",22940,6540,1869,"BrM",124,154
"17582",22941,6540,6064,"FL",124,154
"17583",22942,6540,6062,"SEEN1",124,154
"17584",22943,6541,4885,"BrF",124,155
"17585",22944,6541,5583,"BrM",124,155
"17586",22945,6541,5338,"NS",124,155
"17587",22947,6422,5075,"BrF",124,157
"17588",22948,6422,5000,"BrM",124,157
"17589",22949,6542,4861,"BrF",124,159
"17590",22950,6542,5217,"ABX",124,159
"17591",22951,6542,6042,"NS",124,159
"17592",22952,6542,5686,"NS",124,159
"17593",22953,6542,6013,"NS",124,159
"17594",22954,6543,5132,"BrF",124,160
"17595",22955,6543,5498,"BrM",124,160
"17596",22956,6418,5634,"BrF",124,165
"17597",22957,6418,4957,"BrM",124,165
"17598",22958,6418,5908,"ABX",124,165
"17599",22960,6466,5842,"BrF",124,168
"17600",22961,6466,5333,"BrM",124,168
"17601",22962,6412,3699,"BrF",124,169
"17602",22963,6412,5821,"BrM",124,169
"17603",22964,6412,5509,"NS",124,169
"17604",22965,6451,5564,"BrF",124,173
"17605",22966,6451,6030,"BrM",124,173
"17606",22967,6451,4892,"NS",124,173
"17607",22968,6423,5077,"BrM",124,174
"17608",22970,6544,5545,"BrF",124,177
"17609",22971,6544,5638,"BrM",124,177
"17610",22972,6544,4883,"NS",124,177
"17611",22973,6545,5511,"BrF",124,178
"17612",22974,6545,2974,"BrM",124,178
"17613",22976,6442,5838,"BrF",124,179
"17614",22977,6442,2991,"BrM",124,179
"17615",22980,6546,3594,"BrF",124,172
"17616",22981,6546,5836,"BrM",124,172
"17617",22983,6470,6028,"BrF",124,407
"17618",22984,6470,3456,"BrM",124,407
"17619",22985,6470,5616,"NS",124,407
"17620",22986,6470,1864,"NS",124,407
"17621",22987,6547,5683,"BrF",124,478
"17622",22988,6547,5774,"BrM",124,478
"17623",22989,6547,6016,"ABX",124,478
"17624",22991,6547,5844,"NS",124,478
"17625",22992,6458,5524,"BrF",124,480
"17626",22993,6458,4860,"BrM",124,480
"17627",22994,6548,5549,"BrF",124,479
"17628",22995,6548,5612,"BrM",124,479
"17629",22998,6420,1707,"BrF",124,477
"17630",22999,6420,1710,"BrM",124,477
"17631",23000,6420,5909,"H",124,477
"17632",23001,6428,5635,"BrF",124,481
"17633",23002,6428,5620,"BrM",124,481
"17634",23003,6428,6045,"H",124,481
"17635",23004,6428,6046,"AB",124,481
"17636",23005,6549,5542,"NS",124,515
"17637",23006,6549,5275,"NS",124,515
"17638",23007,6550,5529,"NS",124,516
"17639",23010,6554,6027,"FLOAT",124,-3
"17640",23020,6537,6048,"SEEN2",124,129
"17641",23021,6186,5242,"NS",122,118
"17642",23022,6119,6070,"CH",122,134
"17643",23023,78,3809,"CH",22,104
"17644",23024,36,1049,"ABX",22,40
"17645",23025,7023,554,"SEEN1",25,144
"17646",23026,3532,532,"U",47,298
"17647",23027,2807,6073,"BrM",32,138
"17648",23029,536,6073,"BrM",30,138
"17649",23030,3291,205,"CH",8,40
"17650",23033,55,3786,"CH",22,67
"17651",23034,53,3785,"CH",22,63
"17652",23035,41,3769,"CH",22,48
"17653",23036,37,3767,"CH",22,42
"17654",23037,31,3762,"CH",22,28
"17655",23038,17,3759,"CH",22,3
"17656",23039,26,3755,"CH",22,22
"17657",23040,25,3754,"CH",22,20
"17658",23041,116,3753,"CH",22,171
"17659",23042,106,3744,"CH",22,157
"17660",23043,94,3829,"CH",22,129
"17661",23044,443,3975,"CH",28,173
"17662",23045,17,3809,"XF",22,3
"17663",23046,78,3759,"XF",22,104
"17664",23047,37,3786,"XF",22,42
"17665",23048,55,3767,"XF",22,67
"17666",23049,96,3755,"XF",22,132
"17667",23050,94,3754,"XF",22,129
"17668",23051,23,3769,"XF",22,15
"17669",23052,31,3744,"XF",22,28
"17670",23053,106,3762,"XF",22,157
"17671",23054,25,3785,"XF",22,20
"17672",23055,53,3829,"XF",22,63
"17673",23056,397,3975,"XF",28,74
"17674",23057,98,3753,"XF",22,135
"17675",23058,17,1241,"XF",22,3
"17676",23059,116,3752,"CH",22,171
"17677",23062,6555,428,"SEEN1",1,-3
"17678",23063,855,2745,"SEEN1",1,1
"17679",23064,6556,428,"NSA",2,-3
"17680",23065,6557,792,"SEEN1",2,-3
"17681",23066,897,791,"NSA",2,38
"17682",23067,913,790,"NSA",2,71
"17683",23068,883,789,"NSA",2,12
"17684",23069,6944,2751,"SEEN1",2,18
"17685",23070,6940,2749,"NSA",2,25
"17686",23071,877,2745,"NSA",2,1
"17687",23072,6939,2740,"NSA",2,112
"17688",23073,6563,2732,"NSA",2,-3
"17689",23074,6564,2731,"SEEN1",2,-3
"17690",23075,890,2790,"SEEN1",2,23
"17691",23076,880,2760,"SEEN1",2,4
"17692",23077,6565,2859,"NSA",2,-3
"17693",23078,986,1940,"NSA",3,87
"17694",23079,6914,1927,"NSA",3,63
"17695",23080,6914,1928,"NSA",3,63
"17696",23081,964,1907,"NSA",3,30
"17697",23082,6914,1926,"NSA",3,63
"17698",23083,6912,1914,"NSA",3,55
"17699",23084,6570,1686,"NSA",3,-3
"17700",23085,6571,2004,"NSA",3,-3
"17701",23086,6572,1903,"NSA",3,-3
"17702",23087,6916,1932,"NSA",3,70
"17703",23088,6574,427,"NSA",3,-3
"17704",23089,6575,792,"NSA",3,-3
"17705",23090,968,791,"NSA",3,38
"17706",23092,6578,22,"SEEN2",3,-3
"17707",23093,6579,20,"SEEN1",3,-3
"17708",23094,6580,794,"NSA",3,-3
"17709",23095,6945,2751,"NSA",3,18
"17710",23096,6942,2750,"NSA",3,19
"17711",23097,6941,2749,"NSA",3,25
"17712",23098,6584,2739,"NSA",3,-3
"17713",23099,6585,2732,"SEEN1",3,-3
"17714",23100,985,2788,"NSA",3,86
"17715",23101,6586,2759,"NSA",3,-3
"17716",23102,961,2860,"NSA",3,22
"17717",23103,6587,2859,"NSA",3,-3
"17718",23104,6913,1922,"NSA",4,60
"17719",23105,6913,1923,"NSA",4,60
"17720",23106,6920,2030,"NSA",4,91
"17721",23107,6918,2005,"NSA",4,3
"17722",23108,6592,1903,"NSA",4,-3
"17723",23109,6917,1932,"NSA",4,70
"17724",23110,1079,2041,"NSA",4,106
"17725",23111,1034,428,"NSA",4,20
"17726",23112,6594,792,"NSA",4,-3
"17727",23113,6595,25,"NSA",4,-3
"17728",23114,6596,23,"NSA",4,-3
"17729",23115,6597,21,"NSA",4,-3
"17730",23116,6598,794,"NSA",4,-3
"17731",23117,6946,2751,"NSA",4,18
"17732",23118,6943,2750,"NSA",4,19
"17733",23119,1046,2792,"NSA",4,38
"17734",23120,1047,2815,"NSA",4,40
"17735",23121,3287,2821,"NSA",4,71
"17736",23122,6601,2859,"NSA",4,-3
"17737",23123,3288,2071,"NSA",5,25
"17738",23124,6915,1931,"NSA",5,69
"17739",23125,6922,2105,"NSA",5,115
"17740",23126,6922,2106,"NSA",5,115
"17741",23127,6915,2089,"NSA",5,69
"17742",23128,6606,793,"NSA",5,-3
"17743",23129,1112,35,"NSA",5,13
"17744",23130,1212,33,"NSA",5,171
"17745",23131,6607,25,"NSA",5,-3
"17746",23132,1173,2771,"NSA",5,103
"17747",23133,1182,2840,"NSA",5,116
"17748",23134,1271,2166,"NSA",6,87
"17749",23135,6609,793,"NSA",6,-3
"17750",23136,6610,25,"NSA",6,-3
"17751",23137,1387,2166,"NSA",7,87
"17752",23138,1331,2216,"NSA",7,8
"17753",23139,1334,2067,"NSA",7,12
"17754",23140,6921,2099,"NSA",7,100
"17755",23141,6921,2100,"NSA",7,100
"17756",23142,6615,25,"NSA",7,-3
"17757",23143,6927,2138,"NSA",8,51
"17758",23144,1449,2216,"NSA",8,8
"17759",23145,1500,2100,"NSA",8,100
"17760",23146,6619,71,"NSA",8,-3
"17761",23147,1479,162,"CH",8,59
"17762",23148,1503,161,"CH",8,103
"17763",23149,1485,160,"SEEN1",8,73
"17764",23150,6619,25,"NSA",8,-3
"17765",23151,1479,163,"SEEN1",8,59
"17766",23152,3291,209,"CH",8,40
"17767",23153,3295,208,"CH",8,160
"17768",23154,1485,204,"SEEN1",8,73
"17769",23155,1510,203,"SEEN1",8,112
"17770",23156,6935,2322,"NSA",8,10
"17771",23157,1662,2058,"NSA",10,164
"17772",23158,6621,25,"NSA",10,-3
"17773",23159,6622,221,"NSA",10,-3
"17774",23160,1729,792,"NSA",12,73
"17775",23161,6623,25,"NSA",12,-3
"17776",23162,1752,175,"CH",12,112
"17777",23163,6928,2165,"NSA",14,86
"17778",23164,6947,2209,"NSA",14,148
"17779",23165,6931,2192,"NSA",14,151
"17780",23166,6932,2198,"NSA",14,158
"17781",23167,6932,2199,"NSA",14,158
"17782",23168,6930,2181,"NSA",14,125
"17783",23169,6929,2177,"NSA",14,117
"17784",23170,6929,2178,"NSA",14,117
"17785",23171,6931,2191,"NSA",14,151
"17786",23172,6930,2182,"NSA",14,125
"17787",23173,6911,2203,"NSA",14,163
"17788",23174,6933,2205,"NSA",14,137
"17789",23175,6924,2114,"NSA",14,3
"17790",23176,1820,2115,"NSA",14,7
"17791",23177,6925,2116,"NSA",14,8
"17792",23178,6926,2118,"NSA",14,9
"17793",23179,1852,2111,"NSA",14,96
"17794",23180,6923,2113,"NSA",14,144
"17795",23181,6919,2128,"NSA",14,33
"17796",23182,1829,2125,"NSA",14,27
"17797",23183,6926,2119,"NSA",14,9
"17798",23184,1862,2107,"NSA",14,154
"17799",23185,1865,2108,"NSA",14,171
"17800",23186,6919,2014,"NSA",14,33
"17801",23187,6909,331,"NSA",14,121
"17802",23188,6911,31,"NSA",14,163
"17803",23189,6910,22,"NSA",14,16
"17804",23190,1823,251,"NSA",14,15
"17805",23191,1858,173,"NSA",14,113
"17806",23192,1831,2343,"NSA",14,30
"17807",23193,6934,2311,"NSA",14,168
"17808",23194,6937,2457,"NSA",14,102
"17809",23195,6936,2409,"NSA",14,159
"17810",23196,6936,2408,"NSA",14,159
"17811",23197,6938,2549,"NSA",14,97
"17812",23198,6938,2550,"NSA",14,97
"17813",23199,1863,2522,"NSA",14,155
"17814",23200,1853,2503,"NSA",14,103
"17815",23201,1832,2534,"NSA",14,32
"17816",23202,1822,2532,"NSA",14,14
"17817",23203,15,1236,"CH",22,1
"17818",23244,990,25,"SEEN1",3,94
"17819",23246,62,1207,"CH",22,76
"17820",23247,2245,1047,"CH",21,76
"17821",23248,1342,428,"NSA",7,20
"17822",23249,6659,2826,"SEEN1",7,-3
"17823",23250,107,3745,"CH",22,159
"17824",23251,17,3758,"CH",22,3
"17825",23252,65,3794,"CH",22,81
"17826",23253,120,3863,"CH",23,3
"17827",23254,405,4042,"CH",28,86
"17828",23255,357,4064,"CH",28,13
"17829",23256,1,4255,"CH",19,45
"17830",23257,2,4256,"CH",19,69
"17831",23258,6670,6066,"BrF",125,1
"17832",23259,6670,1750,"BrM",125,1
"17833",23260,6670,6165,"H",125,1
"17834",23261,6670,6229,"FL",125,1
"17835",23262,6739,5267,"BrF",125,2
"17836",23263,6739,2960,"BrM",125,2
"17837",23264,6739,5517,"H",125,2
"17838",23265,6739,6164,"AB",125,2
"17839",23266,6706,6034,"BrF",125,616
"17840",23267,6706,5853,"BrM",125,616
"17841",23268,6662,3086,"BrF",125,3
"17842",23269,6662,5829,"BrM",125,3
"17843",23270,6662,5536,"H",125,3
"17844",23271,6662,6194,"OFL",125,3
"17845",23272,6662,6215,"OFL",125,3
"17846",23273,6742,1660,"BrF",125,8
"17847",23274,6742,5837,"BrM",125,8
"17848",23275,6742,1605,"H",125,8
"17849",23276,6667,1826,"BrF",125,9
"17850",23277,6667,5780,"BrM",125,9
"17851",23278,6667,6193,"FL",125,9
"17852",23279,6672,5841,"BrF",125,11
"17853",23280,6672,5624,"BrM",125,11
"17854",23281,6749,5282,"BrF",125,12
"17855",23282,6749,5462,"BrM",125,12
"17856",23283,6746,5621,"BrF",125,13
"17857",23284,6746,6011,"ABX",125,13
"17858",23285,6746,5604,"ABX",125,13
"17859",23286,6746,1607,"BrM",125,13
"17860",23287,6746,6141,"AB",125,13
"17861",23288,6746,6142,"AB",125,13
"17862",23289,6745,5284,"BrF",125,14
"17863",23290,6745,5775,"BrM",125,14
"17864",23291,6735,5657,"BrF",125,15
"17865",23292,6735,1762,"BrM",125,15
"17866",23293,6735,6143,"H",125,15
"17867",23294,6735,6156,"AB",125,15
"17868",23296,4854,4922,"H",86,443
"17869",23297,4854,5018,"BrM",86,443
"17870",23298,4854,5021,"BrF",86,443
"17871",23299,4854,5023,"AB",86,443
"17872",23300,4854,5022,"H",86,443
"17873",23301,6721,5642,"BrF",125,16
"17874",23302,6721,5235,"BrM",125,16
"17875",23303,6741,3085,"BrF",125,20
"17876",23304,6741,1729,"BrM",125,20
"17877",23305,6741,6136,"AB",125,20
"17878",23306,6741,6205,"FL",125,20
"17879",23307,6664,5630,"BrF",125,24
"17880",23308,6664,2966,"BrM",125,24
"17881",23309,6664,6209,"OFL",125,24
"17882",23310,6664,6210,"OFL",125,24
"17883",23311,6696,5607,"BrF",125,26
"17884",23312,6696,5595,"BrM",125,26
"17885",23313,6696,6149,"AB",125,26
"17886",23314,6696,1852,"SEEN1",125,26
"17887",23315,6732,3490,"BrF",125,27
"17888",23316,6732,3087,"BrM",125,27
"17889",23317,6751,5843,"BrF",125,28
"17890",23318,6751,5453,"BrM",125,28
"17891",23319,6751,6178,"AB",125,28
"17892",23320,6751,1857,"NS",125,28
"17893",23321,6698,5750,"BrF",125,30
"17894",23322,6698,5072,"BrM",125,30
"17895",23323,6698,6230,"FL",125,30
"17896",23324,6765,3497,"BrF",125,32
"17897",23325,6765,5835,"BrM",125,32
"17898",23326,6765,6189,"ABX",125,32
"17899",23327,6750,6027,"BrM",125,33
"17900",23328,6750,5825,"BrF",125,33
"17901",23329,6766,5823,"BrF",125,617
"17902",23330,6766,5839,"BrM",125,617
"17903",23331,6761,5833,"BrF",125,34
"17904",23332,6761,5903,"BrM",125,34
"17905",23333,6761,6160,"H",125,34
"17906",23334,6738,5769,"BrF",125,36
"17907",23335,6738,5679,"BrM",125,36
"17908",23336,6738,6172,"H",125,36
"17909",23337,6733,1824,"BrF",125,605
"17910",23338,6733,6024,"BrM",125,605
"17911",23339,6733,6171,"AB",125,605
"17912",23340,6756,6067,"SEEN1",125,80
"17913",23341,6730,6067,"SEEN1",125,112
"17914",23342,6699,5766,"BrF",125,39
"17915",23343,6699,4890,"BrM",125,39
"17916",23344,6699,6139,"H",125,39
"17917",23345,6748,3462,"BrF",125,40
"17918",23346,6748,5590,"BrM",125,40
"17919",23347,6734,2986,"BrF",125,41
"17920",23348,6734,5588,"BrM",125,41
"17921",23349,6759,5658,"BrF",125,43
"17922",23350,6759,6011,"BrM",125,43
"17923",23351,6757,4999,"BrF",125,45
"17924",23352,6757,5513,"BrM",125,45
"17925",23353,6757,5465,"SEEN2",125,45
"17926",23354,6757,5846,"SEEN2",125,45
"17927",23355,6757,6017,"SEEN2",125,45
"17928",23356,6680,4973,"BrF",125,46
"17929",23357,6680,1868,"BrM",125,46
"17930",23358,6680,5611,"H",125,46
"17931",23359,6680,6153,"H",125,46
"17932",23360,6683,5513,"BrM",125,47
"17933",23361,6683,5770,"BrF",125,47
"17934",23362,6683,5525,"H",125,47
"17935",23363,6683,5125,"NS",125,47
"17936",23364,6683,6232,"OFL",125,47
"17937",23365,6683,6231,"FL",125,47
"17938",23366,6729,4896,"BrF",125,48
"17939",23367,6729,5764,"BrM",125,48
"17940",23369,6673,3608,"BrF",125,50
"17941",23370,6673,5834,"BrM",125,50
"17942",23371,6673,5748,"H",125,50
"17943",23372,6673,6233,"FL",125,50
"17944",23373,6760,5450,"BrF",125,51
"17945",23374,6760,5764,"BrM",125,51
"17946",23376,6760,6234,"ABX",125,51
"17947",23378,6753,3094,"BrF",125,53
"17948",23379,6753,5855,"BrM",125,53
"17949",23380,6710,5641,"BrF",125,55
"17950",23381,6710,5776,"BrM",125,55
"17951",23382,6710,6214,"H",125,55
"17952",23383,6684,5514,"BrF",125,57
"17953",23384,6684,5321,"BrM",125,57
"17954",23385,6684,5640,"H",125,57
"17955",23386,6684,6145,"AB",125,57
"17956",23387,6684,6154,"AB",125,57
"17957",23388,6684,6236,"FL",125,57
"17958",23390,6684,6204,"OFL",125,57
"17959",23391,6712,5613,"BrF",125,58
"17960",23392,6712,5779,"BrM",125,58
"17961",23393,6712,6202,"FL",125,58
"17962",23394,6707,6048,"BrF",125,59
"17963",23395,6707,6014,"BrM",125,59
"17964",23396,6707,6191,"FL",125,59
"17965",23397,6707,3022,"NS",125,59
"17966",23398,6692,1821,"BrF",125,60
"17967",23399,6692,5523,"BrM",125,60
"17968",23400,6708,3491,"BrF",125,62
"17969",23401,6708,5291,"BrM",125,62
"17970",23402,6708,6203,"FL",125,62
"17971",23403,6708,5290,"NS",125,62
"17972",23404,6661,5901,"BrF",125,63
"17973",23405,6661,6019,"BrM",125,63
"17974",23406,6661,1042,"H",125,63
"17975",23407,6661,5319,"H",125,63
"17976",23408,6661,6213,"H",125,63
"17977",23409,6661,6237,"FL",125,63
"17978",23410,6668,6212,"BrM",125,67
"17979",23411,6668,5195,"BrF",125,67
"17980",23412,6668,4972,"TBRM",125,67
"17981",23413,6668,6197,"FL",125,67
"17982",23414,6758,5337,"BrF",125,68
"17983",23415,6758,6033,"BrM",125,68
"17984",23416,6758,1669,"H",125,68
"17985",23418,6758,5508,"NS",125,68
"17986",23419,6711,6068,"BrF",125,602
"17987",23420,6711,5826,"BrM",125,602
"17988",23421,6740,6239,"FL",125,70
"17989",23422,6740,1716,"BrF",125,70
"17990",23423,6740,1881,"BrM",125,70
"17991",23424,6697,4917,"BrF",125,71
"17992",23425,6697,5847,"BrM",125,71
"17993",23426,6697,5543,"H",125,71
"17994",23427,6697,6162,"AB",125,71
"17995",23428,6697,6208,"FL",125,71
"17996",23429,6697,6240,"FL",125,71
"17997",23430,6747,5452,"BrF",125,72
"17998",23431,6747,6029,"BrM",125,72
"17999",23432,6747,6166,"ABX",125,72
"18000",23433,6701,5575,"BrF",125,75
"18001",23434,6701,6018,"BrM",125,75
"18002",23435,6701,6148,"H",125,75
"18003",23436,6700,4958,"BrF",125,77
"18004",23437,6700,5626,"BrM",125,77
"18005",23438,6700,6151,"H",125,77
"18006",23439,6700,6152,"H",125,77
"18007",23440,6700,6198,"FL",125,77
"18008",23441,6736,5597,"BrF",125,79
"18009",23442,6736,5602,"BrM",125,79
"18010",23444,6736,6221,"FL",125,79
"18011",23445,6756,6138,"ABX",125,80
"18012",23446,6756,5589,"BrF",125,80
"18013",23447,6756,5586,"TBRM",125,80
"18014",23448,6686,5537,"BrF",125,81
"18015",23449,6686,4947,"BrM",125,81
"18016",23450,6754,5530,"BrF",125,82
"18017",23451,6754,5447,"BrM",125,82
"18018",23452,6754,6026,"ABX",125,82
"18019",23453,6723,6065,"BrF",125,83
"18020",23454,6723,5822,"BrM",125,83
"18021",23455,6723,6180,"SEEN1",125,83
"18022",23456,6723,3567,"SEEN2",125,83
"18023",23457,6726,6044,"BrF",125,85
"18024",23458,6726,5285,"BrM",125,85
"18025",23459,6744,5584,"BrF",125,86
"18026",23460,6744,3089,"BrM",125,86
"18027",23461,6762,4904,"BrF",125,88
"18028",23462,6762,5283,"BrM",125,88
"18029",23463,6762,6175,"AB",125,88
"18030",23464,6762,6242,"FL",125,88
"18031",23465,6694,5174,"BrF",125,603
"18032",23466,6694,6032,"BrM",125,603
"18033",23467,6720,3595,"BrF",125,90
"18034",23468,6720,5292,"BrM",125,90
"18035",23469,6720,6168,"SEEN1",125,90
"18036",23470,6720,6223,"OFL",125,90
"18037",23471,6722,1717,"BrF",125,92
"18038",23472,6722,4954,"BrM",125,92
"18039",23473,6722,6218,"OFL",125,92
"18040",23474,6722,6182,"AB",125,92
"18041",23475,6674,5845,"BrF",125,94
"18042",23476,6674,5249,"BrM",125,94
"18043",23477,6674,6012,"H",125,94
"18044",23478,6674,6243,"FL",125,94
"18045",23479,6674,6179,"SEEN1",125,94
"18046",23480,6705,6181,"BrF",125,95
"18047",23481,6705,4872,"BrM",125,95
"18048",23482,6705,5608,"NS",125,95
"18049",23483,6705,6037,"NS",125,95
"18050",23484,6709,4948,"NS",125,96
"18051",23485,6704,6062,"NSA",125,154
"18052",23486,6709,5521,"BrF",125,96
"18053",23487,6709,5118,"BrM",125,96
"18054",23488,6702,1438,"BrF",125,98
"18055",23489,6702,1708,"BrM",125,98
"18056",23490,6682,5851,"BrF",125,99
"18057",23491,6682,1533,"BrM",125,99
"18058",23492,6703,6061,"BrF",125,100
"18059",23493,6703,5547,"BrM",125,100
"18060",23494,6703,6206,"FL",125,100
"18061",23495,6703,6064,"NSA",125,100
"18062",23496,6695,5128,"BrF",125,101
"18063",23497,6695,5606,"BrM",125,101
"18064",23498,6695,6220,"H",125,101
"18065",23499,6695,6169,"AB",125,101
"18066",23500,6695,6179,"SEEN1",125,101
"18067",23501,6686,6069,"SEEN1",125,81
"18068",23502,6725,1580,"BrF",125,109
"18069",23503,6725,3643,"BrM",125,109
"18070",23504,6693,5598,"BrF",125,110
"18071",23505,6693,5582,"BrM",125,110
"18072",23506,6693,6158,"H",125,110
"18073",23507,6693,6244,"FL",125,110
"18074",23508,6763,5212,"BrF",125,111
"18075",23509,6763,5559,"BrM",125,111
"18076",23510,6763,6219,"H",125,111
"18077",23511,6763,6159,"H",125,111
"18078",23512,6730,5625,"BrF",125,112
"18079",23513,6730,5820,"BrM",125,112
"18080",23514,6730,6140,"H",125,112
"18081",23515,6730,6049,"AB",125,112
"18082",23516,6728,5652,"BrF",125,116
"18083",23517,6728,3486,"BrM",125,116
"18084",23518,6728,6146,"AB",125,116
"18085",23519,6724,3698,"BrF",125,118
"18086",23520,6724,1489,"BrM",125,118
"18087",23521,6716,6226,"BrF",125,121
"18088",23522,6716,5226,"BrM",125,121
"18089",23523,6718,5749,"BrF",125,123
"18090",23524,6718,5639,"BrM",125,123
"18091",23525,6688,5596,"BrF",125,125
"18092",23526,6688,1877,"BrM",125,125
"18093",23527,6688,3596,"TBRF",125,125
"18094",23528,6688,6167,"SEEN2",125,125
"18095",23529,6688,6200,"FL",125,125
"18096",23530,6755,6022,"BrF",125,126
"18097",23531,6755,5522,"BrM",125,126
"18098",23532,6755,6188,"ABX",125,126
"18099",23533,6679,4965,"BrF",125,127
"18100",23534,6679,5643,"BrM",125,127
"18101",23535,6679,6176,"AB",125,127
"18102",23536,6679,6063,"AB",125,127
"18103",23537,6679,6192,"FL",125,127
"18104",23538,6690,5277,"BrF",125,128
"18105",23539,6690,4933,"BrM",125,128
"18106",23540,6690,5644,"H",125,128
"18107",23541,6690,6051,"H",125,128
"18108",23542,6690,6228,"AB",125,128
"18109",23543,6690,6245,"FL",125,128
"18110",23544,6681,5173,"BrF",125,129
"18111",23545,6681,5904,"BrM",125,129
"18112",23546,6681,6173,"SEEN1",125,129
"18113",23547,6681,6227,"OFL",125,129
"18114",23548,6681,5905,"NS",125,129
"18115",23549,6715,5518,"BrF",125,134
"18116",23550,6715,5456,"BrM",125,134
"18117",23551,6715,6184,"AB",125,134
"18118",23552,6715,6185,"AB",125,134
"18119",23553,6675,5633,"BrF",125,135
"18120",23554,6675,5528,"BrM",125,135
"18121",23555,6675,6246,"OFL",125,135
"18122",23556,6727,3574,"BrF",125,137
"18123",23557,6727,5908,"BrM",125,137
"18124",23558,6727,6183,"SEEN1",125,137
"18125",23559,6727,5650,"NS",125,137
"18126",23560,6666,3451,"BrF",125,138
"18127",23561,6666,5600,"H",125,138
"18128",23562,6666,6196,"BrM",125,138
"18129",23563,6666,6247,"FL",125,138
"18130",23564,6678,5534,"BrF",125,140
"18131",23565,6678,1494,"BrM",125,140
"18132",23566,6704,6009,"BrF",125,154
"18133",23567,6704,1869,"BrM",125,154
"18134",23568,6677,4885,"BrF",125,155
"18135",23569,6677,6050,"BrM",125,155
"18136",23570,6660,5075,"BrF",125,157
"18137",23571,6660,5000,"BrM",125,157
"18138",23572,6660,6248,"FL",125,157
"18139",23573,6713,4861,"BrF",125,159
"18140",23574,6713,5217,"H",125,159
"18141",23575,6713,5583,"BrM",125,159
"18142",23576,6713,6186,"H",125,159
"18143",23577,6663,5132,"BrF",125,160
"18144",23578,6663,5498,"BrM",125,160
"18145",23579,6663,6250,"OFL",125,160
"18146",23580,6663,6195,"FL",125,160
"18147",23581,6737,5634,"BrF",125,165
"18148",23582,6737,4957,"BrM",125,165
"18149",23583,6737,6174,"ABX",125,165
"18150",23584,6752,5842,"BrF",125,168
"18151",23585,6752,5333,"BrM",125,168
"18152",23586,6752,6190,"OFL",125,168
"18153",23587,6689,3699,"BrF",125,169
"18154",23588,6689,5821,"BrM",125,169
"18155",23589,6767,6039,"BrF",125,173
"18156",23590,6767,6030,"BrM",125,173
"18157",23591,6767,5564,"NS",125,173
"18158",23592,6665,5162,"BrF",125,174
"18159",23593,6665,5077,"BrM",125,174
"18160",23594,6665,6251,"OFL",125,174
"18161",23595,6665,6252,"FL",125,174
"18162",23596,6714,5545,"BrF",125,177
"18163",23597,6714,5638,"BrM",125,177
"18164",23598,6714,6254,"H",125,177
"18165",23599,6714,6207,"FL",125,177
"18166",23600,6676,5511,"BrF",125,178
"18167",23601,6676,2974,"BrM",125,178
"18168",23602,6676,6253,"OFL",125,178
"18169",23603,6691,5838,"BrF",125,179
"18170",23604,6691,2991,"BrM",125,179
"18171",23605,6691,6170,"AB",125,179
"18172",23606,6691,6199,"FL",125,179
"18173",23607,6768,3594,"BrF",125,172
"18174",23608,6768,5836,"BrM",125,172
"18175",23609,6768,6255,"OFL",125,172
"18176",23610,6731,6028,"BrF",125,407
"18177",23611,6731,3456,"BrM",125,407
"18178",23612,6731,6150,"H",125,407
"18179",23613,6669,5683,"BrF",125,478
"18180",23614,6669,5774,"BrM",125,478
"18181",23615,6669,6016,"ABX",125,478
"18182",23616,6669,6211,"OFL",125,478
"18183",23618,6687,5524,"BrF",125,480
"18184",23619,6687,4860,"BrM",125,480
"18185",23620,6687,6177,"H",125,480
"18186",23621,6685,5549,"BrF",125,479
"18187",23622,6685,5612,"BrM",125,479
"18188",23623,6775,5854,"FLOAT",125,-3
"18189",23624,6685,6201,"OFL",125,479
"18190",23625,6685,6257,"FL",125,479
"18191",23626,6769,6187,"FLOAT",125,-3
"18192",23627,6770,5907,"FLOAT",125,-3
"18193",23628,6771,6025,"FLOAT",125,-3
"18194",23629,6772,6046,"FLOAT",125,-3
"18195",23630,6773,6144,"FLOAT",125,-3
"18196",23631,6671,1707,"BrF",125,477
"18197",23632,6671,1710,"BrM",125,477
"18198",23633,6671,6147,"H",125,477
"18199",23634,6671,5909,"H",125,477
"18200",23635,6719,5635,"BrF",125,481
"18201",23636,6719,5620,"BrM",125,481
"18202",23637,6719,6045,"H",125,481
"18203",23638,6719,6137,"H",125,481
"18204",23639,6717,5009,"BrF",125,516
"18205",23640,6717,5850,"BrM",125,516
"18206",23641,6717,3694,"SEEN2",125,516
"18207",23642,6717,6259,"FL",125,516
"18208",23643,6717,6258,"OFL",125,516
"18209",23644,6713,6249,"FL",125,159
"18210",23645,6661,6261,"FL",125,63
"18211",23647,6669,6155,"ABX",125,478
"18212",23652,6751,6217,"H",125,28
"18213",23653,6684,6216,"FL",125,57
"18214",23655,6710,6225,"CH",125,55
"18215",23656,6536,1877,"NSA",124,125
"18216",23657,6514,4941,"NSA",124,27
"18217",23658,6518,4999,"BrF",124,45
"18218",23659,6410,5823,"NSA",124,8
"18219",23660,6468,3694,"NSA",124,123
"18220",23661,6536,3596,"NSA",124,125
"18221",23663,6536,5596,"NSA",124,125
"18222",23664,6532,5584,"NSA",124,86
"18223",23665,6519,5658,"NSA",124,43
"18224",23666,6524,5846,"NSA",124,62
"18225",23667,6441,5853,"NSA",124,77
"18226",23668,6548,5854,"NSA",124,479
"18227",23669,6537,5291,"NSA",124,129
"18228",23670,6423,5162,"BrF",124,174
"18229",23671,6518,5465,"NSA",124,45
"18230",23672,6407,5525,"NSA",124,47
"18231",23673,6521,6017,"NSA",124,53
"18232",23674,6545,6034,"NSA",124,178
"18233",23762,6756,6157,"BrM",125,80
"18234",23763,6732,4941,"SEEN1",125,27
"18235",23764,6792,6036,"BrF",125,618
"18236",23765,6742,6047,"ABX",125,8
"18237",23766,6792,6161,"U",125,618
"18238",23767,6792,6163,"BrM",125,618
"18239",23768,6736,6224,"H",125,79
"18240",23769,6754,6222,"U",125,82
"18241",23770,6664,6281,"FL",125,24
"18242",23771,6718,6274,"FL",125,123
"18243",23772,6738,6282,"FL",125,36
"18244",23773,6753,6277,"FL",125,53
"18245",23774,6761,6269,"FL",125,34
"18246",23777,6719,6276,"FL",125,481
"18247",23778,6699,6268,"FL",125,39
"18248",23779,6701,6284,"FL",125,75
"18249",23780,6735,6280,"FL",125,15
"18250",23781,6735,6279,"FL",125,15
"18251",23782,6671,6267,"FL",125,477
"18252",23783,6731,6272,"FL",125,407
"18253",23784,6730,6273,"FL",125,112
"18254",23786,6729,6283,"FL",125,48
"18255",23787,6662,6278,"FL",125,3
"18256",23788,6709,6271,"FL",125,96
"18257",23789,6709,6270,"OFL",125,96
"18258",23791,6724,6265,"OFL",125,118
"18259",23792,6751,6286,"FL",125,28
"18260",23793,6674,6287,"H",125,94
"18261",23794,3771,3447,"AB",75,14
"18262",23795,23,1859,"NSA",22,15
"18263",23796,126,1859,"NSA",23,15
"18264",23797,198,1859,"NSA",25,15
"18265",23798,359,1859,"NSA",28,15
"18266",23799,1682,150,"CH",11,199
"18267",23800,6793,574,"U",72,187
"18268",23801,792,6288,"CH",41,24
"18269",23802,2090,885,"CH",19,22
"18270",23803,17,6121,"EGG",22,3
"18271",23804,2110,944,"XF",19,56
"18272",23805,36,3766,"EGG",22,40
"18273",23806,15,3741,"EGG",22,1
"18274",23808,207,3871,"EGG",25,28
"18275",23809,272,3844,"EGG",25,155
"18276",23810,431,4086,"EGG",28,141
"18277",23811,373,3994,"EGG",28,37
"18278",23812,349,3964,"EGG",28,1
"18279",23813,499,1668,"SEEN1",30,72
"18280",23814,496,4194,"CH",30,69
"18281",23815,6823,6066,"BrF",139,1
"18282",23816,6823,1750,"BrM",139,1
"18283",23817,6823,6229,"ABX",139,1
"18284",23818,6824,5267,"BrF",139,2
"18285",23819,6824,2960,"BrM",139,2
"18286",23820,6824,5517,"ABX",139,2
"18287",23821,6825,6034,"BrF",139,616
"18288",23822,6825,5853,"BrM",139,616
"18289",23823,6826,3086,"BrF",139,3
"18290",23824,6826,5829,"BrM",139,3
"18291",23825,6826,6215,"ABX",139,3
"18292",23826,6826,6194,"ABX",139,3
"18293",23827,6826,6047,"ABX",139,3
"18294",23828,6826,5536,"NS",139,3
"18295",23829,6821,1660,"BrF",139,8
"18296",23830,6821,5837,"BrM",139,8
"18297",23831,6821,1605,"ABX",139,8
"18298",23832,6827,1826,"BrF",139,9
"18299",23833,6827,5780,"BrM",139,9
"18300",23834,6827,6193,"ABX",139,9
"18301",23835,6826,6278,"NS",139,3
"18302",23836,6828,5841,"BrF",139,11
"18303",23837,6828,5624,"BrM",139,11
"18304",23838,6829,5282,"BrF",139,12
"18305",23839,6829,5462,"BrM",139,12
"18306",23840,6829,6187,"ABX",139,12
"18307",23841,6830,5621,"BrF",139,13
"18308",23842,6830,1607,"BrM",139,13
"18309",23843,6830,6142,"ABX",139,13
"18310",23844,6830,6141,"ABX",139,13
"18311",23845,6830,5604,"NS",139,13
"18312",23846,6798,5284,"BrF",139,14
"18313",23847,6798,5775,"BrM",139,14
"18314",23848,6798,6289,"FL",139,14
"18315",23849,6831,5657,"BrF",139,15
"18316",23850,6831,1762,"BrM",139,15
"18317",23851,6831,6156,"ABX",139,15
"18318",23852,6831,6279,"ABX",139,15
"18319",23853,6831,6143,"ABX",139,15
"18320",23854,6831,6148,"SEEN1",139,15
"18321",23855,6831,6280,"NS",139,15
"18322",23856,6832,5642,"BrF",139,16
"18323",23857,6832,5235,"BrM",139,16
"18324",23858,6833,3085,"BrF",139,20
"18325",23859,6833,1729,"BrM",139,20
"18326",23860,6833,6136,"ABX",139,20
"18327",23861,6833,6205,"ABX",139,20
"18328",23862,6833,6318,"OFL",139,20
"18329",23863,6834,5630,"BrF",139,24
"18330",23864,6834,2966,"BrM",139,24
"18331",23865,6834,6281,"ABX",139,24
"18332",23866,6834,6209,"ABX",139,24
"18333",23867,6834,6210,"ABX",139,24
"18334",23868,6835,6160,"BrF",139,26
"18335",23869,6835,5595,"BrM",139,26
"18336",23870,6835,6149,"ABX",139,26
"18337",23871,6835,5607,"NS",139,26
"18338",23872,6836,3490,"BrF",139,27
"18339",23873,6836,3087,"BrM",139,27
"18340",23874,6836,4941,"NS",139,27
"18341",23875,6837,5843,"BrF",139,28
"18342",23876,6837,5453,"BrM",139,28
"18343",23877,6837,6217,"ABX",139,28
"18344",23878,6837,6178,"ABX",139,28
"18345",23879,6837,6286,"NS",139,28
"18346",23880,6838,5750,"BrF",139,30
"18347",23881,6838,5072,"BrM",139,30
"18348",23882,6838,6230,"ABX",139,30
"18349",23883,6839,3497,"BrF",139,32
"18350",23884,6839,5835,"BrM",139,32
"18351",23885,6839,6189,"ABX",139,32
"18352",23886,6840,5825,"BrF",139,33
"18353",23887,6840,6027,"BrM",139,33
"18354",23888,6854,6234,"NS",139,51
"18355",23889,6841,5823,"BrF",139,617
"18356",23890,6841,5839,"BrM",139,617
"18357",23891,6842,5833,"BrF",139,34
"18358",23892,6842,5903,"BrM",139,34
"18359",23894,6842,6269,"NS",139,34
"18360",23895,6843,6159,"BrF",139,36
"18361",23896,6843,5679,"BrM",139,36
"18362",23897,6805,6172,"BrM",139,168
"18363",23898,6843,6282,"ABX",139,36
"18364",23899,6843,5769,"TBRF",139,36
"18365",23900,6844,1824,"BrF",139,605
"18366",23901,6844,6024,"BrM",139,605
"18367",23902,6844,6171,"ABX",139,605
"18368",23903,6845,5766,"BrF",139,39
"18369",23904,6845,4890,"BrM",139,39
"18370",23905,6845,6139,"ABX",139,39
"18371",23906,6845,6268,"ABX",139,39
"18372",23907,6846,3462,"BrF",139,40
"18373",23908,6846,5590,"BrM",139,40
"18374",23909,6847,2986,"BrF",139,41
"18375",23910,6847,5588,"BrM",139,41
"18376",23911,6848,5658,"BrF",139,43
"18377",23912,6848,6011,"BrM",139,43
"18378",23913,6849,4999,"BrF",139,45
"18379",23914,6849,5513,"BrM",139,45
"18380",23915,6849,5846,"ABX",139,45
"18381",23916,6849,6017,"ABX",139,45
"18382",23917,6849,5465,"ABX",139,45
"18383",23918,6850,4973,"BrF",139,46
"18384",23919,6850,1868,"BrM",139,46
"18385",23920,6850,5611,"ABX",139,46
"18386",23921,6851,5770,"BrF",139,47
"18387",23922,6851,5513,"BrM",139,47
"18388",23923,6851,6231,"ABX",139,47
"18389",23924,6851,6232,"ABX",139,47
"18390",23925,6851,5525,"NS",139,47
"18391",23926,6852,4896,"BrF",139,48
"18392",23927,6852,5764,"BrM",139,48
"18393",23928,6852,6283,"ABX",139,48
"18394",23929,6853,5834,"BrM",139,50
"18395",23930,6853,6233,"ABX",139,50
"18396",23931,6853,5748,"BrF",139,50
"18397",23932,6853,3608,"NS",139,50
"18398",23933,6854,5450,"BrF",139,51
"18399",23934,6854,5764,"BrM",139,51
"18400",23935,6750,6319,"FL",125,33
"18401",23936,6840,6319,"NS",139,33
"18402",23937,6855,6036,"BrF",139,618
"18403",23938,6855,6163,"BrM",139,618
"18404",23939,6855,6161,"ABX",139,618
"18405",23940,6856,3094,"BrF",139,53
"18406",23941,6856,5855,"BrM",139,53
"18407",23942,6800,5641,"BrF",139,55
"18408",23943,6800,5776,"BrM",139,55
"18409",23944,6800,6290,"OFL",139,55
"18410",23945,6800,6225,"NS",139,55
"18411",23946,6811,5514,"BrF",139,57
"18412",23947,6811,5321,"BrM",139,57
"18413",23948,6811,5640,"H",139,57
"18414",23949,6811,6216,"AB",139,57
"18415",23950,6811,6154,"AB",139,57
"18416",23951,6811,6303,"FL",139,57
"18417",23952,6811,5854,"SEEN1",139,57
"18418",23953,6811,6236,"NS",139,57
"18419",23954,6811,6204,"NS",139,57
"18420",23955,6857,5613,"BrF",139,58
"18421",23956,6857,5779,"BrM",139,58
"18422",23957,6857,6202,"ABX",139,58
"18423",23958,6807,6048,"BrF",139,59
"18424",23959,6807,6014,"BrM",139,59
"18425",23960,6807,6191,"H",139,59
"18426",23961,6807,6299,"FL",139,59
"18427",23962,6858,1821,"BrF",139,60
"18428",23963,6858,5523,"BrM",139,60
"18429",23964,6858,6153,"SEEN1",139,60
"18430",23965,6859,6214,"BrF",139,62
"18431",23966,6859,5291,"BrM",139,62
"18432",23967,6859,6203,"ABX",139,62
"18433",23968,6859,3491,"NS",139,62
"18434",23969,6860,5901,"BrF",139,63
"18435",23970,6860,6019,"BrM",139,63
"18436",23971,6860,6213,"ABX",139,63
"18437",23972,6860,5319,"ABX",139,63
"18438",23973,6860,6310,"OFL",139,63
"18439",23975,6860,6237,"NS",139,63
"18440",23976,6799,5195,"BrF",139,67
"18441",23977,6799,6179,"BrM",139,67
"18442",23978,6799,6212,"NS",139,67
"18443",23979,6799,6197,"NS",139,67
"18444",23980,6799,4972,"NS",139,67
"18445",23981,6861,5337,"BrF",139,68
"18446",23982,6861,6033,"BrM",139,68
"18447",23984,6861,1669,"ABX",139,68
"18448",23985,6861,6164,"SEEN1",139,68
"18449",23986,6862,6068,"BrF",139,602
"18450",23987,6862,5826,"BrM",139,602
"18451",23988,6863,1716,"BrF",139,70
"18452",23989,6863,1881,"BrM",139,70
"18453",23990,6863,6239,"ABX",139,70
"18454",23991,6797,4917,"BrF",139,71
"18455",23992,6797,5847,"BrM",139,71
"18456",23993,6797,5543,"H",139,71
"18457",23994,6797,6240,"ABX",139,71
"18458",23995,6797,6162,"ABX",139,71
"18459",23996,6797,6291,"FL",139,71
"18460",23997,6797,6208,"NS",139,71
"18461",23998,6864,5452,"BrF",139,72
"18462",23999,6864,6029,"BrM",139,72
"18463",24000,6864,6166,"ABX",139,72
"18464",24001,6815,5575,"BrF",139,75
"18465",24002,6815,6018,"BrM",139,75
"18466",24003,6815,6284,"ABX",139,75
"18467",24004,6865,4958,"BrF",139,77
"18468",24005,6865,5626,"BrM",139,77
"18469",24006,6865,6198,"ABX",139,77
"18470",24007,6865,6151,"ABX",139,77
"18471",24008,6866,5597,"BrF",139,79
"18472",24009,6866,5602,"BrM",139,79
"18473",24010,6866,6221,"ABX",139,79
"18474",24011,6866,6224,"ABX",139,79
"18475",24012,6867,5589,"BrF",139,80
"18476",24013,6867,6157,"BrM",139,80
"18477",24014,6867,6138,"ABX",139,80
"18478",24015,6867,6067,"SEEN2",139,80
"18479",24016,6867,6049,"SEEN2",139,80
"18480",24017,6867,5586,"NS",139,80
"18481",24018,6868,5537,"BrF",139,81
"18482",24019,6868,4947,"BrM",139,81
"18483",24020,6868,6069,"NS",139,81
"18484",24021,6869,5530,"BrF",139,82
"18485",24022,6869,6222,"ABX",139,82
"18486",24023,6869,6026,"BrM",139,82
"18487",24024,6869,6315,"ABX",139,82
"18488",24025,6869,5447,"NS",139,82
"18489",24026,6870,6165,"BrF",139,83
"18490",24027,6870,5822,"BrM",139,83
"18491",24028,6870,6152,"SEEN1",139,83
"18492",24029,6870,6065,"NS",139,83
"18493",24030,6801,6044,"BrF",139,85
"18494",24031,6801,5285,"BrM",139,85
"18495",24032,6801,6292,"FL",139,85
"18496",24033,6871,5584,"BrF",139,86
"18497",24034,6871,3089,"BrM",139,86
"18498",24035,6872,4904,"BrF",139,88
"18499",24036,6872,5283,"BrM",139,88
"18500",24037,6872,6175,"ABX",139,88
"18501",24038,6872,6242,"NS",139,88
"18502",24039,6873,5174,"BrF",139,603
"18503",24040,6873,6032,"BrM",139,603
"18504",24041,6802,3595,"BrF",139,90
"18505",24042,6802,5292,"BrM",139,90
"18506",24043,6802,6223,"ABX",139,90
"18507",24044,6802,6293,"FL",139,90
"18508",24046,6813,1717,"BrF",139,92
"18509",24047,6813,4954,"BrM",139,92
"18510",24048,6813,6218,"ABX",139,92
"18511",24049,6813,6182,"ABX",139,92
"18512",24050,6809,5845,"BrF",139,94
"18513",24051,6809,5249,"BrM",139,94
"18514",24052,6809,6012,"H",139,94
"18515",24053,6809,6301,"FL",139,94
"18516",24054,6809,6243,"NS",139,94
"18517",24055,6809,6287,"NS",139,94
"18518",24056,6806,6181,"BrF",139,95
"18519",24057,6806,4872,"BrM",139,95
"18520",24058,6806,6298,"FL",139,95
"18521",24059,6874,5521,"BrF",139,96
"18522",24060,6874,5118,"BrM",139,96
"18523",24061,6874,6270,"NS",139,96
"18524",24062,6874,6271,"NS",139,96
"18525",24063,6875,1438,"BrF",139,98
"18526",24064,6875,1708,"BrM",139,98
"18527",24065,6876,5851,"BrF",139,99
"18528",24066,6876,1533,"BrM",139,99
"18529",24067,6877,6061,"BrF",139,100
"18530",24068,6877,5547,"BrM",139,100
"18531",24069,6877,6206,"ABX",139,100
"18532",24070,6878,5128,"BrF",139,101
"18533",24071,6878,5606,"BrM",139,101
"18534",24072,6878,6220,"ABX",139,101
"18535",24073,6878,6169,"ABX",139,101
"18536",24074,6878,6311,"OFL",139,101
"18537",24075,6879,1580,"BrF",139,109
"18538",24076,6879,3643,"BrM",139,109
"18539",24077,6879,6067,"SEEN1",139,109
"18540",24078,6879,6049,"SEEN1",139,109
"18541",24079,6880,5598,"BrF",139,110
"18542",24080,6880,5582,"TBRM",139,110
"18543",24081,6880,6158,"ABX",139,110
"18544",24082,6880,6244,"NS",139,110
"18545",24083,6881,5212,"BrF",139,111
"18546",24084,6881,5559,"BrM",139,111
"18547",24085,6881,6219,"ABX",139,111
"18548",24086,6881,6314,"ABX",139,111
"18549",24087,6804,5625,"BrF",139,112
"18550",24088,6804,5820,"BrM",139,112
"18551",24089,6804,6273,"ABX",139,112
"18552",24090,6804,6140,"ABX",139,112
"18553",24091,6804,6294,"FL",139,112
"18554",24092,6882,5652,"BrF",139,116
"18555",24093,6882,3486,"BrM",139,116
"18556",24094,6882,6146,"ABX",139,116
"18557",24095,6819,3698,"BrF",139,118
"18558",24096,6819,1489,"BrM",139,118
"18559",24097,6819,6265,"AB",139,118
"18560",24098,6819,6316,"FL",139,118
"18561",24099,6883,5226,"BrM",139,121
"18562",24100,6883,6226,"BrF",139,121
"18563",24101,6884,5749,"BrF",139,123
"18564",24102,6884,5639,"BrM",139,123
"18565",24103,6884,6274,"ABX",139,123
"18566",24104,6885,5596,"BrF",139,125
"18567",24105,6885,1877,"BrM",139,125
"18568",24106,6885,3596,"ABX",139,125
"18569",24107,6885,6200,"ABX",139,125
"18570",24109,6812,6022,"BrF",139,126
"18571",24110,6812,5522,"BrM",139,126
"18572",24111,6812,6188,"ABX",139,126
"18573",24112,6812,6313,"OFL",139,126
"18574",24113,6812,6304,"FL",139,126
"18575",24114,6886,4965,"BrF",139,127
"18576",24115,6886,5643,"BrM",139,127
"18577",24116,6886,6063,"ABX",139,127
"18578",24117,6886,6176,"ABX",139,127
"18579",24118,6886,6192,"ABX",139,127
"18580",24119,6816,5277,"BrF",139,128
"18581",24120,6816,4933,"BrM",139,128
"18582",24121,6816,5644,"H",139,128
"18583",24122,6816,6228,"ABX",139,128
"18584",24123,6816,6051,"ABX",139,128
"18585",24124,6816,6245,"ABX",139,128
"18586",24125,6816,6306,"FL",139,128
"18587",24126,6887,5173,"BrF",139,129
"18588",24127,6887,5904,"BrM",139,129
"18589",24128,6887,6227,"ABX",139,129
"18590",24129,6814,5518,"BrF",139,134
"18591",24130,6887,6173,"NS",139,129
"18592",24131,6814,5456,"BrM",139,134
"18593",24132,6814,6185,"ABX",139,134
"18594",24133,6814,6305,"OFL",139,134
"18595",24134,6796,5633,"BrF",139,135
"18596",24135,6796,5528,"BrM",139,135
"18597",24136,6796,6246,"H",139,135
"18598",24137,6796,6295,"FL",139,135
"18599",24138,6888,3574,"BrF",139,137
"18600",24139,6888,5908,"BrM",139,137
"18601",24140,6888,6183,"ABX",139,137
"18602",24141,6889,3451,"BrF",139,138
"18603",24142,6889,6196,"BrM",139,138
"18604",24143,6889,5600,"ABX",139,138
"18605",24144,6889,6184,"SEEN2",139,138
"18606",24145,6889,6247,"NS",139,138
"18607",24146,6890,5534,"BrF",139,140
"18608",24147,6890,1494,"BrM",139,140
"18609",24148,6810,6009,"BrF",139,154
"18610",24149,6810,1869,"BrM",139,154
"18611",24150,6810,6302,"FL",139,154
"18612",24151,6810,6062,"SEEN1",139,154
"18613",24152,6810,6145,"SEEN1",139,154
"18614",24153,6891,4885,"BrF",139,155
"18615",24154,6891,6050,"BrM",139,155
"18616",24155,6891,6312,"ABX",139,155
"18617",24156,6892,5075,"BrF",139,157
"18618",24157,6892,5000,"BrM",139,157
"18619",24158,6892,6248,"NS",139,157
"18620",24159,6803,4861,"BrF",139,159
"18621",24160,6803,5583,"BrM",139,159
"18622",24161,6803,5217,"H",139,159
"18623",24162,6803,6186,"ABX",139,159
"18624",24163,6803,6249,"ABX",139,159
"18625",24164,6803,6296,"OFL",139,159
"18626",24165,6893,5132,"BrF",139,160
"18627",24166,6893,5498,"BrM",139,160
"18628",24167,6893,6250,"ABX",139,160
"18629",24169,6808,5634,"BrF",139,165
"18630",24170,6808,4957,"BrM",139,165
"18631",24171,6808,6300,"OFL",139,165
"18632",24172,6808,6174,"ABX",139,165
"18633",24173,6805,5842,"BrF",139,168
"18634",24174,6805,6190,"H",139,168
"18635",24175,6805,6297,"OFL",139,168
"18636",24176,6805,5333,"NS",139,168
"18637",24177,6894,3699,"BrF",139,169
"18638",24178,6894,5821,"BrM",139,169
"18639",24179,6895,6039,"BrF",139,173
"18640",24180,6895,6030,"BrM",139,173
"18641",24181,6822,5162,"BrF",139,174
"18642",24182,6822,5077,"BrM",139,174
"18643",24183,6822,6251,"NS",139,174
"18644",24184,6822,6252,"NS",139,174
"18645",24185,6818,5545,"BrF",139,177
"18646",24186,6818,5638,"BrM",139,177
"18647",24187,6818,6207,"AB",139,177
"18648",24188,6818,6254,"NS",139,177
"18649",24189,6820,5511,"BrF",139,178
"18650",24190,6820,2974,"BrM",139,178
"18651",24191,6820,6253,"AB",139,178
"18652",24192,6820,6317,"FL",139,178
"18653",24193,6896,5838,"BrF",139,179
"18654",24194,6896,2991,"BrM",139,179
"18655",24195,6896,6170,"ABX",139,179
"18656",24196,6896,6199,"ABX",139,179
"18657",24197,6896,6320,"OFL",139,179
"18658",24198,6897,3594,"BrF",139,172
"18659",24199,6897,5836,"BrM",139,172
"18660",24200,6897,6255,"NS",139,172
"18661",24201,6898,6028,"BrF",139,407
"18662",24202,6898,3456,"BrM",139,407
"18663",24203,6898,6272,"ABX",139,407
"18664",24204,6898,6150,"ABX",139,407
"18665",24205,6899,5683,"BrF",139,478
"18666",24206,6899,5774,"BrM",139,478
"18667",24207,6899,6155,"ABX",139,478
"18668",24208,6899,6211,"ABX",139,478
"18669",24210,6900,5524,"BrF",139,480
"18670",24211,6900,4860,"BrM",139,480
"18671",24212,6900,6177,"ABX",139,480
"18672",24213,6817,5549,"BrF",139,479
"18673",24214,6817,5612,"BrM",139,479
"18674",24215,6817,6307,"FL",139,479
"18675",24216,6817,6201,"NS",139,479
"18676",24217,6817,6257,"NS",139,479
"18677",24218,6901,1707,"BrF",139,477
"18678",24219,6901,1710,"BrM",139,477
"18679",24220,6901,6267,"ABX",139,477
"18680",24221,6901,5909,"ABX",139,477
"18681",24222,6901,6147,"ABX",139,477
"18682",24223,6902,5635,"BrF",139,481
"18683",24224,6902,5620,"BrM",139,481
"18684",24225,6902,6276,"ABX",139,481
"18685",24226,6902,6045,"ABX",139,481
"18686",24227,6903,5009,"BrF",139,516
"18687",24228,6903,5850,"BrM",139,516
"18688",24229,6903,3694,"NS",139,516
"18689",24230,6903,6259,"NS",139,516
"18690",24231,6903,6258,"NS",139,516
"18691",24232,6904,6137,"FLOAT",139,-3
"18692",24233,6905,6025,"NS",139,-3
"18693",24235,6907,6046,"NS",139,-3
"18694",24236,6908,5907,"NS",139,-3
"18695",24237,6860,6261,"ABX",139,63
"18696",24238,6861,6309,"ABX",139,68
"18697",24239,6758,6309,"FL",125,68
"18698",24240,6835,1852,"NS",139,26
"18699",24241,6870,3567,"NS",139,83
"18700",24242,6870,6180,"NS",139,83
"18701",24243,6856,6277,"NS",139,53
"18702",24244,4974,5287,"BrF",104,23
"18703",24245,2510,599,"SEEN1",27,81
"18704",24246,300,856,"SEEN1",26,90
"18705",24247,3881,1804,"NSA",77,4
"18706",24248,6948,331,"NSA",16,121
"18707",24249,6949,792,"NSA",16,73
"18708",24250,6950,163,"BrF",16,59
"18709",24251,1976,31,"NSA",16,163
"18710",24252,1930,199,"NSA",16,41
"18711",24253,1939,176,"NSA",16,63
"18712",24254,1942,171,"NSA",16,71
"18713",24255,1939,2844,"NSA",16,63
"18714",24256,2012,2844,"NSA",17,63
"18715",24257,6954,1859,"BrF",17,15
"18716",24258,2035,476,"NSA",17,126
"18717",24259,2010,472,"NSA",17,61
"18718",24260,2053,469,"NSA",17,169
"18719",24261,3313,478,"NSA",17,87
"18720",24262,6958,430,"BrF",17,67
"18721",24263,6959,331,"BrM",17,121
"18722",24264,2031,329,"NSA",17,115
"18723",24265,2006,461,"NSA",17,55
"18724",24266,6961,458,"SEEN1",17,14
"18725",24267,1984,455,"NSA",17,8
"18726",24268,6958,453,"NSA",17,67
"18727",24269,2030,450,"NSA",17,112
"18728",24270,2014,792,"NSA",17,73
"18729",24271,2012,51,"NSA",17,63
"18730",24272,2411,1859,"NSA",26,15
"18731",24273,2402,599,"NSA",26,2
"18732",24274,302,640,"NSA",26,99
"18733",24275,2437,1278,"NSA",26,71
"18734",24276,314,1428,"CH",26,171
"18735",24277,310,1429,"CH",26,135
"18736",24279,318,1391,"NSA",27,8
"18737",24280,383,1391,"SEEN1",28,52
"18738",24281,2478,1859,"NSA",27,15
"18739",24282,2524,476,"NSA",27,126
"18740",24283,325,1385,"NSA",27,47
"18741",24284,2496,1370,"NSA",27,52
"18742",24285,2504,1278,"NSA",27,71
"18743",24286,2517,1430,"NSA",27,100
"18744",24287,2496,848,"NSA",27,52
"18745",24289,2492,3134,"NSA",27,43
"18746",24290,536,4235,"CH",30,138
"18747",24291,3102,1566,"NSA",39,112
"18748",24292,3103,1564,"NSA",39,115
"18749",24293,3058,1590,"FL",39,48
"18750",24294,3090,1578,"FL",39,90
"18751",24295,3070,1551,"NSA",39,65
"18752",24296,3096,472,"NSA",39,100
"18753",24297,3062,1368,"NSA",39,53
"18754",24298,3120,1524,"NSA",39,141
"18755",24299,3069,1549,"NSA",39,63
"18756",24300,3076,1531,"NSA",39,73
"18757",24301,3077,1494,"NSA",39,74
"18758",24302,3047,1491,"NSA",39,30
"18759",24303,3124,1489,"NSA",39,157
"18760",24304,3038,1485,"NSA",39,17
"18761",24305,3038,930,"NSA",39,17
"18762",24306,3036,3134,"NSA",39,15
"18763",24307,3146,1560,"SEEN1",40,15
"18764",24308,3171,1561,"NSA",40,49
"18765",24309,3221,1597,"NSA",40,117
"18766",24310,3170,1590,"NSA",40,48
"18767",24311,3146,1576,"NSA",40,15
"18768",24312,3231,1599,"SEEN1",40,134
"18769",24313,3208,1579,"NSA",40,95
"18770",24314,3212,1580,"NSA",40,101
"18771",24315,3210,1581,"NSA",40,99
"18772",24316,3231,1611,"SEEN2",40,134
"18773",24317,3211,472,"NSA",40,100
"18774",24319,3240,666,"BrF",40,157
"18775",24320,3248,601,"BrF",40,173
"18776",24321,3175,1368,"NSA",40,53
"18777",24322,3245,1272,"NSA",40,168
"18778",24323,3245,1271,"NSA",40,168
"18779",24324,3166,1500,"NSA",40,42
"18780",24325,3183,1549,"NSA",40,63
"18781",24326,3227,1541,"NSA",40,127
"18782",24327,3134,1419,"NSA",40,1
"18783",24328,7007,1492,"BrM",40,167
"18784",24329,3148,930,"NSA",40,17
"18785",24330,3187,869,"NSA",40,69
"18786",24331,3166,3134,"NSA",40,42
"18787",24332,2890,2966,"NSA",35,24
"18788",24333,748,3015,"NSA",37,168
"18789",24334,3906,3017,"NSA",77,39
"18790",24335,3892,3085,"NSA",77,20
"18791",24336,2478,3134,"NSA",27,15
"18792",24337,3981,3578,"NSA",77,159
"18793",24338,7011,3590,"NSA",77,478
"18794",24339,6550,3694,"NSA",124,516
"18795",24340,4414,3695,"NSA",85,154
"18796",24341,3969,3700,"NSA",77,128
"18797",24342,3971,4862,"NSA",77,134
"18798",24343,4262,4935,"NSA",82,96
"18799",24344,6437,4941,"NSA",124,33
"18800",24345,4198,4964,"NSA",82,13
"18801",24346,7012,4970,"NSA",85,479
"18802",24347,4377,5008,"NSA",85,85
"18803",24350,4402,5141,"NSA",85,125
"18804",24352,6187,5226,"NSA",122,121
"18805",24353,5516,5237,"NSA",103,50
"18806",24354,4171,5254,"NSA",90,177
"18807",24355,5497,5287,"NSA",103,23
"18808",24356,5566,5291,"NSA",103,129
"18809",24358,6524,5291,"NSA",124,62
"18810",24359,5521,5321,"NSA",103,57
"18811",24360,5564,5323,"NSA",103,127
"18812",24361,5580,5333,"NSA",103,168
"18813",24362,5530,5335,"NSA",103,69
"18814",24363,5533,5341,"NSA",103,74
"18815",24364,5497,5457,"NSA",103,23
"18816",24365,5735,5564,"NSA",112,99
"18817",24366,5913,5648,"NSA",118,99
"18818",24367,5658,5835,"NSA",118,32
"18819",24368,5951,5838,"NSA",118,179
"18820",24369,5943,5842,"NSA",118,168
"18821",24370,6518,5846,"NSA",124,45
"18822",24371,5910,5850,"NSA",118,95
"18823",24372,6518,6017,"NSA",124,45
"18824",24373,6709,6062,"NSA",125,96
"18825",24374,4589,5116,"NSA",87,137
"18826",24375,2460,1276,"NSA",26,137
"18827",24376,2527,1276,"NSA",27,137
"18828",24377,5650,5657,"NSA",118,15
"18829",24378,5906,5174,"NSA",118,88
"18830",24379,4560,5174,"NSA",87,87
"18831",24380,5733,5633,"NSA",112,96
"18832",24381,5931,5633,"NSA",118,135
"18833",24382,2256,856,"NSA",21,95
"18834",24383,159,856,"NSA",23,90
"18835",24384,247,856,"NSA",25,90
"18836",24385,7020,331,"NSA",21,172
"18837",24386,2125,450,"NSA",19,84
"18838",24387,3187,453,"NSA",40,69
"18839",24388,2012,453,"NSA",17,63
"18840",24389,70,461,"NSA",22,89
"18841",24390,2252,461,"NSA",21,89
"18842",24391,2127,461,"NSA",19,89
"18843",24392,2019,461,"NSA",17,89
"18844",24393,2011,469,"NSA",17,62
"18845",24394,2517,476,"NSA",27,100
"18846",24395,413,476,"NSA",28,100
"18847",24396,2197,498,"NSA",21,1
"18848",24397,2241,541,"NSA",21,69
"18849",24398,2290,563,"NSA",21,160
"18850",24399,152,599,"NSA",23,81
"18851",24400,240,599,"NSA",25,81
"18852",24401,2441,599,"NSA",26,81
"18853",24402,2079,599,"NSA",19,2
"18854",24403,2198,599,"NSA",21,2
"18855",24404,2296,605,"NSA",21,168
"18856",24405,2118,639,"NSA",19,71
"18857",24406,265,640,"NSA",25,126
"18858",24407,2457,640,"NSA",26,126
"18859",24408,2284,668,"NSA",21,147
"18860",24409,2261,679,"NSA",21,105
"18861",24410,2226,826,"NSA",21,48
"18862",24411,2206,859,"NSA",21,15
"18863",24412,12,888,"NSA",21,52
"18864",24413,2211,911,"NSA",21,24
"18865",24414,2264,914,"NSA",21,109
"18866",24415,73,917,"NSA",22,95
"18867",24416,2206,929,"NSA",21,15
"18868",24417,3143,930,"NSA",40,12
"18869",24418,3265,1213,"NSA",41,68
"18870",24419,2496,1215,"NSA",27,52
"18871",24420,294,1305,"NSA",26,67
"18872",24421,327,1359,"NSA",27,53
"18873",24422,2492,1385,"NSA",27,43
"18874",24423,434,1387,"NSA",28,155
"18875",24424,2496,1391,"NSA",27,52
"18876",24425,2424,1391,"NSA",26,52
"18877",24426,2412,1409,"NSA",26,16
"18878",24427,790,1419,"NSA",41,22
"18879",24428,3150,1419,"NSA",40,22
"18880",24429,2534,1430,"NSA",27,160
"18881",24430,3090,1489,"NSA",39,90
"18882",24431,2588,1492,"NSA",30,167
"18883",24432,3152,1500,"NSA",40,24
"18884",24433,3044,1531,"NSA",39,26
"18885",24434,3180,1549,"NSA",40,60
"18886",24435,3066,1549,"NSA",39,60
"18887",24436,3110,1551,"NSA",39,125
"18888",24437,3261,1561,"NSA",41,61
"18889",24438,3181,1561,"NSA",40,61
"18890",24439,3081,1566,"NSA",39,80
"18891",24440,3217,1576,"NSA",40,111
"18892",24441,2640,1577,"NSA",31,63
"18893",24442,3342,1579,"NSA",41,174
"18894",24443,3215,1580,"NSA",40,109
"18895",24444,3232,1581,"NSA",40,135
"18896",24446,2593,1673,"NSA",31,5
"18897",24447,2686,1678,"NSA",31,129
"18898",24448,2651,1712,"NSA",31,77
"18899",24449,519,1719,"NSA",30,101
"18900",24450,2671,1719,"NSA",31,101
"18901",24451,2647,1784,"NSA",31,72
"18902",24452,5186,1791,"NSA",105,42
"18903",24453,5106,1791,"NSA",105,43
"18904",24454,2647,1805,"NSA",31,72
"18905",24455,2820,1808,"NSA",32,169
"18906",24456,635,1808,"NSA",34,169
"18907",24457,2957,1829,"NSA",35,121
"18908",24458,2603,1857,"NSA",31,17
"18909",24459,2720,1857,"NSA",32,17
"18910",24460,2977,1872,"NSA",35,171
"18911",24461,3890,4863,"NSA",77,15
"18912",24462,4200,4863,"NSA",82,15
"18913",24463,4325,4863,"NSA",85,15
"18914",24464,4587,4863,"NSA",87,134
"18915",24465,5601,5584,"TBRF",116,40
"18916",24466,5601,5653,"NSA",116,40
"18917",24467,3054,3134,"NSA",39,42
"18918",24468,3146,3134,"NSA",40,15
"18919",24469,4227,4860,"NSA",82,54
"18920",24470,4755,5194,"NSA",92,81
"18921",24471,5587,5194,"NSA",103,179
"18922",24472,5609,5773,"NSA",116,82
"18923",24473,5950,5773,"NSA",118,178
"18924",24474,609,335,"SEEN1",34,76
"18925",24475,2844,335,"SEEN1",34,74
"18926",24476,590,335,"SEEN1",34,40
"18927",24477,2115,947,"SEEN1",19,63
"18928",24478,2392,1278,"SEEN2",25,71
"18929",24479,2391,1278,"SEEN2",25,68
"18930",24480,233,1278,"SEEN1",25,69
"18931",24481,2477,1405,"SEEN1",27,14
"18932",24482,3254,1619,"SEEN1",41,32
"18933",24483,3253,1619,"SEEN1",41,30
"18934",24484,793,1619,"SEEN2",41,25
"18935",24485,789,1661,"SEEN2",41,20
"18936",24486,816,1682,"SEEN1",41,72
"18937",24487,5784,1762,"NSA",54,15
"18938",24488,2917,1867,"SEEN1",35,63
"18939",24489,568,1867,"SEEN1",34,4
"18940",24490,591,1867,"SEEN1",34,42
"18941",24491,577,1867,"SEEN1",34,20
"18942",24492,570,1867,"SEEN1",34,8
"18943",24493,592,1867,"SEEN2",34,43
"18944",24494,2831,1867,"SEEN2",34,3
"18945",24495,597,2959,"SEEN2",34,54
"18946",24496,2831,2959,"SEEN1",34,3
"18947",24497,2839,2959,"SEEN1",34,61
"18948",24498,591,2959,"SEEN1",34,42
"18949",24499,593,2959,"SEEN1",34,47
"18950",24500,604,2959,"SEEN1",34,63
"18951",24501,595,2959,"SEEN1",34,51
"18952",24502,643,2960,"SEEN1",35,127
"18953",24503,2917,2960,"SEEN1",35,63
"18954",24504,2903,2960,"SEEN1",35,46
"18955",24505,573,2981,"SEEN1",34,13
"18956",24506,592,2981,"SEEN1",34,43
"18957",24507,2902,2981,"U",35,45
"18958",24508,3795,3011,"SEEN1",75,48
"18959",24509,3797,3011,"SEEN1",75,51
"18960",24510,3772,3451,"SEEN1",75,15
"18961",24511,3874,3451,"SEEN1",75,179
"18962",24512,3933,3451,"SEEN1",77,74
"18963",24513,3900,3572,"SEEN1",77,30
"18964",24514,4195,3572,"SEEN1",82,9
"18965",24515,4392,3572,"U",85,108
"18966",24516,4503,3580,"SEEN1",87,11
"18967",24517,3882,3580,"SEEN1",77,5
"18968",24518,3954,3580,"SEEN1",77,101
"18969",24519,3815,3607,"SEEN1",75,74
"18970",24520,3801,3607,"SEEN1",75,57
"18971",24521,3842,3607,"SEEN1",75,111
"18972",24522,3761,3607,"SEEN1",75,2
"18973",24523,3799,3618,"SEEN1",75,54
"18974",24524,3928,3618,"SEEN1",77,68
"18975",24525,3911,3618,"SEEN1",77,46
"18976",24526,4353,4868,"SEEN1",85,55
"18977",24527,4356,4868,"SEEN1",85,59
"18978",24528,4214,4870,"SEEN1",82,36
"18979",24529,4241,4870,"SEEN1",82,71
"18980",24530,4203,4870,"SEEN1",82,22
"18981",24531,4191,4870,"SEEN1",82,4
"18982",24532,4217,4883,"SEEN1",82,40
"18983",24533,4296,4883,"SEEN1",82,168
"18984",24534,4189,4883,"SEEN1",82,2
"18985",24535,4188,4883,"SEEN1",82,1
"18986",24536,4512,5074,"SEEN1",87,24
"18987",24537,4525,5168,"SEEN1",87,43
"18988",24538,4506,5168,"SEEN1",87,14
"18989",24539,4499,5168,"SEEN1",87,5
"18990",24540,4743,5292,"SEEN1",92,63
"18991",24541,4812,5318,"SEEN1",92,477
"18992",24542,4702,5318,"SEEN2",92,8
"18993",24543,5323,5319,"SEEN1",116,61
"18994",24544,5357,5319,"SEEN1",116,51
"18995",24545,5303,5319,"SEEN1",116,55
"18996",24546,4976,5343,"SEEN1",104,26
"18997",24547,5180,5545,"SEEN1",105,477
"18998",24548,5126,5545,"SEEN1",105,75
"18999",24549,5337,5584,"SEEN1",116,77
"19000",24550,5309,5584,"SEEN1",116,39
"19001",24552,5357,5594,"SEEN1",116,51
"19002",24553,5359,5594,"SEEN1",116,2
"19003",24554,5628,5630,"SEEN1",116,173
"19004",24555,5611,5657,"SEEN1",116,86
"19005",24556,5352,5657,"SEEN1",116,178
"19006",24557,5359,5658,"SEEN2",116,2
"19007",24558,5296,5658,"SEEN1",116,15
"19008",24559,5723,5685,"SEEN1",112,82
"19009",24560,5677,5685,"SEEN1",112,12
"19010",24561,5313,5774,"SEEN2",116,3
"19011",24562,5617,5774,"SEEN1",116,110
"19012",24563,5598,5774,"SEEN1",116,8
"19013",24564,5303,5779,"SEEN1",116,55
"19014",24565,5608,5781,"SEEN1",116,80
"19015",24566,5627,5781,"SEEN1",116,171
"19016",24567,5366,5781,"SEEN1",116,477
"19017",24568,5607,5781,"SEEN1",116,79
"19018",24569,5310,5781,"SEEN2",116,81
"19019",24570,5319,5786,"SEEN1",116,36
"19020",24571,5608,5786,"SEEN1",116,80
"19021",24572,5632,5786,"SEEN1",116,478
"19022",24573,6142,5823,"SEEN1",122,179
"19023",24574,6126,5823,"SEEN1",122,20
"19024",24575,5598,5837,"SEEN2",116,8
"19025",24576,5353,5837,"SEEN2",116,14
"19026",24577,5359,5837,"SEEN1",116,2
"19027",24578,5354,5837,"SEEN1",116,43
"19028",24579,6685,5854,"SEEN2",125,479
"19029",24580,6684,5854,"SEEN1",125,57
"19030",24581,6697,5854,"SEEN1",125,71
"19031",24582,6755,5854,"SEEN1",125,126
"19032",24583,6731,5907,"SEEN1",125,407
"19033",24584,6723,5907,"SEEN1",125,83
"19034",24585,6671,5907,"SEEN1",125,477
"19035",24586,6691,5907,"SEEN1",125,179
"19036",24587,6756,5907,"SEEN2",125,80
"19037",24588,6736,6025,"SEEN1",125,79
"19038",24589,6746,6025,"SEEN1",125,13
"19039",24590,6727,6025,"SEEN1",125,137
"19040",24591,6409,6027,"SEEN1",124,36
"19041",24592,6465,6027,"SEEN1",124,34
"19042",24593,6437,6027,"SEEN1",124,33
"19043",24594,6467,6027,"SEEN1",124,11
"19044",24595,6763,6046,"SEEN2",125,111
"19045",24596,6738,6046,"SEEN1",125,36
"19046",24597,6693,6046,"SEEN1",125,110
"19047",24598,6719,6046,"SEEN1",125,481
"19048",24599,6686,6046,"SEEN1",125,81
"19049",24600,6829,6137,"SEEN1",139,12
"19050",24601,6898,6137,"SEEN1",139,407
"19051",24602,6902,6137,"SEEN2",139,481
"19052",24603,6757,6144,"SEEN1",125,45
"19053",24604,6735,6144,"SEEN1",125,15
"19054",24605,6768,6144,"SEEN1",125,172
"19055",24606,6746,6144,"SEEN2",125,13
"19056",24607,6767,6187,"SEEN1",125,173
"19057",24608,6745,6187,"SEEN1",125,14
"19058",24609,6749,6187,"SEEN2",125,12
"19059",24610,6667,6187,"SEEN1",125,9
"19060",24643,3003,1762,"SEEN1",37,53
"19061",24644,649,1762,"SEEN1",37,4
"19062",24645,675,1762,"SEEN1",37,40
"19063",24646,656,1762,"SEEN1",37,13
"19064",24647,659,1762,"SEEN1",37,16
"19065",24648,3100,1488,"NSA",39,109
"19066",24649,3066,1504,"SEEN1",39,60
"19067",24650,3040,1511,"NSA",39,22
"19068",24651,3039,1511,"NSA",39,20
"19069",24652,3100,1593,"SEEN1",39,109
"19070",24653,384,1359,"SEEN1",28,53
"19071",24654,350,1405,"SEEN2",28,2
"19072",24655,413,1405,"SEEN1",28,100
"19073",24656,2417,1412,"SEEN1",26,35
"19074",24657,306,1412,"SEEN1",26,112
"19075",24658,2521,1412,"NSA",27,112
"19076",24659,2488,1412,"NSA",27,35
"19077",24660,110,1060,"SEEN1",22,164
"19078",24661,49,558,"NSA",22,57
"19079",24662,1850,173,"NSA",14,73
"19080",24663,3316,4257,"EGG",21,26
"19081",24664,11,4258,"EGG",21,32
"19082",24665,12,4259,"EGG",21,52
"19083",24666,13,4260,"EGG",21,103
"19084",24667,14,4261,"EGG",21,134
"19085",24668,2579,4262,"U",29,165
"19086",24669,566,4266,"EGG",34,1
"19087",24670,30,3761,"EGG",22,27
"19088",24671,78,3810,"EGG",22,104
"19089",24672,276,3849,"EGG",25,165
"19090",24673,189,3866,"EGG",25,3
"19091",24674,262,3944,"EGG",25,118
"19092",24675,7030,429,"NSA",1,3
"19093",24676,7031,426,"NSA",1,71
"19094",24677,871,2857,"SEEN1",1,71
"19095",24678,7032,2856,"SEEN1",1,70
"19096",24679,7033,2858,"NSA",1,20
"19097",24680,7034,429,"NSA",2,3
"19098",24681,7035,426,"NSA",2,71
"19099",24682,7036,429,"NSA",3,3
"19100",24683,7037,800,"NSA",3,112
"19101",24684,7038,798,"NSA",3,24
"19102",24685,7039,429,"NSA",4,3
"19103",24686,7040,798,"NSA",4,24
"19104",24687,6880,6012,"BrM",139,110
"19105",24688,7150,6340,"BrF",143,284
"19106",24689,7150,6338,"BrM",143,284
"19107",24691,7151,6351,"BrM",143,541
"19108",24692,7061,6215,"BrF",142,1
"19109",24693,7061,1750,"BrM",142,1
"19110",24694,7061,6066,"NS",142,1
"19111",24695,7144,5517,"BrF",142,2
"19112",24696,7144,2960,"BrM",142,2
"19113",24697,7144,6388,"FL",142,2
"19114",24698,7144,6144,"SEEN1",142,2
"19115",24699,7144,5267,"NS",142,2
"19116",24700,7054,6034,"BrF",142,616
"19117",24701,7054,5853,"BrM",142,616
"19118",24702,7054,6385,"AB",142,616
"19119",24703,7049,3086,"BrF",142,3
"19120",24704,7049,5829,"BrM",142,3
"19121",24705,7049,6483,"FL",142,3
"19122",24706,7049,6047,"NS",142,3
"19123",24707,7045,1660,"BrF",142,8
"19124",24708,7045,5837,"BrM",142,8
"19125",24709,7045,1605,"NS",142,8
"19126",24710,7052,1826,"BrF",142,9
"19127",24711,7052,6016,"TBRM",142,9
"19128",24712,7052,5624,"BrM",142,9
"19129",24714,7055,5841,"BrF",142,11
"19130",24715,7055,5624,"BrM",142,11
"19131",24716,7055,6484,"FL",142,11
"19132",24717,7117,5621,"BrF",142,12
"19133",24718,7117,6156,"BrM",142,12
"19134",24719,7117,6485,"FL",142,12
"19135",24720,7117,5282,"NS",142,12
"19136",24721,7117,5462,"NS",142,12
"19137",24722,7107,6229,"BrF",142,13
"19138",24723,7107,6187,"TBRF",142,13
"19139",24724,7107,6155,"BrM",142,13
"19140",24726,7107,1607,"NS",142,13
"19141",24727,7107,6142,"NS",142,13
"19142",24728,7107,6141,"NS",142,13
"19143",24729,7057,5657,"BrF",142,15
"19144",24730,7057,1762,"BrM",142,15
"19145",24731,7057,6279,"H",142,15
"19146",24732,7057,6486,"FL",142,15
"19147",24733,7057,6148,"NS",142,15
"19148",24734,7119,6199,"BrF",142,16
"19149",24735,7119,5642,"TBRF",142,16
"19150",24736,7119,5235,"BrM",142,16
"19151",24738,7070,3085,"BrF",142,20
"19152",24739,7070,6045,"BrM",142,20
"19153",24740,7070,6487,"FL",142,20
"19154",24741,7070,1729,"NS",142,20
"19155",24742,7070,6205,"NS",142,20
"19156",24743,7070,6318,"NS",142,20
"19157",24744,7109,5630,"BrF",142,24
"19158",24745,7109,2966,"BrM",142,24
"19159",24746,7109,6488,"FL",142,24
"19160",24747,7109,6489,"FL",142,24
"19161",24748,7109,6209,"NS",142,24
"19162",24749,7109,6281,"NS",142,24
"19163",24750,7067,6160,"BrF",142,26
"19164",24751,7067,5595,"BrM",142,26
"19165",24752,7067,6149,"NS",142,26
"19166",24753,7136,3490,"BrF",142,27
"19167",24754,7136,3087,"BrM",142,27
"19168",24755,7136,6373,"H",142,27
"19169",24756,7136,6490,"FL",142,27
"19170",24757,7051,5843,"BrF",142,28
"19171",24758,7051,5453,"TBRM",142,28
"19172",24759,7051,6189,"BrM",142,28
"19173",24760,7051,6178,"NS",142,28
"19174",24761,7077,5750,"BrF",142,30
"19175",24762,7077,6136,"BrM",142,30
"19176",24764,7077,5072,"NS",142,30
"19177",24765,7077,6230,"NSA",142,30
"19178",24766,7056,3497,"BrF",142,32
"19179",24767,7056,5835,"BrM",142,32
"19180",24768,7056,6314,"U",142,32
"19181",24769,7110,5823,"BrF",142,617
"19182",24770,7110,5839,"BrM",142,617
"19183",24771,7110,6491,"FL",142,617
"19184",24772,7125,5833,"BrF",142,34
"19185",24773,7125,6219,"BrM",142,34
"19186",24775,7125,6314,"ABX",142,34
"19187",24776,7125,5903,"NS",142,34
"19188",24777,7062,6159,"BrF",142,36
"19189",24778,7062,5679,"BrM",142,36
"19190",24779,7062,6492,"FL",142,36
"19191",24780,7062,6493,"FL",142,36
"19192",24781,7062,6282,"NS",142,36
"19193",24782,7141,6217,"BrF",142,605
"19194",24783,7141,6024,"BrM",142,605
"19195",24784,7141,6494,"FL",142,605
"19196",24785,7141,1824,"NS",142,605
"19197",24786,7108,6139,"BrF",142,39
"19198",24787,7108,6210,"BrM",142,39
"19199",24788,7108,5766,"NS",142,39
"19200",24789,7108,4890,"NS",142,39
"19201",24790,7131,3462,"BrF",142,40
"19202",24791,7131,5590,"BrM",142,40
"19203",24792,7106,6145,"BrF",142,41
"19204",24793,7106,2986,"TBRF",142,41
"19205",24794,7106,5588,"BrM",142,41
"19206",24795,7106,6495,"FL",142,41
"19207",24796,7048,6211,"BrF",142,43
"19208",24797,7048,5658,"TBRF",142,43
"19209",24798,7048,6011,"BrM",142,43
"19210",24799,7048,6496,"FL",142,43
"19211",24800,7048,6497,"FL",142,43
"19212",24801,7139,5465,"BrF",142,45
"19213",24802,7139,5846,"H",142,45
"19214",24803,7139,6231,"BrM",142,45
"19215",24805,7139,4999,"NS",142,45
"19216",24806,7139,6017,"NS",142,45
"19217",24807,7078,5611,"BrF",142,46
"19218",24808,7078,1868,"BrM",142,46
"19219",24809,7078,4973,"TBRF",142,46
"19220",24810,7069,6138,"BrF",142,47
"19221",24811,7069,5513,"BrM",142,47
"19222",24812,7069,6232,"NS",142,47
"19223",24813,7069,5770,"NS",142,47
"19224",24814,7063,4896,"BrF",142,48
"19225",24815,7063,6213,"BrM",142,48
"19226",24816,7063,6498,"FL",142,48
"19227",24817,7063,6283,"NS",142,48
"19228",24818,7063,5764,"NS",142,48
"19229",24819,7087,6194,"BrF",142,50
"19230",24820,7087,5834,"BrM",142,50
"19231",24821,7087,5748,"NS",142,50
"19232",24822,7088,6036,"BrF",142,618
"19233",24823,7088,6163,"BrM",142,618
"19234",24824,7088,6161,"H",142,618
"19235",24825,7088,6499,"FL",142,618
"19236",24826,7080,3094,"BrF",142,53
"19237",24827,7080,5855,"BrM",142,53
"19238",24828,7080,6382,"H",142,53
"19239",24829,7124,5641,"BrF",142,55
"19240",24830,7124,5776,"BrM",142,55
"19241",24831,7124,6290,"NS",142,55
"19242",24832,7079,6371,"FL",142,57
"19243",24833,7079,5514,"BrF",142,57
"19244",24834,7079,5321,"BrM",142,57
"19245",24835,7079,5640,"H",142,57
"19246",24836,7079,6500,"FL",142,57
"19247",24837,7079,6154,"NS",142,57
"19248",24838,7079,6303,"NS",142,57
"19249",24839,7085,5613,"BrF",142,58
"19250",24840,7085,5779,"BrM",142,58
"19251",24841,7085,6202,"H",142,58
"19252",24842,7085,6372,"H",142,58
"19253",24843,7085,6501,"FL",142,58
"19254",24844,7134,6048,"BrF",142,59
"19255",24845,7134,6203,"BrM",142,59
"19256",24846,7134,6191,"ABX",142,59
"19257",24847,7134,6014,"NS",142,59
"19258",24848,7134,6289,"NS",142,59
"19259",24849,7126,1821,"BrF",142,60
"19260",24850,7126,5523,"BrM",142,60
"19261",24851,7126,6153,"NS",142,60
"19262",24852,7102,6214,"BrF",142,62
"19263",24853,7102,5291,"BrM",142,62
"19264",24854,7122,5901,"BrF",142,63
"19265",24855,7122,6019,"BrM",142,63
"19266",24856,7122,5319,"H",142,63
"19267",24857,7122,1042,"AB",142,63
"19268",24858,7122,6261,"AB",142,63
"19269",24859,7122,6310,"AB",142,63
"19270",24860,7122,6502,"FL",142,63
"19271",24862,7143,5337,"BrF",142,68
"19272",24863,7143,6164,"BrM",142,68
"19273",24864,7143,6309,"AB",142,68
"19274",24865,7143,6191,"ABX",142,68
"19275",24866,7143,6033,"NS",142,68
"19276",24867,7143,1669,"NS",142,68
"19277",24868,7155,6068,"BrF",142,602
"19278",24869,7155,5826,"BrM",142,602
"19279",24870,7155,6503,"FL",142,602
"19280",24871,7089,1716,"BrF",142,70
"19281",24872,7089,6166,"BrM",142,70
"19282",24873,7089,1881,"NS",142,70
"19283",24874,7089,6239,"NS",142,70
"19284",24875,7066,4917,"BrF",142,71
"19285",24876,7066,6370,"BrM",142,71
"19286",24877,7066,5543,"SBR",142,71
"19287",24878,7066,6162,"H",142,71
"19288",24879,7066,6504,"FL",142,71
"19289",24880,7066,5847,"NS",142,71
"19290",24881,7066,6240,"NS",142,71
"19291",24882,7066,6291,"NS",142,71
"19292",24883,7156,5452,"BrF",142,72
"19293",24884,7156,6029,"BrM",142,72
"19294",24885,7043,5575,"BrF",142,75
"19295",24886,7043,6018,"BrM",142,75
"19296",24887,7043,6284,"NS",142,75
"19297",24888,7074,4958,"BrF",142,77
"19298",24889,7074,5626,"BrM",142,77
"19299",24890,7074,6505,"FL",142,77
"19300",24891,7074,6151,"NS",142,77
"19301",24892,7101,5597,"BrF",142,79
"19302",24893,7101,5602,"BrM",142,79
"19303",24894,7101,6224,"NS",142,79
"19304",24895,7104,5589,"BrF",142,80
"19305",24896,7104,6157,"BrM",142,80
"19306",24897,7104,6506,"FL",142,80
"19307",24899,7101,6531,"FL",142,79
"19308",24900,7130,6067,"BrF",142,633
"19309",24901,7130,6267,"BrM",142,633
"19310",24902,7157,5537,"BrF",142,81
"19311",24903,7157,4947,"BrM",142,81
"19312",24904,7157,6507,"FL",142,81
"19313",24905,7100,5530,"BrF",142,82
"19314",24906,7100,6026,"BrM",142,82
"19315",24907,7100,6315,"NS",142,82
"19316",24908,7137,6272,"BrF",142,637
"19317",24909,7137,6221,"BrM",142,637
"19318",24910,7075,5854,"BrF",142,83
"19319",24911,7075,5822,"BrM",142,83
"19320",24912,7075,6508,"FL",142,83
"19321",24913,7075,6165,"NS",142,83
"19322",24914,7076,6044,"BrF",142,85
"19323",24915,7076,6222,"BrM",142,85
"19324",24916,7076,6376,"FL",142,85
"19325",24917,7076,5285,"TBRM",142,85
"19326",24918,7076,6292,"NS",142,85
"19327",24919,7041,6143,"BrF",142,86
"19328",24920,7041,3089,"BrM",142,86
"19329",24921,7041,5584,"NS",142,86
"19330",24922,7103,6182,"BrF",142,88
"19331",24923,7103,5283,"BrM",142,88
"19332",24924,7103,6509,"FL",142,88
"19333",24925,7103,6510,"FL",142,88
"19334",24926,7103,4904,"NS",142,88
"19335",24927,7121,5174,"BrF",142,603
"19336",24928,7121,6032,"BrM",142,603
"19337",24929,7121,6511,"FL",142,603
"19338",24930,7121,6229,"SEEN1",142,603
"19339",24931,7129,3595,"BrF",142,90
"19340",24932,7129,5292,"BrM",142,90
"19341",24933,7129,6293,"ABX",142,90
"19342",24934,7129,6223,"NS",142,90
"19343",24935,7112,1717,"BrF",142,92
"19344",24936,7112,4954,"BrM",142,92
"19345",24937,7112,6218,"SEEN1",142,92
"19346",24938,7128,5845,"BrF",142,94
"19347",24939,7128,6167,"BrM",142,94
"19348",24940,7128,6386,"H",142,94
"19349",24941,7128,5249,"NS",142,94
"19350",24942,7138,6181,"BrF",142,95
"19351",24943,7138,4872,"BrM",142,95
"19352",24944,7138,6168,"AB",142,95
"19353",24945,7138,6512,"FL",142,95
"19354",24946,7138,6298,"NS",142,95
"19355",24947,7098,5521,"BrF",142,96
"19356",24948,7098,6218,"BrM",142,96
"19357",24949,7098,6377,"H",142,96
"19358",24950,7098,5118,"TBRM",142,96
"19359",24951,7098,6513,"FL",142,96
"19360",24952,7097,6185,"BrF",142,98
"19361",24953,7097,1708,"BrM",142,98
"19362",24954,7097,6514,"FL",142,98
"19363",24955,7097,1438,"NS",142,98
"19364",24956,7114,5851,"BrF",142,99
"19365",24957,7114,6175,"BrM",142,99
"19366",24958,7114,6515,"FL",142,99
"19367",24959,7114,1533,"NS",142,99
"19368",24960,7127,6061,"BrF",142,100
"19369",24961,7127,5547,"BrM",142,100
"19370",24962,7127,6206,"AB",142,100
"19371",24963,7127,6380,"FL",142,100
"19372",24964,7127,6381,"FL",142,100
"19373",24965,7111,5128,"BrF",142,101
"19374",24966,7111,5606,"BrM",142,101
"19375",24967,7111,6169,"SBR",142,101
"19376",24968,7111,6311,"AB",142,101
"19377",24969,7111,6220,"NS",142,101
"19378",24970,7142,6195,"BrF",142,105
"19379",24971,7142,6249,"BrM",142,105
"19380",24972,7050,1580,"BrF",142,109
"19381",24973,7050,3643,"BrM",142,109
"19382",24974,7050,6049,"NS",142,109
"19383",24975,7065,5598,"BrF",142,110
"19384",24976,7065,6012,"BrM",142,110
"19385",24977,7064,5212,"BrF",142,111
"19386",24978,7064,5559,"BrM",142,111
"19387",24979,7064,6383,"U",142,111
"19388",24980,7064,6384,"U",142,111
"19389",24981,7053,5909,"BrF",142,112
"19390",24982,7053,5820,"BrM",142,112
"19391",24983,7053,6294,"AB",142,112
"19392",24984,7053,6516,"FL",142,112
"19393",24985,7053,6313,"SEEN1",142,112
"19394",24986,7053,5625,"NS",142,112
"19395",24987,7053,6273,"NS",142,112
"19396",24988,7053,6140,"NS",142,112
"19397",24989,7120,5652,"BrF",142,116
"19398",24990,7120,3486,"BrM",142,116
"19399",24991,7120,6146,"ABX",142,116
"19400",24992,7120,6387,"ABX",142,116
"19401",24993,7158,3698,"BrF",142,118
"19402",24994,7158,6158,"BrM",142,118
"19403",24995,7158,1489,"NS",142,118
"19404",24996,7158,6265,"NS",142,118
"19405",24997,7158,6316,"NS",142,118
"19406",24998,7135,6226,"BrF",142,121
"19407",24999,7135,6158,"BrM",142,121
"19408",25000,7090,5749,"BrF",142,123
"19409",25001,7090,5639,"BrM",142,123
"19410",25002,7090,6274,"ABX",142,123
"19411",25003,7090,6518,"FL",142,123
"19412",25004,7093,3596,"BrF",142,125
"19413",25005,7093,1877,"BrM",142,125
"19414",25006,7093,5596,"H",142,125
"19415",25007,7093,6200,"AB",142,125
"19416",25008,7093,6519,"FL",142,125
"19417",25009,7116,6022,"BrF",142,126
"19418",25010,7116,5522,"BrM",142,126
"19419",25011,7116,6313,"AB",142,126
"19420",25012,7116,6520,"FL",142,126
"19421",25013,7116,6304,"NS",142,126
"19422",25014,7133,6188,"BrF",142,636
"19423",25015,7133,6216,"BrM",142,636
"19424",25016,7140,4965,"BrF",142,127
"19425",25017,7140,5643,"BrM",142,127
"19426",25018,7140,6192,"NS",142,127
"19427",25019,7140,6063,"NS",142,127
"19428",25020,7140,6176,"NS",142,127
"19429",25021,7115,5644,"BrF",142,128
"19430",25022,7115,6228,"H",142,128
"19431",25023,7115,5277,"NS",142,128
"19432",25024,7115,4933,"NS",142,128
"19433",25025,7115,6245,"NS",142,128
"19434",25026,7115,6051,"NS",142,128
"19435",25027,7115,6306,"NS",142,128
"19436",25028,7091,5173,"BrF",142,129
"19437",25029,7091,5904,"BrM",142,129
"19438",25030,7091,6227,"SEEN1",142,129
"19439",25031,7095,5518,"BrF",142,134
"19440",25032,7095,5456,"BrM",142,134
"19441",25033,7095,6521,"FL",142,134
"19442",25034,7095,6305,"NS",142,134
"19443",25035,7132,5633,"BrF",142,135
"19444",25036,7132,6184,"BrM",142,135
"19445",25038,7132,5528,"NS",142,135
"19446",25039,7132,6246,"NS",142,135
"19447",25040,7132,6295,"NS",142,135
"19448",25041,7042,3574,"BrF",142,137
"19449",25042,7042,5908,"BrM",142,137
"19450",25043,7042,6522,"FL",142,137
"19451",25044,7042,6183,"NSA",142,137
"19452",25045,7094,3451,"BrF",142,138
"19453",25046,7094,6196,"BrM",142,138
"19454",25047,7094,5600,"H",142,138
"19455",25048,7094,6369,"FL",142,138
"19456",25049,7084,6198,"BrF",142,140
"19457",25050,7084,5534,"TBRF",142,140
"19458",25051,7084,6170,"BrM",142,140
"19459",25052,7084,6169,"SEEN1",142,140
"19460",25053,7084,1494,"NS",142,140
"19461",25054,7071,6009,"BrF",142,154
"19462",25055,7071,5583,"BrM",142,154
"19463",25057,7071,1869,"NS",142,154
"19464",25058,7071,6062,"NS",142,154
"19465",25059,7071,6302,"NS",142,154
"19466",25060,7072,4885,"BrF",142,155
"19467",25061,7072,6050,"BrM",142,155
"19468",25062,7072,6312,"NS",142,155
"19469",25063,7073,5075,"BrF",142,157
"19470",25064,7073,5583,"BrM",142,157
"19471",25065,7073,6523,"FL",142,157
"19472",25066,7073,6050,"SEEN1",142,157
"19473",25067,7073,5000,"NS",142,157
"19474",25068,7082,4861,"BrF",142,159
"19475",25069,7082,5583,"BrM",142,159
"19476",25070,7082,6186,"ABX",142,159
"19477",25072,7082,5217,"NS",142,159
"19478",25073,7082,6296,"NS",142,159
"19479",25074,7096,5132,"BrF",142,160
"19480",25076,7096,6250,"ABX",142,160
"19481",25077,7096,5498,"NS",142,160
"19482",25078,7123,5634,"BrF",142,165
"19483",25079,7123,6379,"BrM",142,165
"19484",25080,7123,6174,"AB",142,165
"19485",25081,7123,6300,"AB",142,165
"19486",25082,7123,4957,"NS",142,165
"19487",25083,7137,6174,"SEEN1",142,637
"19488",25084,7113,5825,"BrF",142,168
"19489",25085,7113,6172,"BrM",142,168
"19490",25086,7113,6297,"SEEN2",142,168
"19491",25087,7113,6524,"FL",142,168
"19492",25088,7113,5842,"NS",142,168
"19493",25089,7113,6190,"NS",142,168
"19494",25090,7099,3699,"BrF",142,169
"19495",25091,7099,5821,"BrM",142,169
"19496",25092,7092,6233,"BrF",142,173
"19497",25093,7092,6030,"BrM",142,173
"19498",25094,7092,6039,"NS",142,173
"19499",25095,7118,5162,"BrF",142,174
"19500",25096,7118,5077,"BrM",142,174
"19501",25097,7083,5545,"BrF",142,177
"19502",25098,7083,5638,"BrM",142,177
"19503",25099,7083,6207,"ABX",142,177
"19504",25100,7083,6525,"FL",142,177
"19505",25101,7083,6307,"SEEN1",142,177
"19506",25102,7086,5511,"BrF",142,178
"19507",25103,7086,2974,"BrM",142,178
"19508",25104,7086,6526,"FL",142,178
"19509",25105,7086,6527,"FL",142,178
"19510",25106,7086,6253,"NS",142,178
"19511",25107,7086,6317,"NS",142,178
"19512",25108,7059,5838,"BrF",142,179
"19513",25109,7059,2991,"BrM",142,179
"19514",25110,7059,6378,"FL",142,179
"19515",25111,7059,6320,"NS",142,179
"19516",25112,7058,3594,"BrF",142,172
"19517",25113,7058,6171,"BrM",142,172
"19518",25114,7058,5836,"NS",142,172
"19519",25115,7068,6028,"BrF",142,407
"19520",25116,7068,3456,"BrM",142,407
"19521",25117,7068,6528,"FL",142,407
"19522",25118,7068,6150,"NS",142,407
"19523",25119,7105,5683,"BrF",142,478
"19524",25120,7105,6375,"BrM",142,478
"19525",25121,7105,5774,"NS",142,478
"19526",25122,7044,5524,"BrF",142,480
"19527",25123,7044,4860,"BrM",142,480
"19528",25124,7044,6374,"FL",142,480
"19529",25125,7044,6529,"FL",142,480
"19530",25126,7044,6177,"NS",142,480
"19531",25127,7047,5549,"BrF",142,479
"19532",25128,7047,5612,"BrM",142,479
"19533",25129,7047,6307,"H",142,479
"19534",25130,7060,1707,"BrF",142,477
"19535",25131,7060,1710,"BrM",142,477
"19536",25132,7060,6147,"NS",142,477
"19537",25133,7046,5635,"BrF",142,481
"19538",25134,7046,6193,"BrM",142,481
"19539",25135,7046,6530,"FL",142,481
"19540",25136,7046,5620,"NS",142,481
"19541",25137,7046,6276,"NS",142,481
"19542",25138,7081,5009,"BrF",142,516
"19543",25139,7081,5850,"BrM",142,516
"19544",25141,7054,6532,"FL",142,616
"19545",25142,7051,6533,"FL",142,28
"19546",25143,7050,6534,"FL",142,109
"19547",25144,7065,6535,"FL",142,110
"19548",25145,7064,6536,"FL",142,111
"19549",25146,7091,6537,"FL",142,129
"19550",25147,7123,6538,"FL",142,165
"19551",25148,6843,5595,"SEEN1",139,36
"19552",25149,5507,5220,"SEEN1",103,36
"19553",25151,5576,5324,"SEEN1",103,159
"19554",25152,6409,1824,"TBRF",124,36
"19555",25153,6550,5009,"BrF",124,516
"19556",25154,6550,5850,"BrM",124,516
"19557",25155,7170,6460,"BrF",143,250
"19558",25156,7170,5921,"BrM",143,250
"19559",25158,7170,4813,"NS",143,250
"19560",25159,7170,5004,"NS",143,250
"19561",25161,7167,5496,"BrM",143,251
"19562",25163,7167,5740,"SEEN1",143,251
"19563",25165,7171,5881,"NS",143,252
"19564",25166,7171,5483,"NS",143,252
"19565",25167,7171,5882,"NS",143,252
"19566",25168,7167,1359,"NS",143,251
"19567",25169,7172,5385,"BrF",143,253
"19568",25170,7172,6443,"BrM",143,253
"19569",25173,7172,1671,"NS",143,253
"19570",25175,7173,5975,"BrM",143,254
"19571",25176,7148,5740,"BrF",143,255
"19572",25177,7148,5372,"BrM",143,255
"19573",25178,7148,6449,"H",143,255
"19574",25181,7148,5348,"SEEN1",143,255
"19575",25183,7174,6345,"BrM",143,256
"19576",25185,7175,6434,"BrF",143,258
"19577",25186,7175,5010,"BrM",143,258
"19578",25187,7175,6429,"FL",143,258
"19579",25189,7176,6471,"BrM",143,259
"19580",25190,7176,5489,"NS",143,259
"19581",25191,7176,5730,"NS",143,259
"19582",25192,7177,5959,"BrF",143,260
"19583",25193,7177,1820,"BrM",143,260
"19584",25195,7177,5491,"NS",143,260
"19585",25196,7177,5952,"NS",143,260
"19586",25197,7178,5930,"BrM",143,261
"19587",25198,7178,6344,"AB",143,261
"19588",25199,7178,5016,"NS",143,261
"19589",25200,7179,5924,"BrF",143,263
"19590",25201,7179,6445,"BrM",143,263
"19591",25203,7179,5703,"NS",143,263
"19592",25204,7179,4820,"NS",143,263
"19593",25205,7179,5925,"NS",143,263
"19594",25206,7180,5951,"BrF",143,264
"19595",25207,7180,3524,"BrM",143,264
"19596",25208,7180,5732,"NS",143,264
"19597",25209,7181,6463,"BrF",143,265
"19598",25210,7181,6462,"BrM",143,265
"19599",25211,7181,6465,"OFL",143,265
"19600",25212,7181,5001,"NS",143,265
"19601",25213,7181,5936,"NS",143,265
"19602",25214,7182,6441,"BrF",143,266
"19603",25215,7182,6440,"BrM",143,266
"19604",25216,7182,5493,"NS",143,266
"19605",25217,7182,5920,"NS",143,266
"19606",25219,7183,5345,"BrM",143,267
"19607",25221,7183,5945,"NS",143,267
"19608",25223,7184,6470,"BrM",143,268
"19609",25224,7184,6469,"SEEN1",143,268
"19610",25225,7184,5735,"NS",143,268
"19611",25226,7185,6425,"BrF",143,269
"19612",25227,7185,1726,"BrM",143,269
"19613",25228,7185,1218,"NS",143,269
"19614",25229,7186,6356,"BrF",143,270
"19615",25230,7186,6346,"BrM",143,270
"19616",25231,7186,5877,"NS",143,270
"19617",25232,7186,2998,"NS",143,270
"19618",25233,7163,6543,"BrU",143,271
"19619",25234,7163,6363,"BrM",143,271
"19620",25236,7163,5737,"NS",143,271
"19621",25237,7163,5884,"NS",143,271
"19622",25239,7164,5963,"BrM",143,272
"19623",25240,7164,5860,"SEEN1",143,272
"19624",25241,7164,6411,"SEEN1",143,272
"19625",25242,7164,5970,"NS",143,272
"19626",25243,7164,5415,"NS",143,272
"19627",25244,7169,6400,"BrF",143,273
"19628",25245,7169,6399,"BrM",143,273
"19629",25246,7169,2965,"NS",143,273
"19630",25247,7169,3481,"NS",143,273
"19631",25248,7187,6408,"BrF",143,274
"19632",25249,7187,6409,"BrM",143,274
"19633",25251,7187,4832,"NS",143,274
"19634",25253,7188,6466,"BrM",143,275
"19635",25255,7189,3473,"NS",143,276
"19636",25256,7189,5871,"NS",143,276
"19637",25258,7162,3477,"BrM",143,277
"19638",25259,7162,6475,"SEEN1",143,277
"19639",25260,7162,5708,"NS",143,277
"19640",25261,7162,5949,"NS",143,277
"19641",25262,7162,5948,"NS",143,277
"19642",25263,7190,6362,"BrF",143,278
"19643",25264,7190,5947,"BrM",143,278
"19644",25265,7190,6360,"SEEN1",143,278
"19645",25266,7190,5729,"NS",143,278
"19646",25267,7190,5875,"NS",143,278
"19647",25268,7190,3007,"NS",143,278
"19648",25269,7191,6476,"BrF",143,279
"19649",25270,7191,5377,"BrM",143,279
"19650",25272,7191,5475,"NS",143,279
"19651",25277,7193,5474,"BrM",143,281
"19652",25279,7193,5360,"NS",143,281
"19653",25280,7029,6349,"BrF",143,283
"19654",25281,7029,5005,"BrM",143,283
"19655",25282,7029,6341,"FL",143,283
"19656",25283,7029,5736,"NS",143,283
"19657",25284,7150,5886,"NS",143,284
"19658",25285,7194,5917,"BrF",143,430
"19659",25286,7194,5911,"BrM",143,430
"19660",25287,7194,6366,"SEEN1",143,430
"19661",25288,7194,5916,"SEEN1",143,430
"19662",25289,7195,6368,"BrF",143,423
"19663",25290,7195,4824,"BrM",143,423
"19664",25293,7165,6405,"BrM",143,424
"19665",25295,7165,6406,"SEEN1",143,424
"19666",25296,7195,5380,"NS",143,423
"19667",25297,7195,5867,"NS",143,423
"19668",25298,7196,6416,"BrF",143,425
"19669",25299,7196,5347,"BrM",143,425
"19670",25301,7152,5932,"BrF",143,426
"19671",25302,7152,5485,"BrM",143,426
"19672",25304,7197,6427,"BrF",143,427
"19673",25305,7197,5869,"NS",143,427
"19674",25306,7197,5476,"NS",143,427
"19675",25308,7198,5359,"BrM",143,428
"19676",25309,7199,6448,"BrM",143,484
"19677",25310,7199,6456,"SEEN1",143,484
"19678",25311,7199,6540,"SEEN1",143,484
"19679",25314,7200,5741,"BrM",143,485
"19680",25315,7200,5707,"NS",143,485
"19681",25316,7145,6359,"BrF",143,437
"19682",25317,7145,6361,"BrM",143,437
"19683",25319,7145,5695,"SEEN1",143,437
"19684",25320,7201,5402,"BrF",143,486
"19685",25321,7201,4817,"BrM",143,486
"19686",25323,7202,5913,"BrM",143,487
"19687",25324,7202,5912,"NS",143,487
"19688",25325,7203,6542,"BrU",143,432
"19689",25326,7203,3471,"BrM",143,432
"19690",25327,7204,3485,"BrM",143,431
"19691",25329,7204,5883,"NS",143,431
"19692",25331,7161,4823,"BrM",143,488
"19693",25332,7161,5960,"NS",143,488
"19694",25334,7205,5481,"BrM",143,434
"19695",25335,7206,5070,"BrF",143,435
"19696",25337,7206,5060,"NS",143,435
"19697",25339,7207,6433,"BrU",143,489
"19698",25340,7207,6436,"SEEN1",143,489
"19699",25341,7207,5712,"NS",143,489
"19700",25342,7208,6452,"BrF",143,492
"19701",25343,7208,6453,"BrM",143,492
"19702",25344,7208,5387,"NS",143,492
"19703",25345,7209,6401,"BrF",143,493
"19704",25346,7209,5399,"BrM",143,493
"19705",25347,7209,6544,"FL",143,493
"19706",25348,7209,6541,"SEEN1",143,493
"19707",25350,7159,6402,"BrM",143,494
"19708",25351,7159,5398,"NS",143,494
"19709",25352,7159,5393,"NS",143,494
"19710",25353,7146,6412,"BrF",143,495
"19711",25354,7146,5381,"BrM",143,495
"19712",25356,7210,5406,"BrM",143,496
"19713",25358,7210,5963,"SEEN1",143,496
"19714",25359,7211,5032,"BrM",143,491
"19715",25360,7211,6419,"SEEN1",143,491
"19716",25361,7212,5366,"BrF",143,497
"19717",25362,7212,6435,"AB",143,497
"19718",25363,7212,5494,"NS",143,497
"19719",25364,7212,5699,"NS",143,497
"19720",25366,7213,5030,"BrM",143,498
"19721",25367,7214,5962,"BrM",143,499
"19722",25370,7214,5938,"NS",143,499
"19723",25371,7215,6418,"BrF",143,500
"19724",25372,7215,5351,"BrM",143,500
"19725",25373,7215,5939,"NS",143,500
"19726",25374,7147,6421,"BrF",143,501
"19727",25375,7147,6422,"BrM",143,501
"19728",25377,7216,6439,"BrF",143,502
"19729",25378,7216,5926,"BrM",143,502
"19730",25379,7216,6446,"OFL",143,502
"19731",25380,7216,6438,"SEEN1",143,502
"19732",25381,7216,6447,"SEEN1",143,502
"19733",25382,7216,5927,"NS",143,502
"19734",25383,7217,6467,"BrF",143,503
"19735",25384,7217,5937,"BrM",143,503
"19736",25385,7217,6464,"SEEN1",143,503
"19737",25386,7217,5404,"NS",143,503
"19738",25387,7218,6450,"BrU",143,504
"19739",25388,7218,6451,"BrM",143,504
"19740",25390,7219,5743,"BrM",143,505
"19741",25391,7219,6437,"AB",143,505
"19742",25393,7219,1427,"SEEN1",143,505
"19743",25394,7220,6354,"BrF",143,507
"19744",25395,7220,6350,"BrM",143,507
"19745",25396,7220,1684,"NS",143,507
"19746",25397,7221,5742,"BrM",143,508
"19747",25398,7221,6430,"SEEN1",143,508
"19748",25399,7221,5693,"NSA",143,508
"19749",25401,7222,5722,"BrM",143,509
"19750",25402,7223,5885,"BrM",143,510
"19751",25404,7224,5953,"BrM",143,511
"19752",25405,7224,5957,"NS",143,511
"19753",25406,7224,5955,"NS",143,511
"19754",25408,7225,5942,"BrM",143,512
"19755",25409,7225,5744,"NS",143,512
"19756",25412,7226,6410,"SEEN1",143,513
"19757",25413,7226,5358,"NS",143,513
"19758",25415,7227,5362,"BrM",143,514
"19759",25416,7228,6339,"SEEN1",143,524
"19760",25417,7229,5954,"BrF",143,525
"19761",25421,7229,5709,"NS",143,525
"19762",25422,7230,5363,"BrF",143,529
"19763",25423,7230,5968,"BrM",143,529
"19764",25424,7230,5378,"NS",143,529
"19765",25425,7231,6420,"BrM",143,527
"19766",25426,7231,5401,"NS",143,527
"19767",25427,7231,5940,"NS",143,527
"19768",25428,7232,6391,"BrF",143,528
"19769",25429,7232,5972,"BrM",143,528
"19770",25430,7232,6414,"FL",143,528
"19771",25432,7233,6342,"BrF",143,526
"19772",25433,7233,5719,"BrM",143,526
"19773",25435,7234,6348,"BrM",143,533
"19774",25437,7234,5915,"NS",143,533
"19775",25438,7234,5919,"NS",143,533
"19776",25440,7235,5862,"BrM",143,534
"19777",25441,7235,5936,"NS",143,534
"19778",25442,7235,5724,"NS",143,534
"19779",25443,7236,6442,"BrF",143,535
"19780",25445,7236,5864,"NS",143,535
"19781",25446,7237,5746,"BrF",143,536
"19782",25447,7237,6390,"BrM",143,536
"19783",25449,7238,5961,"BrF",143,537
"19784",25450,7238,5382,"BrM",143,537
"19785",25451,7238,6539,"FL",143,537
"19786",25452,7238,5867,"NS",143,537
"19787",25457,7240,5697,"NS",143,532
"19788",25458,7241,5705,"BrM",143,539
"19789",25459,7242,1887,"BrM",143,540
"19790",25461,7243,3522,"NS",143,282
"19791",25462,7243,5878,"NS",143,282
"19792",25463,7244,5407,"BrF",143,549
"19793",25465,7245,6352,"BrF",143,550
"19794",25466,7245,5977,"BrM",143,550
"19795",25468,7245,5739,"NS",143,550
"19796",25469,7245,5971,"NS",143,550
"19797",25470,7246,5946,"BrF",143,551
"19798",25471,7246,5879,"BrM",143,551
"19799",25472,7246,6395,"AB",143,551
"19800",25473,7247,1427,"SEEN2",143,552
"19801",25474,7247,5492,"SEEN1",143,552
"19802",25475,7247,6461,"SEEN1",143,552
"19803",25476,7248,5935,"BrF",143,553
"19804",25477,7248,5933,"BrM",143,553
"19805",25478,7153,6364,"BrF",143,554
"19806",25479,7153,5713,"BrM",143,554
"19807",25480,7153,6367,"H",143,554
"19808",25481,7153,6545,"CH",143,554
"19809",25482,7153,6365,"SEEN1",143,554
"19810",25483,7153,6366,"SEEN1",143,554
"19811",25484,7249,5956,"BrF",143,583
"19812",25488,7250,5964,"BrM",143,584
"19813",25490,7250,6358,"SEEN1",143,584
"19814",25491,7250,6357,"SEEN1",143,584
"19815",25492,7251,6353,"BrF",143,585
"19816",25493,7251,6355,"BrM",143,585
"19817",25494,7252,6456,"SEEN1",143,586
"19818",25495,7252,6454,"SEEN1",143,586
"19819",25496,7252,6448,"SEEN1",143,586
"19820",25497,7252,6339,"SEEN1",143,586
"19821",25498,7253,6458,"BrM",143,587
"19822",25502,7254,5861,"BrM",143,589
"19823",25503,7254,6455,"SEEN1",143,589
"19824",25505,7255,5922,"NS",143,590
"19825",25506,7255,5923,"NS",143,590
"19826",25507,7256,5914,"NS",143,588
"19827",25508,7256,5918,"NS",143,588
"19828",25509,7253,5931,"NS",143,587
"19829",25510,7257,6444,"BrF",143,591
"19830",25511,7257,6432,"SEEN1",143,591
"19831",25512,7257,6431,"SEEN1",143,591
"19832",25513,7258,6413,"BrF",143,592
"19833",25514,7258,5943,"BrM",143,592
"19834",25515,7258,6404,"AB",143,592
"19835",25516,7258,6406,"SEEN1",143,592
"19836",25517,7258,5944,"NS",143,592
"19837",25519,7259,5870,"BrM",143,593
"19838",25521,7260,5860,"BrM",143,594
"19839",25524,7260,5928,"NS",143,594
"19840",25528,7262,5727,"BrM",143,596
"19841",25529,7263,5717,"SEEN1",143,597
"19842",25531,7264,3530,"BrM",143,598
"19843",25533,7264,6417,"SEEN1",143,598
"19844",25534,7264,5966,"NS",143,598
"19845",25535,7264,5872,"NS",143,598
"19846",25537,7265,5934,"BrM",143,599
"19847",25538,7160,5974,"BrF",143,600
"19848",25539,7160,5976,"BrM",143,600
"19849",25540,7266,6407,"BrF",143,621
"19850",25541,7266,6403,"BrM",143,621
"19851",25544,7267,5941,"BrM",143,622
"19852",25546,7268,5698,"BrM",143,623
"19853",25553,7270,5973,"BrM",143,626
"19854",25555,7271,6426,"BrM",143,628
"19855",25557,7271,5704,"SEEN1",143,628
"19856",25559,7168,5965,"BrM",143,629
"19857",25561,7272,6392,"BrM",143,640
"19858",25562,7273,6394,"BrF",143,641
"19859",25563,7273,6398,"BrM",143,641
"19860",25564,7273,6393,"SEEN1",143,641
"19861",25565,7274,6424,"BrF",143,643
"19862",25566,7274,6423,"BrM",143,643
"19863",25568,7275,6428,"SEEN1",143,644
"19864",25570,7154,5866,"BrM",143,645
"19865",25571,7154,6479,"CH",143,645
"19866",25574,7149,6459,"BrF",143,647
"19867",25575,7149,6457,"BrM",143,647
"19868",25576,7149,6465,"SEEN1",143,647
"19869",25577,7276,6347,"BrM",143,648
"19870",25578,7277,5745,"BrF",143,649
"19871",25584,7280,6478,"BrF",143,653
"19872",25585,7280,6477,"BrM",143,653
"19873",25587,7281,5714,"BrF",143,654
"19874",25591,7282,5715,"BrM",143,655
"19875",25593,7283,5006,"BrM",143,658
"19876",25594,7284,6360,"BrF",143,656
"19877",25595,7284,5695,"BrM",143,656
"19878",25599,7286,6343,"BrF",143,642
"19879",25600,7286,6337,"BrM",143,642
"19880",25601,7286,6336,"SEEN1",143,642
"19881",25603,7288,3530,"NSA",93,-4
"19882",25604,7289,3530,"NSA",102,-4
"19883",25605,7290,5363,"NSA",102,-4
"19884",25606,7291,3530,"NSA",109,-4
"19885",25607,7292,5348,"NSA",109,-4
"19886",25608,7293,5363,"NSA",109,-4
"19887",25609,7294,3530,"NSA",117,-4
"19888",25610,7295,5347,"NSA",117,-4
"19889",25611,7296,5348,"NSA",117,-4
"19890",25612,7297,5363,"NSA",117,-4
"19891",25613,7298,5704,"NSA",117,-4
"19892",25614,7299,5745,"NSA",117,-4
"19893",25615,7300,3530,"NSA",121,-4
"19894",25616,7301,5032,"NSA",121,-4
"19895",25617,7302,1427,"NSA",121,-4
"19896",25618,7303,5347,"NSA",121,-4
"19897",25619,7304,5348,"NSA",121,-4
"19898",25620,7305,5363,"NSA",121,-4
"19899",25621,7306,5741,"NSA",121,-4
"19900",25622,7307,5696,"NSA",121,-4
"19901",25623,7308,5698,"NSA",121,-4
"19902",25624,7309,5704,"NSA",121,-4
"19903",25625,7310,5745,"NSA",121,-4
"19904",25626,7311,5866,"NSA",121,-4
"19905",25627,7195,6415,"SEEN1",143,423
"19906",25628,7209,5696,"SEEN1",143,493
"19907",25629,7268,6368,"SEEN1",143,623
"19908",25631,7312,6215,"BrF",144,1
"19909",25632,7312,6144,"BrM",144,1
"19910",25633,7312,1750,"NS",144,1
"19911",25634,7313,5517,"BrF",144,2
"19912",25635,7313,2960,"BrM",144,2
"19913",25636,7313,6388,"ABX",144,2
"19914",25637,7314,6034,"BrF",144,616
"19915",25638,7314,5853,"BrM",144,616
"19916",25639,7314,6385,"ABX",144,616
"19917",25640,7315,3086,"BrF",144,3
"19918",25641,7315,5829,"BrM",144,3
"19919",25643,7316,1660,"BrF",144,8
"19920",25644,7316,5837,"BrM",144,8
"19921",25645,7317,1826,"BrF",144,9
"19922",25646,7317,5624,"BrM",144,9
"19923",25647,7317,6193,"SEEN2",144,9
"19924",25648,7318,5841,"BrF",144,11
"19925",25649,7318,5624,"BrM",144,11
"19926",25650,7319,5621,"BrF",144,12
"19927",25651,7319,6156,"BrM",144,12
"19928",25652,7319,6547,"OFL",144,12
"19929",25653,7320,6229,"BrF",144,13
"19930",25654,7320,6155,"BrM",144,13
"19931",25655,7320,6571,"OFL",144,13
"19932",25656,7321,5657,"BrF",144,15
"19933",25657,7321,1762,"BrM",144,15
"19934",25658,7321,6279,"ABX",144,15
"19935",25659,7321,6575,"OFL",144,15
"19936",25660,7322,6199,"BrF",144,16
"19937",25661,7322,5235,"BrM",144,16
"19938",25662,7323,3085,"BrF",144,20
"19939",25663,7323,6045,"BrM",144,20
"19940",25664,7324,5630,"BrF",144,24
"19941",25665,7324,2966,"BrM",144,24
"19942",25667,7325,6160,"BrF",144,26
"19943",25668,7325,5595,"BrM",144,26
"19944",25669,7326,3490,"BrF",144,27
"19945",25670,7326,3087,"BrM",144,27
"19946",25671,7326,6373,"ABX",144,27
"19947",25672,7326,6547,"SEEN1",144,27
"19948",25673,7327,5843,"BrF",144,28
"19949",25674,7327,6189,"BrM",144,28
"19950",25675,7327,6230,"SEEN1",144,28
"19951",25676,7328,3497,"BrF",144,32
"19952",25677,7328,6314,"BrM",144,32
"19953",25678,7328,5835,"NS",144,32
"19954",25679,7329,5750,"NS",144,30
"19955",25680,7329,6136,"NS",144,30
"19956",25682,7330,5823,"BrF",144,617
"19957",25683,7330,5839,"BrM",144,617
"19958",25684,7330,6559,"FL",144,617
"19959",25685,7331,5833,"BrF",144,34
"19960",25686,7331,6219,"BrM",144,34
"19961",25687,7332,6159,"BrF",144,36
"19962",25688,7332,5679,"BrM",144,36
"19963",25690,7332,6557,"OFL",144,36
"19964",25691,7333,6217,"BrF",144,605
"19965",25692,7333,6309,"BrM",144,605
"19966",25693,7333,6568,"OFL",144,605
"19967",25694,7333,6024,"NS",144,605
"19968",25695,7334,6139,"BrF",144,39
"19969",25696,7334,6210,"BrM",144,39
"19970",25697,7334,6555,"OFL",144,39
"19971",25698,7335,3462,"BrF",144,40
"19972",25699,7335,5590,"BrM",144,40
"19973",25700,7324,6563,"FL",144,24
"19974",25701,7334,6219,"SEEN1",144,39
"19975",25702,7336,6145,"BrF",144,41
"19976",25703,7336,5588,"BrM",144,41
"19977",25705,7337,6211,"BrF",144,43
"19978",25706,7337,6011,"BrM",144,43
"19979",25707,7337,6574,"OFL",144,43
"19980",25709,7338,5465,"BrF",144,45
"19981",25710,7338,6231,"BrM",144,45
"19982",25711,7338,5846,"NSA",144,45
"19983",25713,7339,5611,"BrF",144,46
"19984",25714,7339,1868,"BrM",144,46
"19985",25715,7340,6138,"BrF",144,47
"19986",25716,7340,5513,"BrM",144,47
"19987",25718,7340,6548,"SEEN2",144,47
"19988",25719,7341,6274,"BrF",144,48
"19989",25720,7341,6213,"BrM",144,48
"19990",25721,7341,4896,"NS",144,48
"19991",25722,7342,6174,"BrF",144,50
"19992",25724,7342,6194,"NS",144,50
"19993",25725,7342,5834,"NS",144,50
"19994",25726,7343,6036,"BrF",144,618
"19995",25727,7343,6163,"BrM",144,618
"19996",25728,7343,6161,"ABX",144,618
"19997",25730,7344,3094,"BrF",144,53
"19998",25731,7344,5855,"BrM",144,53
"19999",25732,7344,6382,"ABX",144,53
"20000",25733,7344,6570,"OFL",144,53
"20001",25734,7345,5641,"BrF",144,55
"20002",25735,7345,5776,"BrM",144,55
"20003",25736,7346,5514,"BrF",144,57
"20004",25737,7346,5321,"BrM",144,57
"20005",25738,7346,5640,"ABX",144,57
"20006",25740,7347,5613,"BrF",144,58
"20007",25741,7347,5779,"BrM",144,58
"20008",25742,7347,6372,"ABX",144,58
"20009",25744,7348,6048,"BrF",144,59
"20010",25745,7348,6203,"BrM",144,59
"20011",25746,7349,1821,"BrF",144,60
"20012",25747,7349,5523,"BrM",144,60
"20013",25748,7349,6572,"OFL",144,60
"20014",25749,7350,6214,"BrF",144,62
"20015",25750,7350,5291,"BrM",144,62
"20016",25752,7351,5901,"BrF",144,63
"20017",25753,7351,6019,"BrM",144,63
"20018",25754,7351,1042,"ABX",144,63
"20019",25755,7351,6261,"ABX",144,63
"20020",25756,7351,5319,"ABX",144,63
"20021",25758,7351,6310,"NS",144,63
"20022",25759,7352,5337,"BrF",144,68
"20023",25760,7352,6164,"BrM",144,68
"20024",25761,7352,6548,"SEEN1",144,68
"20025",25762,7352,6200,"SEEN1",144,68
"20026",25763,7352,4917,"SEEN1",144,68
"20027",25764,7352,6191,"SEEN1",144,68
"20028",25765,7353,6068,"BrF",144,602
"20029",25766,7353,5826,"BrM",144,602
"20030",25767,7353,6274,"SEEN1",144,602
"20031",25769,7354,6166,"BrM",144,70
"20032",25770,7354,1716,"NS",144,70
"20033",25771,7355,4917,"BrF",144,71
"20034",25772,7355,6370,"BrM",144,71
"20035",25773,7355,5543,"ABX",144,71
"20036",25774,7355,6162,"ABX",144,71
"20037",25775,7355,6191,"ABX",144,71
"20038",25776,7355,6558,"OFL",144,71
"20039",25777,7355,6548,"OFL",144,71
"20040",25779,7355,6027,"SEEN1",144,71
"20041",25780,7356,5452,"BrF",144,72
"20042",25781,7356,6029,"BrM",144,72
"20043",25782,7356,6374,"SEEN1",144,72
"20044",25783,7356,6558,"SEEN1",144,72
"20045",25784,7357,5575,"BrF",144,75
"20046",25785,7357,6018,"BrM",144,75
"20047",25786,7358,4958,"BrF",144,77
"20048",25787,7358,5626,"BrM",144,77
"20049",25788,7357,6546,"OFL",144,75
"20050",25789,7358,6378,"SEEN1",144,77
"20051",25790,7359,5597,"BrF",144,79
"20052",25791,7359,5602,"BrM",144,79
"20053",25792,7360,5589,"BrF",144,80
"20054",25793,7360,6551,"OFL",144,80
"20055",25794,7360,6297,"SEEN2",144,80
"20056",25795,7360,6157,"NS",144,80
"20057",25797,7361,6067,"BrF",144,633
"20058",25798,7361,6267,"BrM",144,633
"20059",25799,7362,5537,"BrF",144,81
"20060",25800,7362,4947,"BrM",144,81
"20061",25802,7363,5530,"BrF",144,82
"20062",25803,7363,6026,"BrM",144,82
"20063",25804,7363,6569,"SEEN1",144,82
"20064",25805,7363,6556,"SEEN2",144,82
"20065",25806,7364,6272,"BrF",144,637
"20066",25807,7364,6221,"BrM",144,637
"20067",25808,7365,5854,"BrF",144,83
"20068",25809,7365,5822,"BrM",144,83
"20069",25810,7365,6554,"OFL",144,83
"20070",25811,7366,6044,"BrF",144,85
"20071",25812,7366,6222,"BrM",144,85
"20072",25813,7366,6376,"ABX",144,85
"20073",25814,7367,6143,"BrF",144,86
"20074",25815,7367,3089,"BrM",144,86
"20075",25817,7368,5283,"BrM",144,88
"20076",25818,7368,6556,"ABX",144,88
"20077",25819,7368,6553,"OFL",144,88
"20078",25820,7368,6182,"NS",144,88
"20079",25821,7369,5174,"BrF",144,603
"20080",25822,7369,6032,"BrM",144,603
"20081",25823,7370,3595,"BrF",144,90
"20082",25824,7370,5292,"BrM",144,90
"20083",25825,7370,6293,"NS",144,90
"20084",25826,7371,1717,"BrF",144,92
"20085",25827,7371,4954,"BrM",144,92
"20086",25828,7372,5845,"BrF",144,94
"20087",25829,7372,6167,"BrM",144,94
"20088",25830,7372,6386,"ABX",144,94
"20089",25831,7372,5174,"SEEN1",144,94
"20090",25832,7373,6181,"BrF",144,95
"20091",25833,7373,4872,"BrM",144,95
"20092",25834,7374,5521,"BrF",144,96
"20093",25836,7374,6218,"NS",144,96
"20094",25837,7375,6185,"BrF",144,98
"20095",25838,7375,1708,"BrM",144,98
"20096",25839,7376,5851,"BrF",144,99
"20097",25840,7376,6175,"BrM",144,99
"20098",25841,7377,6061,"BrF",144,100
"20099",25842,7377,5547,"BrM",144,100
"20100",25843,7377,6381,"ABX",144,100
"20101",25844,7377,6206,"NS",144,100
"20102",25845,7378,5128,"BrF",144,101
"20103",25846,7378,5606,"BrM",144,101
"20104",25847,7378,6311,"ABX",144,101
"20105",25848,7379,6195,"BrF",144,105
"20106",25849,7379,6249,"BrM",144,105
"20107",25850,7380,6297,"BrF",144,109
"20108",25851,7380,3643,"BrM",144,109
"20109",25852,7380,1580,"NS",144,109
"20110",25853,7381,5598,"BrF",144,110
"20111",25854,7381,6012,"BrM",144,110
"20112",25856,7382,5212,"BrF",144,111
"20113",25857,7382,5559,"BrM",144,111
"20114",25858,7382,6383,"ABX",144,111
"20115",25859,7382,6384,"ABX",144,111
"20116",25860,7383,5909,"BrF",144,112
"20117",25861,7383,5820,"BrM",144,112
"20118",25862,7384,5652,"BrF",144,116
"20119",25863,7384,3486,"BrM",144,116
"20120",25865,7384,5521,"SEEN1",144,116
"20121",25866,7385,6300,"BrF",144,118
"20122",25867,7385,6183,"BrM",144,118
"20123",25868,7385,3698,"NSA",144,118
"20124",25869,7386,6226,"BrF",144,121
"20125",25870,7386,6158,"BrM",144,121
"20126",25871,7387,5639,"BrM",144,123
"20127",25873,7387,6558,"SEEN1",144,123
"20128",25874,7387,5749,"BrF",144,123
"20129",25875,7388,3596,"BrF",144,125
"20130",25876,7388,1877,"BrM",144,125
"20131",25877,7388,5596,"ABX",144,125
"20132",25879,7389,6022,"BrF",144,126
"20133",25880,7389,5522,"BrM",144,126
"20134",25881,7389,6313,"ABX",144,126
"20135",25883,7390,6188,"BrF",144,636
"20136",25884,7390,6216,"BrM",144,636
"20137",25885,7391,4965,"BrF",144,127
"20138",25886,7391,5643,"BrM",144,127
"20139",25887,7391,6552,"ABX",144,127
"20140",25888,7392,5644,"BrF",144,128
"20141",25889,7392,6228,"ABX",144,128
"20142",25890,7393,5173,"BrF",144,129
"20143",25891,7393,5904,"BrM",144,129
"20144",25892,7393,6573,"OFL",144,129
"20145",25893,7393,6202,"SEEN1",144,129
"20146",25894,7393,6560,"SEEN1",144,129
"20147",25895,7393,6227,"NS",144,129
"20148",25896,7394,6377,"BrF",144,134
"20149",25897,7394,5456,"BrM",144,134
"20150",25898,7394,5518,"NS",144,134
"20151",25899,7395,5633,"BrF",144,135
"20152",25900,7395,6184,"BrM",144,135
"20153",25901,7396,3574,"BrF",144,137
"20154",25902,7396,5908,"BrM",144,137
"20155",25904,7397,3451,"BrF",144,138
"20156",25905,7397,6196,"BrM",144,138
"20157",25906,7397,5600,"NSA",144,138
"20158",25907,7397,6369,"NS",144,138
"20159",25908,7398,6169,"BrF",144,140
"20160",25909,7398,6170,"BrM",144,140
"20161",25910,7398,6198,"NS",144,140
"20162",25911,7399,6009,"BrF",144,154
"20163",25912,7399,6566,"BrM",144,154
"20164",25913,7400,4885,"BrF",144,155
"20165",25914,7400,6050,"BrM",144,155
"20166",25915,7401,5075,"BrF",144,157
"20167",25916,7401,5583,"BrM",144,157
"20168",25918,7402,4861,"BrF",144,159
"20169",25919,7402,5583,"BrM",144,159
"20170",25920,7402,6186,"ABX",144,159
"20171",25921,7403,5132,"BrF",144,160
"20172",25923,7404,5634,"BrF",144,165
"20173",25924,7404,6567,"BrM",144,165
"20174",25925,7404,6560,"ABX",144,165
"20175",25926,7404,6379,"NS",144,165
"20176",25927,7405,5825,"BrF",144,168
"20177",25928,7405,6172,"BrM",144,168
"20178",25929,7405,6562,"OFL",144,168
"20179",25930,7406,3699,"BrF",144,169
"20180",25931,7406,5821,"BrM",144,169
"20181",25932,7407,6233,"BrF",144,173
"20182",25933,7407,6030,"BrM",144,173
"20183",25934,7407,5839,"SEEN1",144,173
"20184",25935,7408,5162,"BrF",144,174
"20185",25936,7408,5077,"BrM",144,174
"20186",25937,7409,5545,"BrF",144,177
"20187",25938,7409,5638,"BrM",144,177
"20188",25939,7409,6565,"SEEN1",144,177
"20189",25940,7409,6207,"NSA",144,177
"20190",25942,7410,5511,"BrF",144,178
"20191",25943,7410,2974,"BrM",144,178
"20192",25944,7411,5838,"BrF",144,179
"20193",25945,7411,2991,"BrM",144,179
"20194",25946,7411,6554,"SEEN1",144,179
"20195",25947,7411,6378,"SEEN1",144,179
"20196",25948,7412,3594,"BrF",144,172
"20197",25949,7412,6171,"BrM",144,172
"20198",25950,7413,6028,"BrF",144,407
"20199",25951,7413,3456,"BrM",144,407
"20200",25952,7414,5683,"BrF",144,478
"20201",25953,7414,6375,"BrM",144,478
"20202",25954,7415,5524,"BrF",144,480
"20203",25955,7415,4860,"BrM",144,480
"20204",25956,7415,6374,"ABX",144,480
"20205",25957,7415,6550,"OFL",144,480
"20206",25958,7416,5549,"BrF",144,479
"20207",25959,7416,5612,"BrM",144,479
"20208",25960,7416,6307,"ABX",144,479
"20209",25961,7416,6561,"FL",144,479
"20210",25962,7417,1707,"BrF",144,477
"20211",25963,7417,1710,"BrM",144,477
"20212",25964,7362,6564,"OFL",144,81
"20213",25965,7417,5822,"SEEN1",144,477
"20214",25966,7418,5635,"BrF",144,481
"20215",25967,7418,6193,"BrM",144,481
"20216",25968,7419,5009,"BrF",144,516
"20217",25969,7419,5850,"BrM",144,516
"20218",25970,7420,6064,"BrF",144,662
"20219",25971,7420,6152,"BrM",144,662
"20220",25972,7420,6378,"ABX",144,662
"20221",25974,7421,6565,"BrM",144,663
"20222",25975,7422,6168,"BrF",144,664
"20223",25976,7422,6146,"BrM",144,664
"20224",25977,7315,6549,"SEEN1",144,3
"20225",25978,7423,6582,"BrF",157,556
"20226",25979,7423,5554,"BrM",157,556
"20227",25984,7425,6576,"BrF",157,557
"20228",25985,7425,5116,"BrM",157,557
"20229",25986,7425,6577,"OFL",157,557
"20230",25988,7426,5684,"BrM",157,558
"20231",25990,7427,6578,"BrF",157,559
"20232",25991,7427,5551,"BrM",157,559
"20233",25992,7428,5751,"BrF",157,560
"20234",25993,7428,5628,"BrM",157,560
"20235",25999,7431,6636,"BrF",157,564
"20236",26000,7431,6637,"BrM",157,564
"20237",26001,7432,6594,"BrF",157,565
"20238",26002,7432,5759,"BrM",157,565
"20239",26003,7433,5553,"BrF",157,566
"20240",26004,7433,4902,"BrM",157,566
"20241",26006,7434,5755,"BrM",157,567
"20242",26007,7435,5610,"BrF",157,568
"20243",26008,7435,5550,"BrM",157,568
"20244",26012,7437,6588,"BrF",157,570
"20245",26013,7437,5144,"BrM",157,570
"20246",26014,7438,6087,"BrF",157,571
"20247",26015,7438,5591,"BrM",157,571
"20248",26019,7440,6624,"BrF",157,573
"20249",26020,7440,6623,"BrM",157,573
"20250",26023,7441,5649,"BrM",157,575
"20251",26024,7442,1803,"BrF",157,576
"20252",26025,7442,6613,"BrM",157,576
"20253",26026,7443,6610,"BrF",157,577
"20254",26027,7443,6612,"BrM",157,577
"20255",26028,7443,6611,"SEEN1",157,577
"20256",26029,7444,6639,"BrF",157,578
"20257",26030,7444,6638,"BrM",157,578
"20258",26031,7445,6643,"BrF",157,579
"20259",26036,7447,5526,"BrM",157,581
"20260",26040,7449,6584,"BrM",157,606
"20261",26041,7449,6583,"OFL",157,606
"20262",26045,7451,6080,"BrM",157,608
"20263",26046,7452,6641,"BrF",157,609
"20264",26047,7452,6079,"BrM",157,609
"20265",26048,7453,6625,"BrF",157,610
"20266",26049,7453,6626,"BrM",157,610
"20267",26052,7454,5335,"BrM",157,611
"20268",26053,7455,6640,"BrF",157,613
"20269",26054,7455,6086,"BrM",157,613
"20270",26056,7456,6082,"BrM",157,615
"20271",26059,7457,6589,"BrM",157,614
"20272",26060,7457,6590,"OFL",157,614
"20273",26062,7458,6587,"BrM",157,665
"20274",26063,7458,6581,"OFL",157,665
"20275",26064,7459,6580,"BrF",157,666
"20276",26065,7459,6077,"BrM",157,666
"20277",26066,7459,6579,"OFL",157,666
"20278",26067,7460,6586,"BrF",157,667
"20279",26068,7460,6585,"BrM",157,667
"20280",26070,7461,6592,"BrF",157,668
"20281",26071,7461,6591,"BrM",157,668
"20282",26074,7463,6600,"BrF",157,671
"20283",26075,7463,6598,"BrM",157,671
"20284",26076,7464,6599,"BrF",157,672
"20285",26077,7464,6601,"BrM",157,672
"20286",26078,7465,6602,"BrF",157,673
"20287",26079,7465,6604,"BrM",157,673
"20288",26081,7466,6595,"BrM",157,674
"20289",26082,7467,6597,"BrF",157,675
"20290",26083,7467,6596,"BrM",157,675
"20291",26085,7468,6605,"BrF",157,676
"20292",26086,7468,6606,"BrM",157,676
"20293",26088,7469,6608,"BrF",157,677
"20294",26089,7469,6609,"BrM",157,677
"20295",26090,7469,6607,"SEEN1",157,677
"20296",26091,7465,6603,"ABX",157,673
"20297",26092,7470,6632,"BrF",157,680
"20298",26093,7470,6633,"BrM",157,680
"20299",26096,7472,6617,"BrM",157,682
"20300",26097,7472,6618,"BrF",157,682
"20301",26099,7473,6642,"BrM",157,683
"20302",26100,7473,6629,"SEEN1",157,683
"20303",26101,7474,6629,"BrF",157,684
"20304",26102,7474,6630,"OFL",157,684
"20305",26104,7475,6627,"BrM",157,685
"20306",26105,7476,6620,"BrF",157,686
"20307",26106,7476,6619,"BrM",157,686
"20308",26107,7477,6622,"SEEN1",157,687
"20309",26108,7477,6621,"BrM",157,687
"20310",26109,7478,6615,"BrF",157,688
"20311",26110,7478,6616,"BrM",157,688
"20312",26113,7480,6634,"BrF",157,690
"20313",26114,7480,6635,"BrM",157,690
"20314",26116,7481,5516,"BrF",127,555
"20315",26117,7481,3093,"BrM",127,555
"20316",26119,7482,5554,"BrM",127,556
"20317",26121,7483,5116,"BrM",127,557
"20318",26122,7484,6081,"BrF",127,558
"20319",26123,7484,5684,"BrM",127,558
"20320",26124,7485,6075,"BrF",127,559
"20321",26125,7485,5551,"BrM",127,559
"20322",26128,7486,5751,"BrF",127,560
"20323",26129,7486,5628,"BrM",127,560
"20324",26132,7487,5539,"BrM",127,562
"20325",26134,7488,5609,"BrF",127,563
"20326",26135,7488,5515,"BrM",127,563
"20327",26137,7489,5540,"BrM",127,564
"20328",26139,7490,5313,"BrF",127,565
"20329",26140,7490,5759,"BrM",127,565
"20330",26141,7491,5553,"BrF",127,566
"20331",26142,7491,4902,"BrM",127,566
"20332",26143,7491,6077,"FL",127,566
"20333",26144,7492,5755,"BrM",127,567
"20334",26145,7493,5610,"BrF",127,568
"20335",26146,7493,5550,"BrM",127,568
"20336",26150,7494,5754,"BrM",127,569
"20337",26152,7495,5144,"BrM",127,570
"20338",26153,7496,6087,"BrF",127,571
"20339",26154,7496,5591,"BrM",127,571
"20340",26155,7497,5531,"BrF",127,573
"20341",26156,7497,5599,"BrM",127,573
"20342",26159,7498,5603,"BrM",127,574
"20343",26160,7499,6085,"BrF",127,575
"20344",26161,7499,5649,"BrM",127,575
"20345",26162,7500,1803,"BrF",127,576
"20346",26163,7500,5763,"BrM",127,576
"20347",26165,7501,6076,"BrM",127,577
"20348",26168,7502,5758,"BrM",127,580
"20349",26169,7503,5632,"BrF",127,581
"20350",26170,7503,5526,"BrM",127,581
"20351",26173,7504,5623,"BrF",127,606
"20352",26174,7504,5762,"BrM",127,606
"20353",26177,7505,6078,"BrM",127,607
"20354",26179,7506,6080,"BrM",127,608
"20355",26181,7507,6084,"BrF",127,609
"20356",26182,7507,6079,"BrM",127,609
"20357",26184,7509,5532,"BrF",127,611
"20358",26185,7509,5335,"BrM",127,611
"20359",26187,7510,5747,"BrM",127,612
"20360",26189,7511,6086,"BrM",127,613
"20361",26191,7512,6082,"BrM",127,615
"20362",26192,7513,5457,"BrF",127,614
"20363",26193,7513,5316,"BrM",127,614
"20364",26195,7514,6083,"FLOAT",127,-5
"20365",26196,7514,1765,"NS",127,-5
"20366",26197,7514,5760,"NS",127,-5
"20367",26198,7514,5619,"NS",127,-5
"20368",26199,7514,1791,"NS",127,-5
"20369",26200,7514,5756,"NS",127,-5
"20370",26201,7514,5574,"NS",127,-5
"20371",26202,7514,5573,"NS",127,-5
"20372",26203,7514,5761,"NS",127,-5
"20373",26204,7514,5617,"NS",127,-5
"20374",26205,7514,5315,"NS",127,-5
"20375",26206,7514,5622,"NS",127,-5
"20376",26207,7514,5654,"NS",127,-5
"20377",26208,7514,5753,"NS",127,-5
"20378",26209,7514,5757,"NS",127,-5
"20379",26210,7514,5561,"NS",127,-5
"20380",26211,7514,5167,"NS",127,-5
"20381",26212,7514,5497,"NS",127,-5
"20382",26213,7514,5752,"NS",127,-5
"20383",26214,7514,5680,"NS",127,-5
"20384",26215,7514,5240,"NS",127,-5
"20385",26216,7515,6083,"FLOAT",127,-5
"20386",26217,7515,6628,"FLOAT",127,-5
"20387",26218,7515,6631,"FLOAT",127,-5
"20388",26219,7515,6614,"FLOAT",127,-5
"20389",26220,7515,5516,"NS",127,-5
"20390",26221,7515,3093,"NS",127,-5
"20391",26222,7515,6081,"NS",127,-5
"20392",26223,7515,6075,"NS",127,-5
"20393",26224,7515,5609,"NS",127,-5
"20394",26225,7515,5313,"NS",127,-5
"20395",26226,7515,5539,"NS",127,-5
"20396",26227,7515,5515,"NS",127,-5
"20397",26228,7515,5540,"NS",127,-5
"20398",26229,7515,5754,"NS",127,-5
"20399",26230,7515,5531,"NS",127,-5
"20400",26231,7515,5603,"NS",127,-5
"20401",26232,7515,5632,"NS",127,-5
"20402",26233,7515,6085,"NS",127,-5
"20403",26234,7515,5763,"NS",127,-5
"20404",26235,7515,5623,"NS",127,-5
"20405",26236,7515,5762,"NS",127,-5
"20406",26237,7515,6078,"NS",127,-5
"20407",26238,7515,6084,"NS",127,-5
"20408",26239,7515,5532,"NS",127,-5
"20409",26240,7515,5747,"NS",127,-5
"20410",26241,7515,5457,"NS",127,-5
"20411",26242,7515,5316,"NS",127,-5
"20412",26243,7515,6593,"NS",127,-5
"20413",26244,7516,5457,"NS",157,-5
"20414",26245,7516,5532,"NS",157,-5
"20415",26246,7516,5632,"NS",157,-5
"20416",26247,7516,5623,"NS",157,-5
"20417",26248,7516,5609,"NS",157,-5
"20418",26249,7516,6085,"NS",157,-5
"20419",26250,7516,5313,"NS",157,-5
"20420",26251,7516,5516,"NS",157,-5
"20421",26252,7516,6081,"NS",157,-5
"20422",26253,7516,5531,"NS",157,-5
"20423",26254,7516,6084,"NS",157,-5
"20424",26255,7516,5515,"NS",157,-5
"20425",26256,7516,5540,"NS",157,-5
"20426",26257,7516,5316,"NS",157,-5
"20427",26258,7516,5747,"NS",157,-5
"20428",26259,7516,5603,"NS",157,-5
"20429",26260,7516,5762,"NS",157,-5
"20430",26261,7516,6078,"NS",157,-5
"20431",26262,7516,6076,"NS",157,-5
"20432",26263,7516,5763,"NS",157,-5
"20433",26264,7516,5754,"NS",157,-5
"20434",26265,7516,3093,"NS",157,-5
"20435",26266,7516,6083,"NS",157,-5
"20436",26267,7516,1791,"NS",157,-5
"20437",26268,7516,5240,"NS",157,-5
"20438",26269,7516,5315,"NS",157,-5
"20439",26270,7516,5167,"NS",157,-5
"20440",26271,7516,5497,"NS",157,-5
"20441",26272,7516,5654,"NS",157,-5
"20442",26273,7516,5761,"NS",157,-5
"20443",26274,7516,5760,"NS",157,-5
"20444",26275,7516,5757,"NS",157,-5
"20445",26276,7516,5756,"NS",157,-5
"20446",26277,7516,5753,"NS",157,-5
"20447",26278,7516,5617,"NS",157,-5
"20448",26279,7516,5680,"NS",157,-5
"20449",26280,7516,5622,"NS",157,-5
"20450",26281,7516,5619,"NS",157,-5
"20451",26282,7516,1765,"NS",157,-5
"20452",26283,7516,5574,"NS",157,-5
"20453",26284,7516,5573,"NS",157,-5
"20454",26285,7516,5561,"NS",157,-5
"20455",26286,7516,5752,"NS",157,-5
"20456",26287,7516,5539,"NS",157,-5
"20457",26288,7516,5758,"NS",157,-5
"20458",26289,7516,6075,"NS",157,-5
"20459",26290,7516,6593,"NS",157,-5
"20460",26291,7517,6614,"FLOAT",157,-5
"20461",26292,7517,6628,"FLOAT",157,-5
"20462",26293,7517,6631,"FLOAT",157,-5
"20463",26294,445,1897,"CH",30,2
"20464",26295,494,1896,"CH",30,67
"20465",26296,444,1895,"CH",30,1
"20466",29196,7528,6215,"BrF",159,1
"20467",29197,7528,6144,"BrM",159,1
"20468",29198,7529,5517,"BrF",159,2
"20469",29199,7529,2960,"BrM",159,2
"20470",29200,7529,6668,"FL",159,2
"20471",29201,7529,6372,"SEEN2",159,2
"20472",29202,7530,6034,"BrF",159,616
"20473",29203,7530,5853,"BrM",159,616
"20474",29205,7531,3086,"BrF",159,3
"20475",29206,7531,5829,"BrM",159,3
"20476",29207,7531,6667,"AB",159,3
"20477",29209,7532,1660,"BrF",159,8
"20478",29210,7532,5837,"BrM",159,8
"20479",29211,7533,1826,"BrF",159,9
"20480",29212,7533,5624,"BrM",159,9
"20481",29215,7534,6373,"BrF",159,12
"20482",29216,7534,6156,"BrM",159,12
"20483",29218,7534,6547,"SEEN1",159,12
"20484",29219,7573,6229,"BrF",159,13
"20485",29220,7573,6155,"BrM",159,13
"20486",29221,7573,6571,"H",159,13
"20487",29223,7535,5657,"BrF",159,15
"20488",29224,7535,1762,"BrM",159,15
"20489",29225,7535,6575,"AB",159,15
"20490",29226,7568,6199,"BrF",159,16
"20491",29227,7568,5235,"BrM",159,16
"20492",29229,7536,3085,"BrF",159,20
"20493",29230,7536,6045,"BrM",159,20
"20494",29231,7537,5630,"BrF",159,24
"20495",29232,7537,2966,"BrM",159,24
"20496",29233,7537,6555,"ABX",159,24
"20497",29234,7537,6563,"ABX",159,24
"20498",29235,7538,6160,"BrF",159,26
"20499",29236,7538,5595,"BrM",159,26
"20500",29238,7569,3490,"BrF",159,27
"20501",29239,7569,3087,"BrM",159,27
"20502",29240,7569,6547,"ABX",159,27
"20503",29241,7569,6645,"ABX",159,27
"20504",29242,7569,3497,"SEEN1",159,27
"20505",29243,7570,5843,"BrF",159,28
"20506",29244,7570,6189,"BrM",159,28
"20507",29245,7570,6230,"AB",159,28
"20508",29246,7571,3497,"BrF",159,32
"20509",29247,7571,6314,"BrM",159,32
"20510",29249,7526,5823,"BrF",159,617
"20511",29250,7526,5839,"BrM",159,617
"20512",29251,7526,6559,"AB",159,617
"20513",29253,7539,5833,"BrF",159,34
"20514",29254,7539,6219,"BrM",159,34
"20515",29256,7616,6159,"BrF",159,36
"20516",29257,7616,5679,"BrM",159,36
"20517",29258,7616,6557,"AB",159,36
"20518",29259,7540,6217,"BrF",159,605
"20519",29260,7540,6309,"BrM",159,605
"20520",29261,7540,6568,"AB",159,605
"20521",29264,7541,6546,"BrF",159,39
"20522",29265,7541,6210,"BrM",159,39
"20523",29266,7520,3462,"BrF",159,40
"20524",29267,7520,5590,"BrM",159,40
"20525",29269,7586,6145,"BrF",159,41
"20526",29270,7586,5588,"BrM",159,41
"20527",29271,7586,6671,"H",159,41
"20528",29273,7542,6211,"BrF",159,43
"20529",29274,7542,6011,"BrM",159,43
"20530",29275,7542,6574,"ABX",159,43
"20531",29276,7574,5465,"BrF",159,45
"20532",29277,7574,6231,"BrM",159,45
"20533",29278,7574,5846,"H",159,45
"20534",29279,7543,5611,"BrF",159,46
"20535",29280,7543,1868,"BrM",159,46
"20536",29281,7575,6138,"BrF",159,47
"20537",29282,7575,5513,"BrM",159,47
"20538",29284,7575,6548,"SEEN2",159,47
"20539",29285,7577,6274,"BrF",159,48
"20540",29286,7577,6213,"BrM",159,48
"20541",29287,7577,6655,"AB",159,48
"20542",29288,7577,6261,"SEEN1",159,48
"20543",29289,7576,6174,"BrF",159,50
"20544",29290,7576,6382,"BrM",159,50
"20545",29291,7544,6036,"BrF",159,618
"20546",29292,7544,6163,"BrM",159,618
"20547",29293,7544,6161,"H",159,618
"20548",29296,7587,3094,"BrF",159,53
"20549",29297,7587,5855,"BrM",159,53
"20550",29298,7587,6570,"AB",159,53
"20551",29300,7607,5641,"BrF",159,55
"20552",29301,7607,5776,"BrM",159,55
"20553",29302,7607,6653,"H",159,55
"20554",29304,7579,5514,"BrF",159,57
"20555",29305,7579,5321,"BrM",159,57
"20556",29306,7579,5640,"H",159,57
"20557",29307,7579,6572,"AB",159,57
"20558",29309,7617,6554,"BrF",159,58
"20559",29310,7617,5779,"BrM",159,58
"20560",29311,7617,6216,"SEEN1",159,58
"20561",29312,7593,6048,"BrF",159,59
"20562",29313,7593,6158,"BrM",159,59
"20563",29314,7578,6279,"BrF",159,60
"20564",29315,7578,5523,"BrM",159,60
"20565",29316,7580,6214,"BrF",159,62
"20566",29317,7580,5291,"BrM",159,62
"20567",29318,7580,6656,"AB",159,62
"20568",29320,7518,5901,"BrF",159,63
"20569",29321,7518,6019,"BrM",159,63
"20570",29322,7518,5319,"H",159,63
"20571",29323,7518,6654,"FL",159,63
"20572",29324,7599,6187,"BrF",159,64
"20573",29325,7599,6261,"BrM",159,64
"20574",29326,7519,6191,"BrF",159,68
"20575",29327,7519,6164,"BrM",159,68
"20576",29328,7519,6677,"FL",159,68
"20577",29329,7519,6548,"SEEN1",159,68
"20578",29330,7519,5337,"H",159,68
"20579",29331,7534,5621,"TBRF",159,12
"20580",29332,7588,6068,"BrF",159,602
"20581",29333,7588,5826,"BrM",159,602
"20582",29335,7596,6652,"BrF",159,70
"20583",29336,7596,6166,"BrM",159,70
"20584",29337,7596,6658,"ABX",159,70
"20585",29339,7521,4917,"BrF",159,71
"20586",29340,7521,6370,"BrM",159,71
"20587",29341,7521,5543,"H",159,71
"20588",29342,7521,6162,"H",159,71
"20589",29343,7521,6675,"FL",159,71
"20590",29344,7521,6548,"SEEN2",159,71
"20591",29345,7521,6191,"SEEN1",159,71
"20592",29346,7521,6558,"SEEN1",159,71
"20593",29347,7524,5452,"BrF",159,72
"20594",29348,7524,6029,"BrM",159,72
"20595",29349,7524,6676,"FL",159,72
"20596",29350,7545,6139,"BrF",159,75
"20597",29351,7545,6018,"BrM",159,75
"20598",29353,7522,4958,"BrF",159,77
"20599",29354,7522,5626,"BrM",159,77
"20600",29355,7522,6665,"FL",159,77
"20601",29357,7546,5597,"BrF",159,79
"20602",29358,7546,5602,"BrM",159,79
"20603",29359,7546,6569,"SEEN2",159,79
"20604",29360,7548,5589,"BrF",159,633
"20605",29361,7548,6267,"BrM",159,633
"20606",29362,7548,6551,"ABX",159,633
"20607",29364,7547,5537,"BrF",159,81
"20608",29365,7547,4947,"BrM",159,81
"20609",29367,7547,6372,"SEEN2",159,81
"20610",29368,7547,6207,"SEEN1",159,81
"20611",29369,7549,5530,"BrF",159,82
"20612",29370,7549,6026,"ABX",159,82
"20613",29371,7611,6272,"BrF",159,637
"20614",29372,7611,6221,"BrM",159,637
"20615",29373,7550,5854,"BrF",159,83
"20616",29374,7550,5822,"BrM",159,83
"20617",29375,7550,6666,"FL",159,83
"20618",29376,7550,6661,"FL",159,83
"20619",29377,7612,6044,"BrF",159,85
"20620",29378,7612,6222,"BrM",159,85
"20621",29379,7612,6376,"ABX",159,85
"20622",29380,7585,6143,"BrF",159,86
"20623",29381,7585,3089,"BrM",159,86
"20624",29383,7615,6200,"BrM",159,738
"20625",29385,7594,5851,"BrF",159,99
"20626",29386,7594,6032,"BrM",159,99
"20627",29388,7551,3595,"BrF",159,90
"20628",29389,7551,5292,"BrM",159,90
"20629",29390,7552,5845,"BrF",159,94
"20630",29391,7552,6167,"BrM",159,94
"20631",29392,7552,6663,"FL",159,94
"20632",29393,7600,6181,"BrF",159,95
"20633",29394,7600,4872,"BrM",159,95
"20634",29395,7600,6659,"ABX",159,95
"20635",29396,7553,5521,"BrF",159,96
"20636",29397,7553,6146,"BrM",159,96
"20637",29398,7554,6185,"BrF",159,98
"20638",29399,7554,1708,"BrM",159,98
"20639",29400,7555,6061,"BrF",159,100
"20640",29401,7555,5547,"BrM",159,100
"20641",29402,7555,6381,"AB",159,100
"20642",29404,7603,5128,"BrF",159,101
"20643",29405,7601,6195,"BrF",159,105
"20644",29406,7601,6249,"BrM",159,105
"20645",29407,7618,6644,"BrF",159,109
"20646",29408,7618,3643,"BrM",159,109
"20647",29409,7618,6660,"SEEN1",159,109
"20648",29411,7618,5909,"SEEN1",159,109
"20649",29412,7529,6388,"ABX",159,2
"20650",29413,7618,6547,"SEEN1",159,109
"20651",29415,7567,6186,"BrF",159,110
"20652",29416,7567,6384,"BrM",159,110
"20653",29417,7567,6556,"SEEN2",159,110
"20654",29420,7572,5212,"BrF",159,111
"20655",29421,7572,5559,"BrM",159,111
"20656",29423,7572,6562,"SEEN1",159,111
"20657",29424,7556,1707,"BrF",159,112
"20658",29425,7556,5820,"BrM",159,112
"20659",29426,7556,5909,"H",159,112
"20660",29427,7556,6650,"AB",159,112
"20661",29429,7584,6647,"BrF",159,116
"20662",29430,7584,3486,"BrM",159,116
"20663",29431,7610,3698,"BrF",159,118
"20664",29432,7610,6158,"BrM",159,118
"20665",29433,7557,5749,"BrF",159,123
"20666",29434,7557,5639,"BrM",159,123
"20667",29435,7557,6558,"H",159,123
"20668",29437,7527,3596,"BrF",159,125
"20669",29438,7527,1877,"BrM",159,125
"20670",29439,7527,5596,"H",159,125
"20671",29440,7527,6670,"ABX",159,125
"20672",29441,7583,6022,"BrF",159,126
"20673",29442,7583,5522,"NS",159,126
"20674",29443,7583,6313,"ABX",159,126
"20675",29445,7598,6188,"BrF",159,636
"20676",29446,7598,6216,"BrM",159,636
"20677",29447,7582,4965,"BrF",159,127
"20678",29448,7582,5643,"BrM",159,127
"20679",29449,7606,5644,"BrF",159,128
"20680",29450,7606,5904,"BrM",159,128
"20681",29451,7606,6228,"H",159,128
"20682",29453,7581,5173,"BrF",159,129
"20683",29454,7581,5904,"BrM",159,129
"20684",29455,7590,6377,"BrF",159,134
"20685",29456,7590,5456,"BrM",159,134
"20686",29457,7591,5633,"BrF",159,135
"20687",29458,7591,6184,"BrM",159,135
"20688",29459,7619,5904,"BrM",159,137
"20689",29460,7619,6669,"BrF",159,137
"20690",29461,7608,3451,"BrF",159,138
"20691",29462,7608,6196,"BrM",159,138
"20692",29463,7608,5600,"H",159,138
"20693",29464,7558,6169,"BrF",159,140
"20694",29465,7558,6170,"BrM",159,140
"20695",29466,7613,6009,"BrF",159,154
"20696",29467,7613,6249,"BrM",159,154
"20697",29468,7620,4885,"BrF",159,155
"20698",29469,7620,6648,"BrM",159,155
"20699",29470,7589,5075,"BrF",159,157
"20700",29471,7589,5583,"BrM",159,157
"20701",29472,7589,6657,"H",159,157
"20702",29474,7589,4861,"SEEN1",159,157
"20703",29475,7589,6196,"SEEN2",159,157
"20704",29476,7559,4861,"BrF",159,159
"20705",29477,7559,5583,"BrM",159,159
"20706",29479,7559,6207,"SEEN2",159,159
"20707",29480,7597,5132,"BrF",159,160
"20708",29481,7597,6651,"BrM",159,160
"20709",29482,7597,6555,"SEEN1",159,160
"20710",29483,7560,5634,"BrF",159,165
"20711",29484,7560,6567,"BrM",159,165
"20712",29486,7561,3699,"BrF",159,169
"20713",29487,7561,5821,"BrM",159,169
"20714",29488,7562,6233,"BrF",159,173
"20715",29489,7562,6172,"BrM",159,173
"20716",29490,7595,5162,"BrF",159,174
"20717",29491,7595,5077,"BrM",159,174
"20718",29493,7605,5545,"BrF",159,177
"20719",29494,7605,6565,"BrM",159,177
"20720",29496,7525,5511,"BrF",159,178
"20721",29497,7525,2974,"BrM",159,178
"20722",29498,7525,6649,"AB",159,178
"20723",29499,7563,5838,"BrF",159,179
"20724",29500,7563,2991,"BrM",159,179
"20725",29501,7563,6378,"H",159,179
"20726",29502,7563,6662,"FL",159,179
"20727",29503,7563,4947,"SEEN1",159,179
"20728",29504,7614,5621,"BrF",159,172
"20729",29505,7614,6171,"BrM",159,172
"20730",29507,7614,6230,"SEEN1",159,172
"20731",29508,7614,6672,"SEEN1",159,172
"20732",29509,7564,6028,"BrF",159,407
"20733",29510,7564,3456,"BrM",159,407
"20734",29511,7564,6673,"SEEN1",159,407
"20735",29513,7564,1826,"SEEN1",159,407
"20736",29514,7565,5683,"BrF",159,478
"20737",29515,7565,6375,"BrM",159,478
"20738",29517,7565,6215,"SEEN1",159,478
"20739",29518,7565,6372,"SEEN1",159,478
"20740",29519,7565,6294,"SEEN1",159,478
"20741",29520,7523,5524,"BrF",159,480
"20742",29521,7523,4860,"BrM",159,480
"20743",29522,7523,6374,"H",159,480
"20744",29523,7523,6550,"AB",159,480
"20745",29525,7592,5549,"BrF",159,479
"20746",29526,7592,5612,"BrM",159,479
"20747",29527,7592,6307,"H",159,479
"20748",29528,7592,6561,"AB",159,479
"20749",29530,7566,5635,"BrF",159,481
"20750",29531,7566,6193,"BrM",159,481
"20751",29532,7566,6375,"SEEN1",159,481
"20752",29534,7604,5009,"BrF",159,516
"20753",29535,7604,5850,"BrM",159,516
"20754",29536,7604,6678,"FL",159,516
"20755",29538,7621,6064,"BrF",159,662
"20756",29539,7621,6152,"BrM",159,662
"20757",29540,7609,6168,"BrF",159,664
"20758",29541,7609,6146,"BrM",159,664
"20759",29542,7609,6664,"CH",159,664
"20760",29543,7529,6385,"U",159,2
"20761",29544,7602,6226,"BrF",159,121
"20762",29545,7530,6646,"SEEN2",159,616
"20763",29546,7610,6674,"CH",159,118
"20764",29547,7567,5598,"NS",159,110
"20765",29548,7567,6012,"NS",159,110
"20766",29549,7617,5613,"NS",159,58
"20767",29550,7578,1821,"NS",159,60
"20768",29551,7545,5575,"NS",159,75
"20769",29552,7548,6067,"NS",159,633
"20770",29553,7594,6175,"NS",159,99
"20771",29554,7584,5652,"NS",159,116
"20772",29555,7620,6050,"NS",159,155
"20773",29556,7562,6030,"NS",159,173
"20774",29557,7614,3594,"NS",159,172
"20775",29558,7594,6556,"SEEN1",159,99
"20776",29559,7549,6222,"BrM",159,82
"20777",29560,7320,6187,"NSA",144,13
"20778",29561,7383,6294,"NSA",144,112
"20779",29562,7603,6311,"NS",159,101
"20780",29563,7560,6560,"NS",159,165
"20781",29564,7518,1042,"NS",159,63
"20782",29565,7582,6552,"NS",159,127
"20783",29566,7552,6386,"NS",159,94
"20784",29567,7572,6383,"NS",159,111
"20785",29568,7529,5825,"NS",159,2
"20786",29569,7552,5174,"NS",159,94
"20787",29570,7533,5841,"NS",159,9
"20788",29571,7611,5283,"NS",159,637
"20789",29572,7593,6203,"NS",159,59
"20790",29573,7605,5638,"NS",159,177
"20791",29574,7610,6183,"NS",159,118
"20792",29575,7603,5606,"NS",159,101
"20793",29576,7556,1710,"NS",159,112
"20794",29577,7613,6566,"NS",159,154
"20795",29578,7619,5908,"NS",159,137
"20796",29579,7594,4954,"NS",159,99
"20797",29580,7558,6198,"NS",159,140
"20798",29581,7596,1716,"NS",159,70
"20799",29582,7528,1750,"NS",159,1
"20800",29583,7560,6379,"NS",159,165
"20801",29584,7608,6369,"NS",159,138
"20802",29585,7577,4896,"NS",159,48
"20803",29586,7518,6310,"NS",159,63
"20804",29587,7581,6227,"NS",159,129
"20805",29588,7553,6218,"NS",159,96
"20806",29589,7555,6206,"NS",159,100
"20807",29590,7590,5518,"NS",159,134
"20808",29591,7618,1580,"NS",159,109
"20809",29592,7576,6194,"NS",159,50
"20810",29593,7611,6182,"NS",159,637
"20811",29594,7575,5750,"NS",159,47
"20812",29595,7576,5834,"NS",159,50
"20813",29596,7571,5835,"NS",159,32
"20814",29597,7575,6136,"NS",159,47
"20815",29598,7540,6024,"NS",159,605
"20816",29599,7581,6573,"NS",159,129
"20817",29600,7611,6553,"NS",159,637
"20818",29601,7556,6564,"NS",159,112
"20819",29602,7531,6549,"NS",159,3
"20820",29603,7521,6027,"NS",159,71
"20821",29604,7581,6202,"NS",159,129
"20822",29605,3832,1893,"ABX",75,95
"20823",29606,3862,3695,"H",75,155
"20824",29607,3843,3646,"H",75,112
"20825",29608,4796,5145,"SEEN1",92,165
"20826",29609,4710,5197,"SEEN1",92,20
"20827",29610,7622,6548,"FLOAT",159,-3
"20828",29611,7627,6215,"BrF",161,1
"20829",29612,7627,6144,"BrM",161,1
"20830",29613,7628,6690,"BrF",161,2
"20831",29614,7628,6385,"BrM",161,2
"20832",29615,7628,6668,"ABX",161,2
"20833",29616,7629,6034,"BrF",161,616
"20834",29617,7629,5853,"BrM",161,616
"20835",29618,7630,3086,"BrF",161,3
"20836",29619,7630,5829,"BrM",161,3
"20837",29620,7630,6667,"ABX",161,3
"20838",29621,7631,6659,"BrF",161,8
"20839",29622,7631,5837,"BrM",161,8
"20840",29623,7632,1826,"BrF",161,9
"20841",29624,7632,5624,"BrM",161,9
"20842",29625,7632,6693,"SEEN1",161,9
"20843",29627,7633,6279,"SEEN1",161,12
"20844",29628,7634,6229,"BrF",161,13
"20845",29629,7634,6155,"BrM",161,13
"20846",29630,7634,6571,"ABX",161,13
"20847",29631,7634,6702,"OFL",161,13
"20848",29632,7634,6697,"OFL",161,13
"20849",29633,7635,5657,"BrF",161,15
"20850",29634,7635,1762,"BrM",161,15
"20851",29636,7636,5235,"BrM",161,16
"20852",29637,7636,6199,"BrF",161,16
"20853",29638,7636,6707,"OFL",161,16
"20854",29639,7636,6658,"SEEN1",161,16
"20855",29640,7637,3085,"BrF",161,20
"20856",29641,7637,6045,"BrM",161,20
"20857",29643,7637,6375,"SEEN1",161,20
"20858",29644,7638,5630,"BrF",161,24
"20859",29645,7638,2966,"BrM",161,24
"20860",29646,7639,6160,"BrF",161,26
"20861",29647,7639,5595,"BrM",161,26
"20862",29648,7640,3490,"BrF",161,27
"20863",29649,7640,6645,"ABX",161,27
"20864",29650,7640,6700,"OFL",161,27
"20865",29651,7640,6671,"SEEN1",161,27
"20866",29652,7641,5843,"BrF",161,28
"20867",29653,7641,6230,"BrM",161,28
"20868",29654,7642,3497,"BrF",161,32
"20869",29655,7642,6557,"BrM",161,32
"20870",29657,7643,5823,"BrF",161,617
"20871",29658,7643,5839,"BrM",161,617
"20872",29659,7644,5833,"BrF",161,34
"20873",29660,7644,6219,"BrM",161,34
"20874",29661,7645,6217,"BrF",161,605
"20875",29663,7646,6159,"BrF",161,36
"20876",29664,7646,5679,"BrM",161,36
"20877",29665,7646,6559,"SEEN1",161,36
"20878",29666,7645,6309,"BrM",161,605
"20879",29668,7647,6546,"BrF",161,39
"20880",29669,7647,6210,"BrM",161,39
"20881",29670,7648,3462,"BrF",161,40
"20882",29671,7648,5590,"BrM",161,40
"20883",29672,7649,6145,"BrF",161,41
"20884",29673,7649,6671,"BrM",161,41
"20885",29675,7650,6211,"BrF",161,43
"20886",29676,7650,6011,"BrM",161,43
"20887",29677,7651,5465,"BrF",161,45
"20888",29678,7651,6231,"BrM",161,45
"20889",29679,7652,5611,"BrF",161,46
"20890",29680,7652,1868,"BrM",161,46
"20891",29681,7653,6570,"SEEN1",161,53
"20892",29682,7654,6138,"BrF",161,47
"20893",29683,7654,5513,"BrM",161,47
"20894",29684,7654,6703,"OFL",161,47
"20895",29685,7655,6274,"BrF",161,48
"20896",29686,7655,6213,"BrM",161,48
"20897",29687,7655,6655,"ABX",161,48
"20898",29688,7655,6558,"ABX",161,48
"20899",29689,7656,6660,"BrF",161,50
"20900",29690,7656,6548,"BrM",161,50
"20901",29691,7657,6036,"BrF",161,618
"20902",29692,7657,6163,"BrM",161,618
"20903",29693,7657,6161,"ABX",161,618
"20904",29694,7657,6705,"OFL",161,618
"20905",29695,7653,3094,"BrF",161,53
"20906",29696,7653,5855,"BrM",161,53
"20907",29697,7653,6691,"OFL",161,53
"20908",29698,7658,5641,"BrF",161,55
"20909",29699,7658,5776,"BrM",161,55
"20910",29700,7658,6653,"H",161,55
"20911",29702,7659,5514,"BrF",161,57
"20912",29703,7659,6572,"ABX",161,57
"20913",29704,7659,5640,"ABX",161,57
"20914",29705,7660,6554,"BrF",161,58
"20915",29706,7660,5779,"BrM",161,58
"20916",29707,7661,6048,"BrF",161,59
"20917",29708,7661,6158,"BrM",161,59
"20918",29709,7662,6568,"BrF",161,60
"20919",29710,7662,5523,"BrM",161,60
"20920",29711,7663,6214,"BrF",161,62
"20921",29712,7663,5291,"BrM",161,62
"20922",29713,7663,6708,"OFL",161,62
"20923",29715,7626,6019,"BrM",161,63
"20924",29716,7626,5319,"H",161,63
"20925",29717,7626,6654,"ABX",161,63
"20926",29718,7664,6187,"BrF",161,64
"20927",29719,7664,6261,"BrM",161,64
"20928",29720,7665,6191,"BrF",161,68
"20929",29721,7665,6164,"BrM",161,68
"20930",29722,7665,6677,"ABX",161,68
"20931",29723,7666,6068,"BrF",161,602
"20932",29724,7666,5826,"BrM",161,602
"20933",29725,7667,6652,"BrF",161,70
"20934",29726,7667,6166,"BrM",161,70
"20935",29727,7668,4917,"BrF",161,71
"20936",29728,7668,6370,"BrM",161,71
"20937",29729,7668,6162,"ABX",161,71
"20938",29730,7668,5543,"ABX",161,71
"20939",29731,7668,6675,"SEEN1",161,71
"20940",29732,7669,5452,"BrF",161,72
"20941",29733,7669,6029,"BrM",161,72
"20942",29734,7669,6676,"ABX",161,72
"20943",29735,7670,6139,"BrF",161,75
"20944",29736,7670,6018,"BrM",161,75
"20945",29737,7670,6692,"OFL",161,75
"20946",29738,7671,4958,"BrF",161,77
"20947",29739,7671,5626,"BrM",161,77
"20948",29740,7671,6665,"SEEN1",161,77
"20949",29741,7672,5597,"BrF",161,79
"20950",29742,7672,5602,"BrM",161,79
"20951",29743,7672,6569,"SEEN1",161,79
"20952",29744,7673,5589,"BrF",161,633
"20953",29745,7673,6267,"BrM",161,633
"20954",29746,7674,5537,"BrF",161,81
"20955",29747,7674,6547,"ABX",161,81
"20956",29748,7675,6272,"BrF",161,637
"20957",29749,7675,6221,"BrM",161,637
"20958",29750,7676,5854,"BrF",161,83
"20959",29751,7676,5822,"BrM",161,83
"20960",29752,7676,6666,"SEEN2",161,83
"20961",29753,7623,6044,"BrF",161,85
"20962",29754,7623,6222,"BrM",161,85
"20963",29755,7623,6026,"H",161,85
"20964",29757,7677,6143,"BrF",161,86
"20965",29758,7677,3089,"BrM",161,86
"20966",29759,7677,6694,"OFL",161,86
"20967",29760,7677,6695,"SEEN1",161,86
"20968",29761,7677,6272,"SEEN1",161,86
"20969",29762,7678,5292,"BrM",161,90
"20970",29763,7678,6556,"SEEN1",161,90
"20971",29764,7679,5845,"BrF",161,94
"20972",29765,7679,6167,"BrM",161,94
"20973",29766,7679,6663,"SEEN1",161,94
"20974",29767,7680,6181,"BrF",161,95
"20975",29768,7680,4872,"BrM",161,95
"20976",29769,7625,5521,"BrF",161,96
"20977",29770,7625,6146,"BrM",161,96
"20978",29771,7681,6185,"BrF",161,98
"20979",29772,7681,1708,"BrM",161,98
"20980",29773,7682,5851,"BrF",161,99
"20981",29774,7682,6032,"BrM",161,99
"20982",29775,7682,6688,"OFL",161,99
"20983",29776,7683,6061,"BrF",161,100
"20984",29777,7683,5547,"BrM",161,100
"20985",29778,7683,6381,"ABX",161,100
"20986",29779,7684,5128,"BrF",161,101
"20987",29780,7684,6376,"BrM",161,101
"20988",29781,7685,6195,"BrF",161,105
"20989",29782,7686,6644,"BrF",161,109
"20990",29783,7686,3643,"BrM",161,109
"20991",29784,7687,6186,"BrF",161,110
"20992",29785,7687,6384,"BrM",161,110
"20993",29786,7688,5212,"BrF",161,111
"20994",29787,7688,5559,"BrM",161,111
"20995",29789,7688,6562,"SEEN1",161,111
"20996",29790,7688,6556,"SEEN1",161,111
"20997",29791,7688,6656,"SEEN1",161,111
"20998",29792,7688,6207,"SEEN2",161,111
"20999",29793,7689,1707,"BrF",161,112
"21000",29794,7689,5820,"BrM",161,112
"21001",29795,7689,5909,"ABX",161,112
"21002",29796,7689,6650,"ABX",161,112
"21003",29797,7689,6709,"OFL",161,112
"21004",29798,7689,6710,"OFL",161,112
"21005",29799,7690,6647,"BrF",161,116
"21006",29800,7690,3486,"BrM",161,116
"21007",29801,7691,3698,"BrF",161,118
"21008",29802,7692,5749,"BrF",161,123
"21009",29803,7692,5639,"BrM",161,123
"21010",29804,7692,6706,"OFL",161,123
"21011",29805,7693,1877,"BrM",161,125
"21012",29806,7693,5596,"ABX",161,125
"21013",29807,7694,6022,"BrF",161,126
"21014",29808,7694,6313,"ABX",161,126
"21015",29809,7695,6188,"BrF",161,636
"21016",29810,7695,6216,"BrM",161,636
"21017",29811,7696,4965,"BrF",161,127
"21018",29812,7696,5643,"BrM",161,127
"21019",29813,7697,5644,"BrF",161,128
"21020",29814,7697,5904,"BrM",161,128
"21021",29815,7624,5173,"BrF",161,129
"21022",29816,7624,5904,"BrM",161,129
"21023",29817,7624,6699,"FL",161,129
"21024",29818,7698,6377,"BrF",161,134
"21025",29819,7698,5456,"BrM",161,134
"21026",29820,7699,5633,"BrF",161,135
"21027",29821,7699,6184,"BrM",161,135
"21028",29822,7700,6649,"BrM",161,137
"21029",29823,7700,6372,"BrF",161,137
"21030",29824,7701,3451,"BrF",161,138
"21031",29825,7701,6196,"BrM",161,138
"21032",29826,7701,5600,"ABX",161,138
"21033",29827,7702,6169,"BrF",161,140
"21034",29828,7702,6170,"BrM",161,140
"21035",29830,7702,6695,"SEEN1",161,140
"21036",29831,7702,6381,"SEEN1",161,140
"21037",29832,7703,6009,"BrF",161,154
"21038",29833,7703,6249,"BrM",161,154
"21039",29834,7703,6696,"ABX",161,154
"21040",29835,7704,4885,"BrF",161,155
"21041",29836,7704,6689,"BrM",161,155
"21042",29838,7704,6170,"SEEN1",161,155
"21043",29839,7705,5075,"BrF",161,157
"21044",29840,7705,5583,"BrM",161,157
"21045",29841,7705,6657,"ABX",161,157
"21046",29843,7706,4861,"BrF",161,159
"21047",29844,7706,5583,"BrM",161,159
"21048",29845,7707,6657,"BrF",161,160
"21049",29846,7707,6651,"BrM",161,160
"21050",29847,7708,5634,"BrF",161,165
"21051",29848,7708,6567,"BrM",161,165
"21052",29849,7708,6704,"SEEN1",161,165
"21053",29850,7709,6669,"BrF",161,167
"21054",29852,7710,3699,"BrF",161,169
"21055",29853,7710,5821,"BrM",161,169
"21056",29854,7711,6233,"BrF",161,173
"21057",29855,7711,6172,"BrM",161,173
"21058",29856,7712,5162,"BrF",161,174
"21059",29857,7712,5077,"BrM",161,174
"21060",29859,7713,5545,"BrF",161,177
"21061",29860,7713,6565,"BrM",161,177
"21062",29862,7713,6381,"SEEN1",161,177
"21063",29863,7714,5511,"BrF",161,178
"21064",29864,7714,2974,"BrM",161,178
"21065",29865,7714,6649,"ABX",161,178
"21066",29866,7715,5838,"BrF",161,179
"21067",29867,7715,2991,"BrM",161,179
"21068",29868,7716,5621,"BrF",161,172
"21069",29869,7716,6171,"BrM",161,172
"21070",29870,7715,6662,"SEEN1",161,179
"21071",29871,7717,6028,"BrF",161,407
"21072",29872,7717,3456,"BrM",161,407
"21073",29873,7717,6673,"ABX",161,407
"21074",29874,7717,6698,"OFL",161,407
"21075",29875,7718,5683,"BrF",161,478
"21076",29876,7718,6375,"BrM",161,478
"21077",29877,7718,6701,"OFL",161,478
"21078",29878,7719,5524,"BrF",161,480
"21079",29879,7719,4860,"BrM",161,480
"21080",29881,7720,5549,"BrF",161,479
"21081",29882,7720,5612,"BrM",161,479
"21082",29883,7720,6561,"ABX",161,479
"21083",29884,7720,6307,"ABX",161,479
"21084",29886,7721,6193,"BrM",161,481
"21085",29888,7722,5009,"BrF",161,516
"21086",29889,7722,5850,"BrM",161,516
"21087",29890,7723,6064,"BrF",161,662
"21088",29891,7723,6152,"BrM",161,662
"21089",29892,7724,6168,"BrF",161,664
"21090",29893,7724,6146,"BrM",161,664
"21091",29894,7725,6551,"BrF",161,738
"21092",29895,7725,6200,"BrM",161,738
"21093",29896,7726,6550,"BrF",161,740
"21094",29897,7726,6374,"BrM",161,740
"21095",29898,7628,5517,"NS",161,2
"21096",29899,7628,2960,"NS",161,2
"21097",29902,7631,1660,"NS",161,8
"21098",29904,7727,6555,"NS",161,11
"21099",29905,7633,6156,"NS",161,12
"21100",29906,7633,6373,"NS",161,12
"21101",29907,7635,6575,"NS",161,15
"21102",29908,7638,6563,"NSA",161,24
"21103",29911,7640,3087,"BrM",161,27
"21104",29912,7641,6189,"NS",161,28
"21105",29913,7642,6314,"NS",161,32
"21106",29916,7649,5588,"NS",161,41
"21107",29917,7650,6574,"NS",161,43
"21108",29918,7651,5846,"NSA",161,45
"21109",29919,7656,6174,"NSA",161,50
"21110",29920,7656,6382,"NS",161,50
"21111",29923,7659,5321,"BrM",161,57
"21112",29925,7626,5901,"BrF",161,63
"21113",29926,7665,5337,"NSA",161,68
"21114",29930,7674,4947,"BrM",161,81
"21115",29932,7623,5530,"NSA",161,85
"21116",29933,7676,6661,"NS",161,83
"21117",29934,7678,3595,"BrF",161,90
"21118",29936,7686,6388,"NS",161,109
"21119",29938,7729,6226,"NS",161,121
"21120",29939,7693,6670,"NSA",161,125
"21121",29940,7694,5522,"NS",161,126
"21122",29942,7697,6228,"NS",161,128
"21123",29944,7704,6648,"NS",161,155
"21124",29946,7707,5132,"NS",161,160
"21125",29947,7715,6378,"NSA",161,179
"21126",29948,7716,6672,"NS",161,172
"21127",29950,7718,6294,"NSA",161,478
"21128",29951,7730,1710,"NS",161,477
"21129",29952,7722,6678,"NS",161,516
"21130",29953,7724,6664,"NS",161,664
"21131",29954,7624,5644,"H",161,129
"21132",29955,7721,5635,"BrF",161,481
"21133",29956,7693,3596,"BrF",161,125
"21134",29957,7630,6574,"SEEN1",161,3
"21135",29958,7629,6646,"NS",161,616
"21136",29959,7691,6674,"NS",161,118
"21137",29960,6256,2980,"FLOAT",37,-3
"21138",29961,694,1213,"TBRM",37,68
"21139",29962,689,1369,"TBRF",37,60
"21140",29963,3009,1395,"TBRM",37,166
"21141",29964,721,1719,"TBRM",37,101
"21142",29965,706,1892,"TBRF",37,82
"21143",29966,2599,823,"NS",31,13
"21144",29967,2599,1268,"NS",31,13
"21145",29968,487,1746,"H",30,57
"21146",29969,7731,3644,"SEEN2",90,113
"21147",29970,4166,5220,"SEEN1",90,168
"21148",29971,7732,3507,"SEEN1",90,144
"21149",29972,7746,6768,"FL",164,83
"21150",29973,7746,6767,"FL",164,83
"21151",29974,7739,6215,"BrF",164,1
"21152",29975,7739,6745,"OFL",164,1
"21153",29976,7739,6144,"BrM",164,1
"21154",29978,7739,1750,"NS",164,1
"21155",29979,7833,6690,"BrF",164,2
"21156",29980,7833,6385,"BrM",164,2
"21157",29981,7833,6668,"ABX",164,2
"21158",29982,7833,6174,"SEEN1",164,2
"21159",29983,7833,6034,"SEEN1",164,2
"21160",29984,7833,5517,"NS",164,2
"21161",29985,7833,2960,"NS",164,2
"21162",29986,7801,6034,"BrF",164,616
"21163",29987,7801,5853,"BrM",164,616
"21164",29988,7801,6667,"SEEN1",164,616
"21165",29989,7801,6777,"FL",164,616
"21166",29990,7788,3086,"BrF",164,3
"21167",29991,7788,5829,"BrM",164,3
"21168",29992,7788,6667,"ABX",164,3
"21169",29993,7788,6549,"NS",164,3
"21170",29994,7834,6659,"BrF",164,8
"21171",29995,7834,5837,"BrM",164,8
"21172",29996,7834,1660,"NS",164,8
"21173",29997,7809,1826,"BrF",164,9
"21174",29998,7809,5624,"BrM",164,9
"21175",30000,7768,6700,"BrF",164,12
"21176",30001,7768,6645,"BrM",164,12
"21177",30002,7768,6156,"NS",164,12
"21178",30003,7768,6373,"NS",164,12
"21179",30004,7810,6229,"BrF",164,13
"21180",30005,7810,6155,"BrM",164,13
"21181",30006,7810,6571,"ABX",164,13
"21182",30007,7810,6702,"ABX",164,13
"21183",30008,7810,6697,"ABX",164,13
"21184",30010,7810,6700,"SEEN1",164,13
"21185",30011,7759,5657,"BrF",164,15
"21186",30012,7759,1762,"BrM",164,15
"21187",30014,7759,6575,"NS",164,15
"21188",30015,7770,6199,"BrF",164,16
"21189",30016,7770,6570,"BrM",164,16
"21190",30017,7770,6707,"AB",164,16
"21191",30019,7770,5235,"NS",164,16
"21192",30020,7789,6673,"BrF",164,20
"21193",30021,7789,6045,"BrM",164,20
"21194",30023,7789,3085,"NS",164,20
"21195",30024,7750,5630,"BrF",164,24
"21196",30025,7750,2966,"BrM",164,24
"21197",30026,7750,6728,"AB",164,24
"21198",30028,7811,6160,"BrF",164,26
"21199",30029,7811,5595,"BrM",164,26
"21200",30031,7769,6279,"BrF",164,27
"21201",30032,7769,3087,"BrM",164,27
"21202",30034,7769,3490,"NS",164,27
"21203",30035,7807,5843,"BrF",164,28
"21204",30036,7807,6230,"BrM",164,28
"21205",30039,7807,6189,"NS",164,28
"21206",30040,7782,3497,"BrF",164,32
"21207",30041,7782,6557,"BrM",164,32
"21208",30043,7782,5835,"NS",164,32
"21209",30044,7782,6314,"NS",164,32
"21210",30045,7781,5823,"BrF",164,617
"21211",30046,7781,6556,"BrM",164,617
"21212",30048,7781,6706,"SEEN1",164,617
"21213",30049,7781,5839,"NS",164,617
"21214",30050,7805,5833,"BrF",164,34
"21215",30051,7805,6219,"BrM",164,34
"21216",30053,7805,6729,"ABX",164,34
"21217",30054,7805,6746,"OFL",164,34
"21218",30055,7753,6159,"BrF",164,36
"21219",30056,7753,5679,"BrM",164,36
"21220",30058,7753,6559,"SEEN1",164,36
"21221",30059,7760,6217,"BrF",164,605
"21222",30060,7760,6309,"BrM",164,605
"21223",30062,7760,5679,"SEEN1",164,605
"21224",30063,7760,6024,"NS",164,605
"21225",30064,7835,6546,"BrF",164,39
"21226",30065,7835,6210,"BrM",164,39
"21227",30066,7765,3462,"BrF",164,40
"21228",30067,7765,5590,"BrM",164,40
"21229",30068,7765,6727,"H",164,40
"21230",30069,7765,6742,"FL",164,40
"21231",30070,7790,6145,"BrF",164,41
"21232",30071,7790,6671,"BrM",164,41
"21233",30073,7790,6211,"SEEN1",164,41
"21234",30074,7790,5588,"NS",164,41
"21235",30075,7808,6211,"BrF",164,43
"21236",30076,7808,6011,"BrM",164,43
"21237",30079,7747,5465,"BrF",164,45
"21238",30080,7747,6231,"BrM",164,45
"21239",30081,7747,5846,"H",164,45
"21240",30082,7747,6730,"OFL",164,45
"21241",30083,7747,6775,"FL",164,45
"21242",30085,7747,6703,"SEEN1",164,45
"21243",30086,7758,5611,"BrF",164,46
"21244",30087,7758,1868,"BrM",164,46
"21245",30088,7786,6138,"BrF",164,47
"21246",30089,7786,5513,"BrM",164,47
"21247",30090,7786,6703,"AB",164,47
"21248",30093,7784,6274,"BrF",164,48
"21249",30094,7784,6213,"BrM",164,48
"21250",30095,7784,6558,"H",164,48
"21251",30096,7784,6655,"H",164,48
"21252",30097,7784,4896,"NS",164,48
"21253",30098,7785,6660,"BrF",164,50
"21254",30099,7785,6548,"BrM",164,50
"21255",30100,7785,6194,"NS",164,50
"21256",30101,7785,5834,"NS",164,50
"21257",30102,7785,6382,"NS",164,50
"21258",30103,7812,6036,"BrF",164,618
"21259",30104,7812,6163,"BrM",164,618
"21260",30105,7812,6161,"H",164,618
"21261",30107,7812,6776,"FL",164,618
"21262",30108,7812,6771,"FL",164,618
"21263",30109,7802,3094,"BrF",164,53
"21264",30110,7802,5855,"BrM",164,53
"21265",30112,7802,6676,"SEEN1",164,53
"21266",30113,7766,5641,"BrF",164,55
"21267",30114,7766,5776,"BrM",164,55
"21268",30115,7766,6737,"H",164,55
"21269",30116,7766,6744,"SEEN1",164,55
"21270",30117,7766,6752,"OFL",164,55
"21271",30118,7766,6699,"SEEN1",164,55
"21272",30119,7766,6702,"SEEN1",164,55
"21273",30120,7757,5514,"BrF",164,57
"21274",30121,7757,5321,"BrM",164,57
"21275",30122,7757,6572,"H",164,57
"21276",30123,7757,5640,"H",164,57
"21277",30124,7757,6764,"FL",164,57
"21278",30125,7749,6554,"BrF",164,58
"21279",30126,7749,5779,"BrM",164,58
"21280",30127,7749,6750,"FL",164,58
"21281",30128,7749,5613,"NS",164,58
"21282",30129,7813,6048,"BrF",164,59
"21283",30130,7813,6158,"BrM",164,59
"21284",30131,7813,6753,"FL",164,59
"21285",30132,7761,6568,"BrF",164,60
"21286",30133,7761,5523,"BrM",164,60
"21287",30135,7761,1821,"NS",164,60
"21288",30136,7793,6214,"BrF",164,62
"21289",30137,7793,5291,"BrM",164,62
"21290",30138,7793,6740,"H",164,62
"21291",30139,7793,6757,"FL",164,62
"21292",30142,7796,5901,"BrF",164,63
"21293",30143,7796,6019,"BrM",164,63
"21294",30144,7796,5319,"H",164,63
"21295",30145,7796,6654,"AB",164,63
"21296",30146,7796,6772,"FL",164,63
"21297",30148,7796,6310,"NS",164,63
"21298",30149,7796,1042,"NS",164,63
"21299",30150,7791,6187,"BrF",164,64
"21300",30151,7791,6261,"BrM",164,64
"21301",30153,7748,6191,"BrF",164,68
"21302",30154,7748,6164,"BrM",164,68
"21303",30155,7748,5337,"H",164,68
"21304",30156,7748,6677,"H",164,68
"21305",30158,7814,6068,"BrF",164,602
"21306",30159,7814,5826,"BrM",164,602
"21307",30160,7814,6738,"FL",164,602
"21308",30161,7794,6652,"BrF",164,70
"21309",30162,7794,6166,"BrM",164,70
"21310",30163,7794,6766,"FL",164,70
"21311",30165,7794,1716,"NS",164,70
"21312",30166,7733,5543,"BrF",164,71
"21313",30167,7733,6370,"BrM",164,71
"21314",30168,7733,6162,"H",164,71
"21315",30169,7733,6732,"H",164,71
"21316",30170,7733,6675,"AB",164,71
"21317",30172,7733,6027,"NS",164,71
"21318",30173,7733,4917,"NS",164,71
"21319",30174,7815,5452,"BrF",164,72
"21320",30175,7815,6029,"BrM",164,72
"21321",30176,7815,6676,"ABX",164,72
"21322",30177,7815,6734,"OFL",164,72
"21323",30178,7776,6139,"BrF",164,75
"21324",30179,7776,6018,"BrM",164,75
"21325",30180,7776,6692,"H",164,75
"21326",30181,7776,6731,"H",164,75
"21327",30182,7776,6741,"FL",164,75
"21328",30183,7776,6671,"SEEN1",164,75
"21329",30184,7776,5575,"NS",164,75
"21330",30185,7737,4958,"BrF",164,77
"21331",30186,7737,5626,"BrM",164,77
"21332",30187,7737,6665,"AB",164,77
"21333",30188,7764,5597,"BrF",164,79
"21334",30189,7764,5602,"BrM",164,79
"21335",30190,7816,5589,"BrF",164,633
"21336",30191,7816,6267,"BrM",164,633
"21337",30192,7816,6749,"OFL",164,633
"21338",30193,7816,6067,"NS",164,633
"21339",30194,7775,5537,"BrF",164,81
"21340",30195,7775,4947,"BrM",164,81
"21341",30196,7775,6547,"AB",164,81
"21342",30197,7775,6729,"SEEN1",164,81
"21343",30198,7817,5530,"BrF",164,82
"21344",30199,7817,6222,"BrM",164,82
"21345",30201,7818,6272,"BrF",164,637
"21346",30202,7818,6221,"BrM",164,637
"21347",30203,7818,6763,"FL",164,637
"21348",30204,7746,6378,"BrF",164,83
"21349",30205,7746,5822,"BrM",164,83
"21350",30206,7746,6694,"SEEN1",164,83
"21351",30207,7746,6661,"NS",164,83
"21352",30208,7746,5854,"NS",164,83
"21353",30209,7803,6044,"BrF",164,85
"21354",30210,7803,6222,"BrM",164,85
"21355",30212,7803,6378,"SEEN1",164,85
"21356",30213,7752,6143,"BrF",164,86
"21357",30214,7752,3089,"BrM",164,86
"21358",30215,7752,6694,"H",164,86
"21359",30217,7752,6697,"SEEN1",164,86
"21360",30218,7752,6699,"SEEN1",164,86
"21361",30219,7752,6561,"TBRF",164,86
"21362",30220,7819,3595,"BrF",164,90
"21363",30221,7819,5292,"BrM",164,90
"21364",30222,7819,6754,"FL",164,90
"21365",30223,7820,5845,"BrF",164,94
"21366",30224,7820,6167,"BrM",164,94
"21367",30225,7820,6663,"ABX",164,94
"21368",30226,7820,6780,"FL",164,94
"21369",30227,7820,6386,"NS",164,94
"21370",30228,7820,5174,"NS",164,94
"21371",30229,7778,6181,"BrF",164,95
"21372",30230,7778,4872,"BrM",164,95
"21373",30232,7743,5521,"BrF",164,96
"21374",30233,7743,6146,"BrM",164,96
"21375",30234,7743,6218,"NS",164,96
"21376",30235,7740,6185,"BrF",164,98
"21377",30236,7740,1708,"BrM",164,98
"21378",30237,7740,6759,"FL",164,98
"21379",30238,7735,5851,"BrF",164,99
"21380",30239,7735,6032,"BrM",164,99
"21381",30240,7735,6688,"ABX",164,99
"21382",30241,7735,6175,"NS",164,99
"21383",30242,7804,6061,"BrF",164,100
"21384",30243,7804,5547,"BrM",164,100
"21385",30244,7804,6778,"FL",164,100
"21386",30246,7804,6206,"NS",164,100
"21387",30247,7804,6380,"NS",164,100
"21388",30248,7806,5128,"BrF",164,101
"21389",30249,7806,6381,"BrM",164,101
"21390",30251,7806,5606,"NS",164,101
"21391",30252,7806,6311,"NS",164,101
"21392",30253,7806,6376,"NS",164,101
"21393",30254,7797,6195,"BrF",164,105
"21394",30255,7797,6249,"BrM",164,105
"21395",30256,7797,6665,"SEEN1",164,105
"21396",30257,7797,6736,"SEEN1",164,105
"21397",30258,7797,6662,"SEEN1",164,105
"21398",30259,7836,6665,"BrF",164,742
"21399",30260,7836,6736,"BrM",164,742
"21400",30261,7795,6644,"BrF",164,109
"21401",30262,7795,6569,"BrM",164,109
"21402",30263,7795,1580,"NS",164,109
"21403",30264,7795,6388,"NS",164,109
"21404",30265,7795,3643,"NS",164,109
"21405",30266,7741,6186,"BrF",164,110
"21406",30267,7741,6384,"BrM",164,110
"21407",30270,7741,5598,"NS",164,110
"21408",30271,7741,6012,"NS",164,110
"21409",30272,7734,5212,"BrF",164,111
"21410",30273,7734,5559,"BrM",164,111
"21411",30275,7734,6562,"NS",164,111
"21412",30276,7734,6383,"NS",164,111
"21413",30277,7821,6656,"BrF",164,743
"21414",30278,7821,6761,"BrM",164,743
"21415",30279,7821,6758,"FL",164,743
"21416",30280,7821,6676,"SEEN1",164,743
"21417",30281,7745,1707,"BrF",164,112
"21418",30282,7745,5820,"BrM",164,112
"21419",30283,7745,6709,"ABX",164,112
"21420",30284,7745,6710,"ABX",164,112
"21421",30285,7745,6662,"SEEN1",164,112
"21422",30286,7837,5909,"BrF",164,531
"21423",30287,7837,6650,"BrM",164,531
"21424",30288,7763,6647,"BrF",164,116
"21425",30289,7763,3486,"BrM",164,116
"21426",30290,7813,6014,"NS",164,59
"21427",30291,7822,3698,"BrF",164,118
"21428",30292,7822,6760,"BrM",164,118
"21429",30293,7822,6300,"NS",164,118
"21430",30294,7822,6183,"NS",164,118
"21431",30295,7736,5749,"BrF",164,123
"21432",30296,7736,5639,"BrM",164,123
"21433",30298,7736,6706,"ABX",164,123
"21434",30299,7736,6756,"FL",164,123
"21435",30300,7736,6164,"SEEN1",164,123
"21436",30301,7736,6732,"SEEN2",164,123
"21437",30302,7777,3596,"BrF",164,125
"21438",30303,7777,1877,"BrM",164,125
"21439",30304,7777,5596,"H",164,125
"21440",30306,7756,6022,"BrF",164,126
"21441",30307,7756,6708,"BrM",164,126
"21442",30309,7756,5522,"NS",164,126
"21443",30310,7838,6207,"BrF",164,745
"21444",30311,7838,6559,"BrM",164,745
"21445",30312,7800,6669,"BrF",164,746
"21446",30313,7800,6563,"BrM",164,746
"21447",30314,7832,6551,"BrF",164,738
"21448",30315,7832,6200,"BrM",164,738
"21449",30316,7832,6755,"FL",164,738
"21450",30317,7839,6168,"BrF",164,664
"21451",30318,7839,6146,"BrM",164,664
"21452",30319,7839,6664,"NS",164,664
"21453",30320,7831,6064,"BrF",164,662
"21454",30321,7831,6152,"BrM",164,662
"21455",30322,7799,5009,"BrF",164,516
"21456",30323,7799,5850,"BrM",164,516
"21457",30324,7799,6678,"NS",164,516
"21458",30325,7830,5635,"BrF",164,481
"21459",30326,7830,6193,"BrM",164,481
"21460",30327,7830,6693,"H",164,481
"21461",30328,7830,6748,"FL",164,481
"21462",30329,7742,5549,"BrF",164,479
"21463",30330,7742,5612,"BrM",164,479
"21464",30331,7742,6307,"H",164,479
"21465",30332,7742,6769,"FL",164,479
"21466",30333,7742,6561,"SEEN1",164,479
"21467",30334,7774,6550,"BrF",164,740
"21468",30335,7774,6374,"TBRM",164,740
"21469",30336,7792,6188,"BrF",164,636
"21470",30337,7792,6574,"BrM",164,636
"21471",30338,7792,5523,"SEEN1",164,636
"21472",30339,7792,6216,"NS",164,636
"21473",30340,7762,4965,"BrF",164,127
"21474",30341,7762,6313,"BrM",164,127
"21475",30342,7762,6787,"CH",164,127
"21476",30343,7762,6552,"NS",164,127
"21477",30344,7762,5643,"NS",164,127
"21478",30345,7823,5644,"BrF",164,128
"21479",30346,7823,5904,"BrM",164,128
"21480",30347,7823,6747,"OFL",164,128
"21481",30348,7823,6779,"FL",164,128
"21482",30349,7823,6313,"SEEN1",164,128
"21483",30350,7823,6048,"SEEN1",164,128
"21484",30351,7823,6228,"NS",164,128
"21485",30352,7823,5173,"NS",164,128
"21486",30354,7823,6699,"AB",164,128
"21487",30355,7823,6227,"NS",164,128
"21488",30356,7823,6202,"NS",164,128
"21489",30357,7823,6560,"NS",164,128
"21490",30358,7823,6573,"NS",164,128
"21491",30359,7824,6377,"BrF",164,134
"21492",30360,7824,5456,"BrM",164,134
"21493",30361,7824,5518,"NS",164,134
"21494",30362,7824,6774,"FL",164,134
"21495",30363,7798,5633,"BrF",164,135
"21496",30364,7798,6184,"BrM",164,135
"21497",30365,7754,6773,"BrF",164,137
"21498",30366,7754,6649,"BrM",164,137
"21499",30367,7754,6372,"TBRF",164,137
"21500",30368,7825,5600,"BrF",164,138
"21501",30369,7825,6196,"BrM",164,138
"21502",30370,7825,6369,"NS",164,138
"21503",30371,7825,3451,"NS",164,138
"21504",30372,7773,6169,"BrF",164,140
"21505",30373,7773,6170,"BrM",164,140
"21506",30374,7773,6786,"FL",164,140
"21507",30375,7773,6785,"SEEN1",164,140
"21508",30376,7773,6198,"NS",164,140
"21509",30377,7773,6695,"NS",164,140
"21510",30378,7787,6009,"BrF",164,154
"21511",30379,7787,6249,"BrM",164,154
"21512",30380,7787,6696,"AB",164,154
"21513",30381,7787,6765,"FL",164,154
"21514",30383,7841,4885,"BrF",164,155
"21515",30384,7841,6689,"BrM",164,155
"21516",30385,7841,6050,"NS",164,155
"21517",30386,7841,6648,"NS",164,155
"21518",30387,7779,5075,"BrF",164,157
"21519",30388,7779,5583,"BrM",164,157
"21520",30389,7826,4861,"BrF",164,159
"21521",30390,7826,5583,"BrM",164,159
"21522",30391,7826,6736,"ABX",164,159
"21523",30393,7826,6783,"OFL",164,159
"21524",30394,7826,6662,"SEEN1",164,159
"21525",30395,7755,6657,"BrF",164,160
"21526",30396,7755,6651,"BrM",164,160
"21527",30397,7755,6781,"FL",164,160
"21528",30398,7755,5132,"NS",164,160
"21529",30399,7783,5634,"BrF",164,165
"21530",30400,7783,6567,"BrM",164,165
"21531",30401,7783,6704,"H",164,165
"21532",30402,7783,6751,"OFL",164,165
"21533",30403,7783,6782,"FL",164,165
"21534",30404,7783,6784,"FL",164,165
"21535",30405,7783,6379,"NS",164,165
"21536",30406,7842,6174,"BrF",164,167
"21537",30407,7842,6788,"BrM",164,167
"21538",30409,7751,6670,"BrF",164,169
"21539",30410,7751,5821,"BrM",164,169
"21540",30411,7751,3699,"NS",164,169
"21541",30412,7827,6233,"BrF",164,173
"21542",30413,7827,6172,"BrM",164,173
"21543",30415,7827,6030,"NS",164,173
"21544",30416,7780,5162,"BrF",164,174
"21545",30417,7780,5077,"BrM",164,174
"21546",30418,7780,6744,"ABX",164,174
"21547",30419,7772,5545,"BrF",164,177
"21548",30420,7772,6565,"BrM",164,177
"21549",30421,7772,6735,"H",164,177
"21550",30424,7772,6196,"SEEN1",164,177
"21551",30425,7772,5638,"NS",164,177
"21552",30426,7828,5511,"BrF",164,178
"21553",30427,7828,6653,"BrM",164,178
"21554",30428,7828,6770,"FL",164,178
"21555",30429,7828,2974,"NS",164,178
"21556",30430,7738,5838,"BrF",164,179
"21557",30431,7738,6294,"BrM",164,179
"21558",30432,7738,6662,"AB",164,179
"21559",30433,7738,6739,"FL",164,179
"21560",30434,7738,2991,"NS",164,179
"21561",30435,7767,5621,"BrF",164,172
"21562",30436,7767,6171,"BrM",164,172
"21563",30438,7767,6762,"SEEN1",164,172
"21564",30439,7767,3594,"NS",164,172
"21565",30440,7744,6028,"BrF",164,407
"21566",30441,7744,3456,"BrM",164,407
"21567",30442,7744,6698,"AB",164,407
"21568",30443,7744,6733,"OFL",164,407
"21569",30445,7829,5683,"BrF",164,478
"21570",30446,7829,6375,"BrM",164,478
"21571",30447,7829,6701,"ABX",164,478
"21572",30448,7829,6743,"OFL",164,478
"21573",30450,7771,6658,"BrF",164,480
"21574",30451,7771,4860,"BrM",164,480
"21575",30453,7771,5524,"NS",164,480
"21576",30454,7774,6697,"BrM",164,740
"21577",30455,7803,6026,"NSA",164,85
"21578",30456,7822,6674,"NS",164,118
"21579",30457,7767,6672,"NS",164,172
"21580",30458,7801,6646,"NS",164,616
"21581",30459,7843,6555,"NS",164,11
"21582",30460,7844,6226,"NS",164,121
"21583",30461,7845,1710,"NS",164,477
"21584",30462,7812,6705,"NS",164,618
"21585",30463,7802,6691,"NS",164,53
"21586",30464,7746,6666,"NS",164,83
"21587",30465,2972,544,"NS",35,159
"21588",30466,2965,1806,"NS",35,138
"21589",30467,2905,3004,"NS",35,48
"21590",30468,643,1770,"NS",35,127
"21591",30470,643,1885,"NS",35,127
"21592",30471,2956,1190,"NS",35,118
"21593",30472,2963,1597,"NS",35,135
"21594",30473,2948,1735,"NS",35,105
"21595",30474,2930,1870,"NS",35,80
"21596",30475,2892,1166,"NS",35,26
"21597",30476,2922,1768,"NS",35,70
"21598",30477,2965,1794,"NS",35,138
"21599",30478,2896,3014,"NS",35,33
"21600",30479,2880,3013,"NS",35,9
"21601",30480,2942,3006,"NS",35,95
"21602",30481,2879,3008,"NS",35,8
"21603",30482,2927,335,"NS",35,76
"21604",30483,2959,1889,"NS",35,125
"21605",30484,2978,2969,"NS",35,173
"21606",30485,2901,2979,"NS",35,43
"21607",30486,2913,2972,"NS",35,59
"21608",30487,2951,1017,"NS",35,110
"21609",30488,2963,1588,"NS",35,135
"21610",30489,7861,6215,"BrF",166,1
"21611",30490,7861,6144,"BrM",166,1
"21612",30491,7861,6745,"AB",166,1
"21613",30492,7866,6690,"BrF",166,2
"21614",30493,7866,6385,"BrM",166,2
"21615",30495,7866,6745,"SEEN2",166,2
"21616",30496,7866,6668,"NSA",166,2
"21617",30497,7867,6034,"BrF",166,616
"21618",30498,7867,5853,"BrM",166,616
"21619",30499,7867,6777,"ABX",166,616
"21620",30500,7867,6833,"FL",166,616
"21621",30501,7867,6698,"SEEN1",166,616
"21622",30502,7868,3086,"BrF",166,3
"21623",30503,7868,5829,"BrM",166,3
"21624",30504,7868,6667,"NSA",166,3
"21625",30505,7855,6659,"BrF",166,8
"21626",30506,7855,5837,"BrM",166,8
"21627",30507,7855,6701,"SEEN1",166,8
"21628",30508,7864,1826,"BrF",166,9
"21629",30509,7864,5624,"BrM",166,9
"21630",30511,7851,6700,"BrF",166,12
"21631",30512,7851,6645,"BrM",166,12
"21632",30513,7869,6229,"BrF",166,13
"21633",30514,7869,6155,"BrM",166,13
"21634",30515,7869,6571,"ABX",166,13
"21635",30516,7869,6702,"NS",166,13
"21636",30518,7870,5657,"BrF",166,15
"21637",30519,7870,1762,"BrM",166,15
"21638",30521,7871,6199,"BrF",166,16
"21639",30522,7871,6570,"BrM",166,16
"21640",30523,7871,5235,"NS",166,16
"21641",30525,7872,6673,"BrF",166,20
"21642",30526,7872,6045,"BrM",166,20
"21643",30528,7872,3085,"NS",166,20
"21644",30529,7873,5630,"BrF",166,24
"21645",30530,7873,2966,"BrM",166,24
"21646",30531,7873,6728,"ABX",166,24
"21647",30533,7874,6160,"BrF",166,26
"21648",30534,7874,5595,"BrM",166,26
"21649",30536,7875,6279,"BrF",166,27
"21650",30537,7875,3490,"NS",166,27
"21651",30538,7875,3087,"BrM",166,27
"21652",30539,7876,5843,"BrF",166,28
"21653",30540,7876,6230,"BrM",166,28
"21654",30543,7877,3497,"BrF",166,32
"21655",30544,7877,6557,"BrM",166,32
"21656",30545,7858,5823,"BrF",166,617
"21657",30546,7858,6556,"BrM",166,617
"21658",30547,7858,6836,"OFL",166,617
"21659",30548,7858,6207,"SEEN1",166,617
"21660",30549,7858,5839,"NS",166,617
"21661",30550,7878,5833,"BrF",166,34
"21662",30551,7878,6219,"BrM",166,34
"21663",30552,7878,6729,"ABX",166,34
"21664",30553,7878,6746,"ABX",166,34
"21665",30555,7879,6159,"BrF",166,36
"21666",30556,7879,5679,"BrM",166,36
"21667",30557,7879,6217,"SEEN1",166,36
"21668",30559,7880,6217,"BrF",166,605
"21669",30560,7880,6676,"BrM",166,605
"21670",30562,7880,6309,"NS",166,605
"21671",30563,7881,6546,"BrF",166,39
"21672",30564,7881,6210,"BrM",166,39
"21673",30565,7882,3462,"BrF",166,40
"21674",30566,7882,5590,"BrM",166,40
"21675",30567,7882,6742,"ABX",166,40
"21676",30568,7883,6145,"BrF",166,41
"21677",30569,7883,6671,"BrM",166,41
"21678",30570,7883,6762,"ABX",166,41
"21679",30572,7854,6211,"BrF",166,43
"21680",30573,7854,6011,"BrM",166,43
"21681",30574,7854,6775,"AB",166,43
"21682",30575,7854,6231,"SEEN1",166,43
"21683",30577,7884,5465,"BrF",166,45
"21684",30578,7884,6231,"BrM",166,45
"21685",30579,7884,5846,"NSA",166,45
"21686",30580,7885,5611,"BrF",166,46
"21687",30581,7885,1868,"BrM",166,46
"21688",30582,7886,6138,"BrF",166,47
"21689",30583,7886,5513,"BrM",166,47
"21690",30584,7886,6703,"ABX",166,47
"21691",30586,7887,5589,"NS",166,633
"21692",30587,7887,6267,"NS",166,633
"21693",30588,7887,6749,"NS",166,633
"21694",30589,7888,6274,"BrF",166,48
"21695",30590,7888,6213,"BrM",166,48
"21696",30591,7888,6558,"ABX",166,48
"21697",30592,7888,6655,"ABX",166,48
"21698",30594,7889,6660,"BrF",166,50
"21699",30595,7889,6548,"BrM",166,50
"21700",30596,7890,6036,"BrF",166,618
"21701",30597,7890,6163,"BrM",166,618
"21702",30598,7890,6161,"H",166,618
"21703",30599,7890,6776,"ABX",166,618
"21704",30600,7890,6855,"FL",166,618
"21705",30602,7890,6705,"NS",166,618
"21706",30604,7891,3094,"BrF",166,53
"21707",30605,7891,5855,"BrM",166,53
"21708",30606,7891,6847,"OFL",166,53
"21709",30607,7891,6691,"NS",166,53
"21710",30608,7892,6737,"BrF",166,55
"21711",30609,7892,5776,"BrM",166,55
"21712",30610,7892,6752,"ABX",166,55
"21713",30612,7892,5641,"NS",166,55
"21714",30613,7862,5514,"BrF",166,57
"21715",30614,7862,5321,"BrM",166,57
"21716",30615,7862,6764,"ABX",166,57
"21717",30616,7862,5640,"ABX",166,57
"21718",30617,7862,6572,"ABX",166,57
"21719",30618,7893,6554,"BrF",166,58
"21720",30619,7893,5779,"BrM",166,58
"21721",30620,7893,6750,"ABX",166,58
"21722",30621,7894,6048,"BrF",166,59
"21723",30622,7894,6158,"BrM",166,59
"21724",30623,7894,6753,"ABX",166,59
"21725",30624,7860,6568,"BrF",166,60
"21726",30625,7860,5523,"BrM",166,60
"21727",30626,7860,6832,"OFL",166,60
"21728",30627,7895,6174,"BrF",166,62
"21729",30628,7895,5291,"BrM",166,62
"21730",30630,7895,6769,"SEEN1",166,62
"21731",30631,7895,6214,"NS",166,62
"21732",30632,7896,5901,"BrF",166,63
"21733",30633,7896,6019,"BrM",166,63
"21734",30634,7896,6848,"ABX",166,63
"21735",30635,7896,6772,"ABX",166,63
"21736",30636,7896,5319,"ABX",166,63
"21737",30637,7896,6654,"ABX",166,63
"21738",30638,7896,6187,"SEEN1",166,63
"21739",30639,7846,6187,"BrF",166,64
"21740",30640,7846,6261,"BrM",166,64
"21741",30641,7846,6856,"FL",166,64
"21742",30642,7846,6558,"SEEN1",166,64
"21743",30644,7897,6191,"BrF",166,68
"21744",30645,7897,6164,"BrM",166,68
"21745",30646,7897,6677,"ABX",166,68
"21746",30648,7897,6771,"SEEN1",166,68
"21747",30649,7897,5337,"NS",166,68
"21748",30650,7898,6068,"BrF",166,602
"21749",30651,7898,5826,"BrM",166,602
"21750",30652,7899,6652,"BrF",166,70
"21751",30653,7899,6166,"BrM",166,70
"21752",30654,7899,6766,"ABX",166,70
"21753",30656,7899,6756,"SEEN1",166,70
"21754",30657,7900,5543,"BrF",166,71
"21755",30658,7900,6370,"BrM",166,71
"21756",30659,7900,6162,"H",166,71
"21757",30660,7900,6732,"H",166,71
"21758",30663,7900,6835,"FL",166,71
"21759",30664,7900,6846,"SEEN1",166,71
"21760",30665,7900,4917,"NS",166,71
"21761",30666,7900,6675,"NS",166,71
"21762",30667,7848,5452,"BrF",166,72
"21763",30668,7848,6029,"BrM",166,72
"21764",30669,7901,6139,"BrF",166,75
"21765",30670,7901,6018,"BrM",166,75
"21766",30671,7901,6692,"ABX",166,75
"21767",30672,7901,6731,"ABX",166,75
"21768",30673,7901,6741,"ABX",166,75
"21769",30674,7901,6854,"FL",166,75
"21770",30675,7902,4958,"BrF",166,77
"21771",30676,7902,5626,"BrM",166,77
"21772",30678,7903,5597,"BrF",166,79
"21773",30679,7903,5602,"BrM",166,79
"21774",30680,7904,5537,"BrF",166,81
"21775",30681,7904,4947,"BrM",166,81
"21776",30682,7904,6547,"ABX",166,81
"21777",30683,7905,5530,"BrF",166,82
"21778",30685,7906,6272,"BrF",166,637
"21779",30686,7906,6221,"BrM",166,637
"21780",30689,7906,6763,"NS",166,637
"21781",30690,7907,6378,"BrF",166,83
"21782",30691,7907,5822,"BrM",166,83
"21783",30693,7907,6752,"SEEN1",166,83
"21784",30694,7907,6547,"SEEN1",166,83
"21785",30695,7907,5854,"NS",166,83
"21786",30696,7907,6666,"NS",166,83
"21787",30697,7907,6768,"NS",166,83
"21788",30698,7908,6044,"BrF",166,85
"21789",30699,7908,6222,"BrM",166,85
"21790",30700,7908,6026,"SEEN1",166,85
"21791",30702,7909,6143,"BrF",166,86
"21792",30703,7909,3089,"BrM",166,86
"21793",30704,7909,6694,"ABX",166,86
"21794",30705,7909,6767,"ABX",166,86
"21795",30706,7909,6838,"OFL",166,86
"21796",30707,7909,6695,"NS",166,86
"21797",30708,7909,6561,"NSA",166,86
"21798",30709,7910,3595,"BrF",166,90
"21799",30710,7910,5292,"BrM",166,90
"21800",30711,7911,5845,"BrF",166,94
"21801",30712,7911,6167,"BrM",166,94
"21802",30713,7911,6663,"NS",166,94
"21803",30714,7911,6780,"NSA",166,94
"21804",30715,7912,6181,"BrF",166,95
"21805",30716,7912,6760,"BrM",166,95
"21806",30717,7912,6843,"OFL",166,95
"21807",30718,7912,4872,"NS",166,95
"21808",30719,7913,5521,"BrF",166,96
"21809",30720,7913,6146,"BrM",166,96
"21810",30722,7913,6738,"SEEN1",166,96
"21811",30723,7914,6185,"BrF",166,98
"21812",30724,7914,6710,"BrM",166,98
"21813",30725,7914,6759,"ABX",166,98
"21814",30726,7914,1708,"NS",166,98
"21815",30727,7915,5851,"BrF",166,99
"21816",30728,7915,6032,"BrM",166,99
"21817",30730,7915,6688,"NS",166,99
"21818",30731,7916,6061,"BrF",166,100
"21819",30732,7916,5547,"BrM",166,100
"21820",30733,7916,6778,"ABX",166,100
"21821",30734,7916,6759,"SEEN1",166,100
"21822",30735,7917,5128,"BrF",166,101
"21823",30736,7917,6381,"BrM",166,101
"21824",30738,7917,6376,"NS",166,101
"21825",30739,7918,6195,"BrF",166,105
"21826",30740,7918,6249,"BrM",166,105
"21827",30741,7918,6851,"FL",166,105
"21828",30742,7918,6061,"SEEN1",166,105
"21829",30743,7919,6665,"BrF",166,742
"21830",30744,7919,6736,"BrM",166,742
"21831",30745,7920,6644,"BrF",166,109
"21832",30746,7920,6569,"BrM",166,109
"21833",30747,7920,3643,"NS",166,109
"21834",30748,7921,6186,"BrF",166,110
"21835",30749,7921,6384,"BrM",166,110
"21836",30751,7921,6650,"SEEN2",166,110
"21837",30752,7923,6562,"NS",166,743
"21838",30753,7923,5212,"NS",166,743
"21839",30754,7923,5559,"NSA",166,743
"21840",30756,7923,6656,"BrF",166,743
"21841",30757,7923,6761,"BrM",166,743
"21842",30758,7923,6841,"ABX",166,743
"21843",30759,7923,6754,"SEEN1",166,743
"21844",30760,7923,6186,"SEEN1",166,743
"21845",30761,7923,6840,"SEEN1",166,743
"21846",30762,7923,6167,"SEEN1",166,743
"21847",30763,7923,5845,"SEEN1",166,743
"21848",30764,7923,6740,"SEEN1",166,743
"21849",30767,7923,6839,"SEEN2",166,743
"21850",30768,7923,6758,"NSA",166,743
"21851",30769,7924,1707,"BrF",166,112
"21852",30770,7924,6709,"BrM",166,112
"21853",30772,7924,6734,"SEEN1",166,112
"21854",30773,7925,6693,"BrF",166,531
"21855",30774,7925,6650,"BrM",166,531
"21856",30775,7925,5909,"ABX",166,531
"21857",30776,7925,6689,"SEEN1",166,531
"21858",30777,7925,6709,"SEEN1",166,531
"21859",30778,7926,6647,"BrF",166,116
"21860",30779,7926,3486,"BrM",166,116
"21861",30780,7926,6844,"ABX",166,116
"21862",30782,7956,3698,"NS",166,-3
"21863",30783,7928,5749,"BrF",166,123
"21864",30784,7928,5639,"BrM",166,123
"21865",30785,7928,6706,"ABX",166,123
"21866",30786,7928,6756,"ABX",166,123
"21867",30788,7929,3596,"BrF",166,125
"21868",30789,7929,1877,"BrM",166,125
"21869",30790,7929,5596,"ABX",166,125
"21870",30792,7929,6757,"SEEN1",166,125
"21871",30793,7930,6022,"BrF",166,126
"21872",30794,7930,6708,"BrM",166,126
"21873",30795,7930,6853,"ABX",166,126
"21874",30796,7930,6842,"OFL",166,126
"21875",30797,7930,6757,"SEEN1",166,126
"21876",30798,7930,6762,"SEEN1",166,126
"21877",30799,7931,6188,"BrF",166,636
"21878",30800,7931,6574,"BrM",166,636
"21879",30802,7931,6216,"NS",166,636
"21880",30803,7932,4965,"BrF",166,127
"21881",30804,7932,6313,"BrM",166,127
"21882",30805,7932,5643,"NS",166,127
"21883",30806,7932,6787,"NSA",166,127
"21884",30807,7847,5644,"BrF",166,128
"21885",30808,7847,5904,"BrM",166,128
"21886",30809,7847,6699,"H",166,128
"21887",30810,7847,6779,"NS",166,128
"21888",30811,7933,5173,"NS",166,129
"21889",30812,7853,6377,"BrF",166,134
"21890",30813,7853,5456,"BrM",166,134
"21891",30814,7853,6774,"ABX",166,134
"21892",30815,7856,5633,"BrF",166,135
"21893",30816,7856,6184,"BrM",166,135
"21894",30817,7852,6773,"BrF",166,137
"21895",30818,7852,6649,"BrM",166,137
"21896",30819,7852,6727,"SEEN1",166,137
"21897",30820,7852,6372,"NS",166,137
"21898",30821,7934,6662,"BrF",166,138
"21899",30822,7934,6785,"BrM",166,138
"21900",30823,7934,6747,"SEEN1",166,138
"21901",30824,7934,5600,"SEEN1",166,138
"21902",30825,7934,3451,"NS",166,138
"21903",30826,7935,6169,"BrF",166,140
"21904",30827,7935,6170,"BrM",166,140
"21905",30828,7935,6786,"ABX",166,140
"21906",30829,7935,6852,"SEEN1",166,140
"21907",30830,7935,6850,"SEEN2",166,140
"21908",30831,7849,6009,"BrF",166,154
"21909",30832,7849,6249,"BrM",166,154
"21910",30833,7849,6765,"ABX",166,154
"21911",30834,7849,6696,"ABX",166,154
"21912",30836,7936,4885,"BrF",166,155
"21913",30837,7936,6689,"BrM",166,155
"21914",30838,7936,6850,"SEEN1",166,155
"21915",30839,7863,5075,"BrF",166,157
"21916",30840,7863,5583,"BrM",166,157
"21917",30841,7863,6837,"H",166,157
"21918",30843,7850,4861,"BrF",166,159
"21919",30844,7850,5583,"BrM",166,159
"21920",30845,7850,6849,"OFL",166,159
"21921",30847,7937,6657,"BrF",166,160
"21922",30848,7937,6651,"BrM",166,160
"21923",30849,7937,6781,"ABX",166,160
"21924",30851,7938,6704,"BrF",166,165
"21925",30852,7938,6567,"BrM",166,165
"21926",30853,7938,6751,"ABX",166,165
"21927",30854,7938,6782,"ABX",166,165
"21928",30855,7938,6784,"NS",166,165
"21929",30856,7939,6707,"BrF",166,167
"21930",30858,7939,6657,"SEEN1",166,167
"21931",30859,7939,6651,"SEEN1",166,167
"21932",30860,7939,6788,"NSA",166,167
"21933",30861,7940,6670,"BrF",166,169
"21934",30862,7940,5821,"BrM",166,169
"21935",30863,7940,6834,"ABX",166,169
"21936",30864,7940,3699,"NS",166,169
"21937",30865,7865,6233,"BrF",166,173
"21938",30866,7865,6172,"BrM",166,173
"21939",30868,7941,6740,"BrF",166,174
"21940",30869,7941,5077,"BrM",166,174
"21941",30870,7941,6754,"SEEN1",166,174
"21942",30871,7941,5162,"NS",166,174
"21943",30872,7942,5545,"BrF",166,177
"21944",30873,7942,6565,"BrM",166,177
"21945",30875,7942,6662,"SEEN1",166,177
"21946",30876,7942,6735,"NSA",166,177
"21947",30878,7942,6196,"NS",166,177
"21948",30879,7943,6744,"BrF",166,178
"21949",30880,7943,6653,"BrM",166,178
"21950",30881,7943,6730,"SEEN1",166,178
"21951",30882,7943,2974,"NS",166,178
"21952",30883,7943,6770,"NS",166,178
"21953",30884,7943,5511,"NS",166,178
"21954",30885,7944,5838,"BrF",166,179
"21955",30886,7944,6294,"BrM",166,179
"21956",30887,7944,6739,"NSA",166,179
"21957",30888,7945,5621,"BrF",166,172
"21958",30889,7945,6171,"BrM",166,172
"21959",30890,7945,6831,"OFL",166,172
"21960",30891,7946,6028,"BrF",166,407
"21961",30892,7946,3456,"BrM",166,407
"21962",30893,7946,6698,"ABX",166,407
"21963",30894,7946,6728,"SEEN1",166,407
"21964",30895,7946,6733,"NSA",166,407
"21965",30897,7947,5683,"BrF",166,478
"21966",30898,7947,6375,"BrM",166,478
"21967",30899,7947,6701,"ABX",166,478
"21968",30901,7947,6743,"ABX",166,478
"21969",30902,7859,6658,"BrF",166,480
"21970",30903,7859,4860,"BrM",166,480
"21971",30904,7859,5524,"NS",166,480
"21972",30906,7948,6550,"BrF",166,740
"21973",30907,7948,6697,"BrM",166,740
"21974",30908,7948,6374,"NS",166,740
"21975",30909,7857,5549,"BrF",166,479
"21976",30910,7857,5612,"BrM",166,479
"21977",30911,7857,6307,"H",166,479
"21978",30912,7857,6769,"ABX",166,479
"21979",30914,7949,5635,"BrF",166,481
"21980",30915,7949,6193,"BrM",166,481
"21981",30916,7949,6748,"ABX",166,481
"21982",30917,7950,5009,"BrF",166,516
"21983",30918,7950,5850,"BrM",166,516
"21984",30919,7951,6064,"BrF",166,662
"21985",30920,7951,6152,"BrM",166,662
"21986",30921,7951,6845,"FL",166,662
"21987",30922,7952,6168,"BrF",166,664
"21988",30923,7952,6146,"BrM",166,664
"21989",30925,7953,6551,"BrF",166,738
"21990",30926,7953,6200,"BrM",166,738
"21991",30927,7953,6755,"ABX",166,738
"21992",30929,7954,6669,"BrF",166,746
"21993",30930,7954,6563,"BrM",166,746
"21994",30931,7955,6207,"BrF",166,745
"21995",30932,7955,6559,"BrM",166,745
"21996",30933,7956,6754,"FLOAT",166,-3
"21997",30934,7956,6850,"FLOAT",166,-3
"21998",30935,7943,5633,"SEEN1",166,178
"21999",30936,7943,6184,"SEEN1",166,178
"22000",30937,7863,6653,"SEEN1",166,157
"22001",30938,7917,6710,"SEEN2",166,101
"22002",30939,7938,5634,"NS",166,165
"22003",30940,7850,6783,"NS",166,159
"22004",30941,3068,1364,"NS",39,62
"22005",30942,3039,1408,"NS",39,20
"22006",30943,3102,1160,"NS",39,112
"22007",30944,3079,1227,"NS",39,77
"22008",30945,3047,1246,"NS",39,30
"22009",30946,3076,1410,"NS",39,73
"22010",30947,3063,447,"NS",39,54
"22011",30948,3060,466,"NS",39,51
"22012",30949,3068,469,"NS",39,62
"22013",30950,3043,502,"NS",39,25
"22014",30951,3067,78,"NS",39,61
"22015",30952,3046,169,"NS",39,28
"22016",30953,3082,853,"NS",39,81
"22017",30954,3032,596,"NS",39,8
"22018",30955,3100,914,"NS",39,109
"22019",30956,7957,833,"NS",39,12
"22020",30957,3077,835,"NS",39,74
"22021",30958,3061,1215,"NS",39,52
"22022",30959,3058,1212,"NS",39,48
"22023",30960,3063,1203,"NS",39,54
"22024",30961,3025,922,"NS",39,1
"22025",30962,3127,1306,"NS",39,165
"22026",30963,3124,1151,"NS",39,157
"22027",30964,3043,215,"NS",39,25
"22028",30965,7957,200,"NS",39,12
"22029",30966,3078,1037,"NS",39,76
"22030",30967,3102,1047,"NS",39,112
"22031",30968,3079,1159,"NS",39,77
"22032",30969,3096,1062,"NS",39,100
"22033",30970,3097,1528,"NS",39,101
"22034",30971,3087,1516,"NS",39,87
"22035",30972,3029,1526,"NS",39,5
"22036",30973,3048,1537,"NS",39,32
"22037",30974,3029,1525,"NS",39,5
"22038",30975,7026,1405,"NS",39,-3
"22039",30976,3029,1432,"NS",39,5
"22040",30977,3122,1497,"NS",39,147
"22041",30978,3079,1019,"NS",39,77
"22042",30979,3086,1426,"NS",39,86
"22043",30980,3129,1507,"NS",39,168
"22044",30981,3104,1422,"NS",39,116
"22045",30982,3026,1433,"NS",39,2
"22046",30983,3076,1434,"NS",39,73
"22047",30984,3062,1439,"NS",39,53
"22048",30985,3110,1518,"NS",39,125
"22049",30986,3054,542,"NS",39,42
"22050",30987,3061,1391,"NS",39,52
"22051",30988,3128,1487,"NS",39,166
"22052",30989,3025,1520,"NS",39,1
"22053",30990,3045,1530,"NS",39,27
"22054",30991,3078,1440,"NS",39,76
"22055",30992,3122,1529,"NS",39,147
"22056",31025,567,1780,"SEEN1",34,2
"22057",31026,2867,1780,"SEEN1",34,140
"22058",31027,2870,1780,"SEEN1",34,155
"22059",31028,619,1742,"SEEN2",34,112
"22060",31029,2833,1767,"SEEN1",34,12
"22061",31030,591,1029,"SEEN1",34,42
"22062",31031,638,2969,"SEEN1",34,174
"22063",31032,2865,1879,"SEEN1",34,138
"22064",31033,2862,1806,"SEEN1",34,116
"22065",31034,2837,1384,"SEEN1",34,46
"22066",31035,2832,1740,"BrF",34,5
"22067",31036,2832,1415,"SEEN1",34,5
"22068",31037,581,1721,"SEEN2",34,25
"22069",31038,576,458,"SEEN1",34,16
"22070",31039,598,1781,"SEEN1",34,55
"22071",31040,634,1388,"SEEN1",34,168
"22072",31041,2834,1864,"SEEN1",34,26
"22073",31042,2860,1872,"ABX",34,108
"22074",31043,589,1854,"SEEN1",34,39
"22075",31044,591,1854,"SEEN1",34,42
"22076",31045,581,1825,"SEEN2",34,25
"22077",31046,2836,1868,"SEEN1",34,45
"22078",31047,2730,1388,"NSA",32,32
"22079",31048,2815,1677,"NSA",32,160
"22080",31049,2767,1712,"NSA",32,77
"22081",31050,2725,1721,"NSA",32,25
"22082",31051,2763,1747,"NSA",32,72
"22083",31052,2748,1769,"NSA",32,55
"22084",31053,2774,1780,"NSA",32,86
"22085",31054,2806,1801,"NSA",32,137
"22086",31055,2763,1805,"NSA",32,72
"22087",31056,2712,1876,"SEEN1",32,8
"22088",31057,8021,6215,"BrF",167,1
"22089",31058,8021,6144,"BrM",167,1
"22090",31059,8021,6745,"H",167,1
"22091",31060,8021,6901,"FL",167,1
"22092",31061,7965,6690,"BrF",167,2
"22093",31062,7965,6385,"BrM",167,2
"22094",31063,7965,6859,"ABX",167,2
"22095",31066,8030,6667,"BrF",167,739
"22096",31067,8030,6668,"BrM",167,739
"22097",31068,8030,6857,"ABX",167,739
"22098",31069,8030,6899,"FL",167,739
"22099",31070,7960,6034,"BrF",167,616
"22100",31071,7960,5853,"BrM",167,616
"22101",31072,7960,6833,"H",167,616
"22102",31073,7960,6777,"H",167,616
"22103",31074,7960,6910,"FL",167,616
"22104",31075,7960,6750,"SEEN1",167,616
"22105",31076,7966,3086,"BrF",167,3
"22106",31077,7966,5829,"BrM",167,3
"22107",31079,8059,6659,"BrF",167,8
"22108",31080,8059,6701,"BrM",167,8
"22109",31081,8059,6909,"ABX",167,8
"22110",31082,8059,5837,"NS",167,8
"22111",31083,7981,1826,"BrF",167,9
"22112",31084,7981,5624,"BrM",167,9
"22113",31085,7981,6904,"ABX",167,9
"22114",31086,8031,6700,"BrF",167,12
"22115",31087,8031,6645,"BrM",167,12
"22116",31089,8032,6229,"BrF",167,13
"22117",31090,8032,6155,"BrM",167,13
"22118",31091,8032,6571,"H",167,13
"22119",31092,8032,6903,"FL",167,13
"22120",31093,8032,6924,"FL",167,13
"22121",31094,8032,6702,"NS",167,13
"22122",31095,8011,5657,"BrF",167,15
"22123",31096,8011,1762,"BrM",167,15
"22124",31097,8011,6895,"ABX",167,15
"22125",31098,8011,6900,"ABX",167,15
"22126",31099,8020,6199,"BrF",167,16
"22127",31100,8020,6570,"BrM",167,16
"22128",31102,7980,6673,"BrF",167,20
"22129",31103,7980,6045,"BrM",167,20
"22130",31104,7980,6864,"H",167,20
"22131",31105,7980,6926,"FL",167,20
"22132",31106,8027,5630,"BrF",167,24
"22133",31107,8027,6698,"BrM",167,24
"22134",31108,8027,6906,"H",167,24
"22135",31110,8027,2966,"NS",167,24
"22136",31111,7986,6160,"BrF",167,26
"22137",31112,7986,5595,"BrM",167,26
"22138",31115,7982,6279,"BrF",167,27
"22139",31116,7982,3087,"BrM",167,27
"22140",31118,8033,6846,"BrF",167,28
"22141",31119,8033,6230,"BrM",167,28
"22142",31121,8033,5843,"NS",167,28
"22143",31122,8014,3497,"BrF",167,32
"22144",31123,8014,6557,"BrM",167,32
"22145",31124,8013,5823,"BrF",167,617
"22146",31125,8013,6556,"BrM",167,617
"22147",31126,8013,6836,"ABX",167,617
"22148",31127,8013,6923,"FL",167,617
"22149",31128,7995,5833,"BrF",167,34
"22150",31129,7995,6219,"BrM",167,34
"22151",31131,7995,6746,"NSA",167,34
"22152",31132,8034,6159,"BrF",167,36
"22153",31133,8034,5679,"BrM",167,36
"22154",31135,8034,6896,"FL",167,36
"22155",31136,8035,6217,"BrF",167,605
"22156",31137,8035,6676,"BrM",167,605
"22157",31139,8035,6309,"NS",167,605
"22158",31141,7967,6546,"BrF",167,39
"22159",31142,7967,6210,"BrM",167,39
"22160",31144,7979,3462,"BrF",167,40
"22161",31145,7979,5590,"BrM",167,40
"22162",31146,7979,6742,"ABX",167,40
"22163",31149,8060,6145,"BrF",167,41
"22164",31150,8060,6671,"BrM",167,41
"22165",31151,8060,6762,"ABX",167,41
"22166",31152,8060,6750,"SEEN1",167,41
"22167",31153,7961,6211,"BrF",167,43
"22168",31154,7961,6011,"BrM",167,43
"22169",31155,7961,6775,"H",167,43
"22170",31156,7961,6865,"H",167,43
"22171",31159,7983,5465,"BrF",167,45
"22172",31160,7983,6231,"BrM",167,45
"22173",31161,7983,5846,"H",167,45
"22174",31162,7983,6889,"AB",167,45
"22175",31165,8018,5611,"BrF",167,46
"22176",31166,8018,1868,"BrM",167,46
"22177",31167,8036,6138,"BrF",167,47
"22178",31168,8036,5513,"BrM",167,47
"22179",31169,8036,6884,"ABX",167,47
"22180",31171,8036,6703,"NSA",167,47
"22181",31172,8016,6274,"BrF",167,48
"22182",31173,8016,6213,"BrM",167,48
"22183",31174,8016,6558,"H",167,48
"22184",31175,8016,6655,"H",167,48
"22185",31177,8037,6660,"BrF",167,50
"22186",31178,8037,6548,"BrM",167,50
"22187",31180,8037,6732,"SEEN1",167,50
"22188",31181,8002,6036,"BrF",167,618
"22189",31182,8002,6163,"BrM",167,618
"22190",31183,8002,6161,"H",167,618
"22191",31184,8002,6776,"AB",167,618
"22192",31185,8002,6855,"AB",167,618
"22193",31186,8002,6888,"AB",167,618
"22194",31187,8002,6919,"FL",167,618
"22195",31188,8002,6918,"FL",167,618
"22196",31189,8002,6750,"SEEN1",167,618
"22197",31190,8017,3094,"BrF",167,53
"22198",31191,8017,5855,"BrM",167,53
"22199",31192,8017,6847,"H",167,53
"22200",31194,7999,6737,"BrF",167,55
"22201",31195,7999,5776,"BrM",167,55
"22202",31196,7999,6876,"ABX",167,55
"22203",31197,7999,6838,"SEEN2",167,55
"22204",31198,7999,5641,"NS",167,55
"22205",31199,7991,6738,"BrF",167,57
"22206",31200,7991,5321,"BrM",167,57
"22207",31201,7991,6572,"H",167,57
"22208",31202,7991,5640,"H",167,57
"22209",31203,7991,5514,"H",167,57
"22210",31204,7968,6554,"BrF",167,58
"22211",31205,7968,5779,"BrM",167,58
"22212",31206,7968,6886,"FL",167,58
"22213",31207,8000,6048,"BrF",167,59
"22214",31208,8000,6158,"BrM",167,59
"22215",31209,8000,6753,"H",167,59
"22216",31210,8000,6912,"FL",167,59
"22217",31211,8009,6568,"BrF",167,60
"22218",31212,8009,5523,"BrM",167,60
"22219",31213,8009,6892,"OFL",167,60
"22220",31214,8009,6832,"NSA",167,60
"22221",31215,8061,6174,"BrF",167,62
"22222",31216,8061,5291,"BrM",167,62
"22223",31217,8061,6875,"ABX",167,62
"22224",31218,8061,6214,"NS",167,62
"22225",31219,8038,5901,"BrF",167,63
"22226",31220,8038,6019,"BrM",167,63
"22227",31221,8038,5319,"H",167,63
"22228",31222,8038,6848,"ABX",167,63
"22229",31223,8038,6654,"ABX",167,63
"22230",31224,8038,6772,"ABX",167,63
"22231",31225,8038,6893,"OFL",167,63
"22232",31226,8038,6915,"FL",167,63
"22233",31227,7985,6187,"BrF",167,64
"22234",31228,7985,6261,"BrM",167,64
"22235",31229,7985,6856,"H",167,64
"22236",31230,7985,6920,"FL",167,64
"22237",31231,7985,6732,"SEEN1",167,64
"22238",31232,8019,6191,"BrF",167,68
"22239",31233,8019,6164,"BrM",167,68
"22240",31234,8019,6873,"AB",167,68
"22241",31235,8019,5337,"NS",167,68
"22242",31236,8019,6677,"NSA",167,68
"22243",31237,8012,5826,"BrM",167,602
"22244",31238,8012,6068,"BrF",167,602
"22245",31239,8012,6878,"H",167,602
"22246",31240,8012,6922,"FL",167,602
"22247",31241,8003,6652,"BrF",167,70
"22248",31242,8003,6166,"BrM",167,70
"22249",31243,8003,6766,"AB",167,70
"22250",31245,8003,6921,"FL",167,70
"22251",31246,7988,5543,"BrF",167,71
"22252",31247,7988,6370,"BrM",167,71
"22253",31248,7988,6162,"H",167,71
"22254",31249,7988,6732,"AB",167,71
"22255",31250,7988,6879,"AB",167,71
"22256",31251,7988,6835,"AB",167,71
"22257",31253,7988,6675,"NS",167,71
"22258",31255,7969,5452,"BrF",167,72
"22259",31256,7969,6029,"BrM",167,72
"22260",31257,7969,6734,"AB",167,72
"22261",31259,7987,6139,"BrF",167,75
"22262",31260,7987,6018,"BrM",167,75
"22263",31261,7987,6692,"H",167,75
"22264",31262,7987,6854,"H",167,75
"22265",31263,7987,6731,"AB",167,75
"22266",31264,7987,6891,"FL",167,75
"22267",31266,7987,6741,"NS",167,75
"22268",31267,8010,4958,"BrF",167,77
"22269",31268,8010,5626,"BrM",167,77
"22270",31269,8010,6881,"H",167,77
"22271",31270,7974,5597,"BrF",167,79
"22272",31271,7974,5602,"BrM",167,79
"22273",31272,8062,5589,"NS",167,633
"22274",31273,8062,6267,"NS",167,633
"22275",31274,8062,6749,"NS",167,633
"22276",31275,7975,5537,"BrF",167,81
"22277",31276,7975,4947,"BrM",167,81
"22278",31277,7975,6547,"H",167,81
"22279",31280,8039,5530,"BrF",167,82
"22280",31281,8039,6728,"BrM",167,82
"22281",31283,7977,6272,"BrF",167,637
"22282",31284,7977,6221,"BrM",167,637
"22283",31285,7977,6887,"ABX",167,637
"22284",31286,7977,6767,"SEEN1",167,637
"22285",31287,7977,6763,"NS",167,637
"22286",31289,8040,6378,"BrF",167,83
"22287",31290,8040,5822,"BrM",167,83
"22288",31292,8040,6768,"NS",167,83
"22289",31293,8040,6661,"NS",167,83
"22290",31294,8040,6666,"NS",167,83
"22291",31296,7978,6044,"BrF",167,85
"22292",31297,7978,6222,"BrM",167,85
"22293",31298,7978,6869,"SEEN1",167,85
"22294",31299,7978,6883,"FL",167,85
"22295",31300,7978,6026,"NS",167,85
"22296",31301,8041,6143,"BrF",167,86
"22297",31302,8041,3089,"BrM",167,86
"22298",31303,8041,6914,"OFL",167,86
"22299",31304,8041,6838,"SEEN1",167,86
"22300",31305,8042,3595,"BrF",167,90
"22301",31306,8042,5292,"BrM",167,90
"22302",31307,8025,5845,"BrF",167,94
"22303",31308,8025,6167,"BrM",167,94
"22304",31309,8025,6780,"AB",167,94
"22305",31310,8025,6754,"SEEN1",167,94
"22306",31311,8025,6663,"NS",167,94
"22307",31312,8043,6181,"BrF",167,95
"22308",31313,8043,6760,"BrM",167,95
"22309",31314,8043,6843,"H",167,95
"22310",31316,8043,4872,"NS",167,95
"22311",31317,7994,5521,"BrF",167,96
"22312",31318,7994,6694,"BrM",167,96
"22313",31319,7994,6913,"FL",167,96
"22314",31321,8044,6185,"BrF",167,98
"22315",31322,8044,6710,"BrM",167,98
"22316",31323,8044,6868,"SEEN2",167,98
"22317",31324,8044,1708,"NS",167,98
"22318",31325,8063,6840,"BrF",167,99
"22319",31326,8063,6032,"BrM",167,99
"22320",31328,8063,6688,"NS",167,99
"22321",31329,8063,5851,"NS",167,99
"22322",31330,7992,6061,"BrF",167,100
"22323",31331,7992,5547,"BrM",167,100
"22324",31332,7992,6778,"AB",167,100
"22325",31333,7992,6885,"FL",167,100
"22326",31334,8045,5128,"BrF",167,101
"22327",31335,8045,6381,"BrM",167,101
"22328",31336,8045,6871,"ABX",167,101
"22329",31338,8046,6195,"BrF",167,105
"22330",31339,8046,6759,"BrM",167,105
"22331",31340,8006,6665,"BrF",167,742
"22332",31341,8006,6736,"BrM",167,742
"22333",31342,8047,6644,"BrF",167,109
"22334",31343,8047,6569,"BrM",167,109
"22335",31344,7998,6186,"BrF",167,110
"22336",31345,7998,6384,"BrM",167,110
"22337",31348,8004,6561,"BrF",167,111
"22338",31349,8004,5559,"BrM",167,111
"22339",31351,8004,6780,"SEEN1",167,111
"22340",31352,8004,5212,"NS",167,111
"22341",31353,8005,6656,"BrF",167,743
"22342",31354,8005,6761,"BrM",167,743
"22343",31355,8005,6758,"ABX",167,743
"22344",31357,8005,6780,"SEEN1",167,743
"22345",31358,8005,6841,"NSA",167,743
"22346",31359,8005,6839,"NS",167,743
"22347",31362,8048,1707,"BrF",167,112
"22348",31363,8048,6709,"BrM",167,112
"22349",31364,8048,6872,"SEEN2",167,112
"22350",31365,8048,5909,"SEEN2",167,112
"22351",31367,8049,6693,"BrF",167,531
"22352",31368,8049,6650,"BrM",167,531
"22353",31369,8049,6890,"FL",167,531
"22354",31370,7962,6752,"BrF",167,116
"22355",31371,7962,3486,"BrM",167,116
"22356",31372,7962,6844,"ABX",167,116
"22357",31373,7962,6647,"NS",167,116
"22358",31375,8050,6707,"BrF",167,118
"22359",31376,8050,6788,"BrM",167,118
"22360",31378,8050,3698,"NS",167,118
"22361",31379,8051,6764,"BrF",167,123
"22362",31380,8051,5639,"BrM",167,123
"22363",31381,8051,6706,"ABX",167,123
"22364",31382,8064,6756,"SEEN2",167,664
"22365",31383,8051,5749,"NS",167,123
"22366",31384,7971,3596,"BrF",167,125
"22367",31385,7971,1877,"BrM",167,125
"22368",31386,7971,5596,"H",167,125
"22369",31388,7970,6022,"BrF",167,126
"22370",31389,7970,6708,"BrM",167,126
"22371",31390,7970,6874,"H",167,126
"22372",31392,7970,6853,"NS",167,126
"22373",31393,7970,6842,"NSA",167,126
"22374",31394,7990,6188,"BrF",167,636
"22375",31395,7990,6574,"BrM",167,636
"22376",31397,7990,6861,"ABX",167,636
"22377",31399,7989,4965,"BrF",167,127
"22378",31400,7989,6313,"BrM",167,127
"22379",31401,7989,6787,"H",167,127
"22380",31402,7989,6862,"SEEN1",167,127
"22381",31403,7997,5644,"BrF",167,128
"22382",31404,7997,5904,"BrM",167,128
"22383",31405,7997,6699,"H",167,128
"22384",31406,7997,6911,"FL",167,128
"22385",31407,7997,6779,"NS",167,128
"22386",31408,7958,6377,"BrF",167,134
"22387",31409,7958,5456,"BrM",167,134
"22388",31410,7958,6774,"AB",167,134
"22389",31411,7958,6908,"AB",167,134
"22390",31412,7958,6858,"OFL",167,134
"22391",31413,8052,5633,"BrF",167,135
"22392",31414,8052,6184,"BrM",167,135
"22393",31415,7973,6773,"BrF",167,137
"22394",31417,7973,6649,"BrM",167,137
"22395",31418,7973,6372,"NS",167,137
"22396",31419,7973,6727,"NS",167,137
"22397",31420,7963,6765,"BrF",167,138
"22398",31421,7963,6785,"BrM",167,138
"22399",31422,7963,6662,"NS",167,138
"22400",31423,7963,5600,"NS",167,138
"22401",31424,8029,6902,"BrF",167,140
"22402",31425,8029,6170,"BrM",167,140
"22403",31426,8029,6786,"AB",167,140
"22404",31427,8029,6838,"SEEN1",167,140
"22405",31428,8029,6169,"NSA",167,140
"22406",31429,8029,6852,"NSA",167,140
"22407",31430,8029,6850,"NSA",167,140
"22408",31431,7996,6009,"BrF",167,154
"22409",31432,7996,6249,"BrM",167,154
"22410",31433,7996,6696,"NS",167,154
"22411",31435,7996,6851,"AB",167,154
"22412",31436,8008,4885,"BrF",167,155
"22413",31437,8008,6689,"BrM",167,155
"22414",31438,7993,5075,"BrF",167,157
"22415",31439,7993,5583,"BrM",167,157
"22416",31440,7993,6837,"H",167,157
"22417",31442,8007,4861,"BrF",167,159
"22418",31443,8007,5583,"BrM",167,159
"22419",31444,8007,6849,"H",167,159
"22420",31445,8007,6867,"H",167,159
"22421",31446,8007,6866,"SEEN1",167,159
"22422",31447,8022,6657,"BrF",167,160
"22423",31448,8022,6747,"BrM",167,160
"22424",31449,8022,6781,"AB",167,160
"22425",31450,8022,6907,"FL",167,160
"22426",31451,8022,6651,"TBRM",167,160
"22427",31453,8023,6670,"BrF",167,169
"22428",31454,8023,5821,"BrM",167,169
"22429",31455,8023,6834,"AB",167,169
"22430",31456,8023,6916,"FL",167,169
"22431",31457,8023,6917,"SEEN1",167,169
"22432",31458,8001,6233,"BrF",167,173
"22433",31459,8001,6172,"BrM",167,173
"22434",31460,8001,6860,"ABX",167,173
"22435",31462,8065,6740,"BrF",167,174
"22436",31463,8065,5077,"BrM",167,174
"22437",31464,8065,5162,"NS",167,174
"22438",31465,8053,5545,"BrF",167,177
"22439",31466,8053,6565,"BrM",167,177
"22440",31467,8053,6898,"FL",167,177
"22441",31468,8053,6735,"NSA",167,177
"22442",31469,8053,6196,"NS",167,177
"22443",31471,7964,6744,"BrF",167,178
"22444",31472,7964,6653,"BrM",167,178
"22445",31473,7964,6730,"NS",167,178
"22446",31474,7964,6770,"NS",167,178
"22447",31475,7964,5511,"NS",167,178
"22448",31476,8024,5838,"BrF",167,179
"22449",31477,8024,6294,"BrM",167,179
"22450",31478,8024,6739,"ABX",167,179
"22451",31479,8054,5621,"BrF",167,172
"22452",31480,8054,6171,"BrM",167,172
"22453",31481,8054,6831,"ABX",167,172
"22454",31482,8054,6894,"OFL",167,172
"22455",31483,8055,6028,"BrF",167,407
"22456",31484,8055,3456,"BrM",167,407
"22457",31485,8055,6733,"H",167,407
"22458",31486,8055,6870,"SEEN2",167,407
"22459",31487,8055,6905,"FL",167,407
"22460",31488,8028,5683,"BrF",167,478
"22461",31489,8028,6375,"BrM",167,478
"22462",31490,8028,6743,"AB",167,478
"22463",31492,7972,6771,"BrF",167,480
"22464",31493,7972,4860,"BrM",167,480
"22465",31494,7972,6658,"NS",167,480
"22466",31495,8026,6550,"BrF",167,740
"22467",31496,8026,6697,"BrM",167,740
"22468",31498,8026,6374,"NS",167,740
"22469",31499,7984,5549,"BrF",167,479
"22470",31500,7984,5612,"BrM",167,479
"22471",31501,7984,6307,"H",167,479
"22472",31502,7984,6769,"AB",167,479
"22473",31503,7984,6927,"FL",167,479
"22474",31504,7959,5635,"BrF",167,481
"22475",31505,7959,6193,"BrM",167,481
"22476",31506,7959,6877,"OFL",167,481
"22477",31508,7959,6750,"SEEN1",167,481
"22478",31509,7959,6748,"NS",167,481
"22479",31510,8056,5009,"BrF",167,516
"22480",31511,8056,5850,"BrM",167,516
"22481",31513,7976,6064,"BrF",167,662
"22482",31514,7976,6152,"BrM",167,662
"22483",31515,7976,6845,"AB",167,662
"22484",31516,7976,6880,"FL",167,662
"22485",31517,8064,6168,"BrF",167,664
"22486",31518,8064,6146,"BrM",167,664
"22487",31519,8057,6551,"BrF",167,738
"22488",31520,8057,6200,"BrM",167,738
"22489",31521,8057,6755,"ABX",167,738
"22490",31522,8057,6897,"ABX",167,738
"22491",31523,8057,6925,"ABX",167,738
"22492",31524,8057,6882,"OFL",167,738
"22493",31526,8058,6669,"BrF",167,746
"22494",31527,8058,6563,"BrM",167,746
"22495",31528,8058,6863,"OFL",167,746
"22496",31529,8015,6729,"BrF",167,745
"22497",31530,8015,6559,"BrM",167,745
"22498",31531,8015,6207,"NS",167,745
"22499",31532,8066,6851,"U",167,165
"22500",31533,8066,6567,"BrM",167,165
"22501",31534,8066,6751,"ABX",167,165
"22502",31535,8066,6782,"ABX",167,165
"22503",31536,8066,6704,"TBRF",167,165
"22504",31537,8066,6757,"TBRF",167,165
"22505",31538,8066,6784,"NS",167,165
"22506",31539,8067,6704,"BrF",167,167
"22507",31540,8067,6757,"SEEN1",167,167
"22508",31541,8067,6751,"SEEN1",167,167
"22509",31542,7059,6064,"SEEN1",142,179
"22510",31543,6877,6064,"NSA",139,100
"22511",31544,6810,6064,"NSA",139,154
"22512",31545,6896,6064,"NSA",139,179
"22513",31546,7074,6152,"SEEN1",142,77
"22514",31547,6806,6168,"NSA",139,95
"22515",31548,6809,6167,"NSA",139,94
"22516",31549,6827,6016,"NSA",139,9
"22517",31550,6860,1042,"NSA",139,63
"22518",31551,6893,6195,"NSA",139,160
"22519",31552,6802,6168,"NSA",139,90
"22520",31553,6885,6167,"NSA",139,125
"22521",31554,6830,6144,"NSA",139,13
"22522",31555,6899,6016,"NSA",139,478
"22523",31556,7090,6027,"SEEN1",142,123
"22524",31557,7377,6380,"NS",144,100
"22525",31558,7348,6014,"NS",144,59
"22526",31559,7555,6380,"NS",159,100
"22527",31560,7610,6300,"NS",159,118
"22528",31561,7593,6014,"NS",159,59
"22529",31562,7907,6661,"NS",166,83
"22530",31563,6824,6144,"NSA",139,2
"22531",31564,2770,1712,"NSA",32,81
"22532",31565,2823,1747,"NSA",32,174
"22533",31566,2786,1801,"NSA",32,100
"22534",31567,2742,1805,"NSA",32,48
"22535",31568,5946,5775,"NSA",118,173
"22536",31569,7158,6183,"NSA",142,118
"22537",31570,7051,6230,"NSA",142,28
"22538",31571,7715,6294,"NSA",161,179
"22539",31572,7414,6294,"NSA",144,478
"22540",31573,7710,6670,"NSA",161,169
"22541",31574,4792,5080,"NSA",92,155
"22542",31575,4751,5213,"NSA",92,75
"22543",31576,5574,5080,"SEEN1",103,155
"22544",31577,5534,5213,"SEEN1",103,75
"22545",31578,8068,6838,"FLOAT",167,-3
"22546",31579,8068,6750,"FLOAT",167,-3
"22547",31580,8033,6732,"SEEN1",167,28
"22548",31581,8068,6732,"FLOAT",167,-3
"22549",31582,7622,6556,"FLOAT",159,-3
"22550",31583,8097,6215,"BrF",171,1
"22551",31584,8097,6144,"BrM",171,1
"22552",31585,8097,6745,"ABX",171,1
"22553",31586,8097,6901,"SEEN2",171,1
"22554",31587,8098,6690,"BrF",171,2
"22555",31588,8098,6385,"BrM",171,2
"22556",31589,8098,6859,"ABX",171,2
"22557",31590,8098,7086,"ABX",171,2
"22558",31591,8099,6667,"BrF",171,739
"22559",31592,8099,6668,"BrM",171,739
"22560",31593,8099,6857,"ABX",171,739
"22561",31594,8099,6899,"NS",171,739
"22562",31595,8071,6034,"BrF",171,616
"22563",31596,8071,5853,"BrM",171,616
"22564",31597,8071,6777,"H",171,616
"22565",31598,8071,6833,"ABX",171,616
"22566",31599,8071,6910,"ABX",171,616
"22567",31602,8100,5829,"BrM",171,3
"22568",31603,8100,7084,"SEEN1",171,3
"22569",31604,8100,3086,"NS",171,3
"22570",31605,8101,6659,"BrF",171,8
"22571",31606,8101,6701,"BrM",171,8
"22572",31607,8101,6909,"ABX",171,8
"22573",31608,8101,6845,"SEEN1",171,8
"22574",31609,8102,1826,"BrF",171,9
"22575",31610,8102,5624,"BrM",171,9
"22576",31611,8102,6904,"NSA",171,9
"22577",31612,8103,6700,"BrF",171,12
"22578",31613,8103,6645,"BrM",171,12
"22579",31615,8103,6894,"SEEN1",171,12
"22580",31616,8104,6229,"BrF",171,13
"22581",31617,8104,6155,"BrM",171,13
"22582",31618,8104,6571,"ABX",171,13
"22583",31619,8104,6903,"ABX",171,13
"22584",31620,8104,6924,"ABX",171,13
"22585",31621,8105,5657,"BrF",171,15
"22586",31622,8105,1762,"BrM",171,15
"22587",31623,8105,6895,"ABX",171,15
"22588",31624,8106,6199,"BrF",171,16
"22589",31625,8106,6570,"BrM",171,16
"22590",31626,8106,7074,"OFL",171,16
"22591",31627,8107,6673,"BrF",171,20
"22592",31628,8107,6045,"BrM",171,20
"22593",31629,8107,6864,"ABX",171,20
"22594",31630,8107,6905,"ABX",171,20
"22595",31631,8107,6926,"ABX",171,20
"22596",31632,8072,5630,"BrF",171,24
"22597",31633,8072,6698,"BrM",171,24
"22598",31634,8072,6906,"H",171,24
"22599",31635,8072,7071,"ABX",171,24
"22600",31637,8108,6160,"BrF",171,26
"22601",31638,8108,5595,"BrM",171,26
"22602",31639,8108,7083,"ABX",171,26
"22603",31640,8109,6279,"NS",171,27
"22604",31641,8109,3087,"BrM",171,27
"22605",31643,8073,6846,"BrF",171,28
"22606",31644,8073,6230,"BrM",171,28
"22607",31646,8110,3497,"BrF",171,32
"22608",31647,8110,6557,"BrM",171,32
"22609",31648,8111,5823,"BrF",171,617
"22610",31649,8111,6706,"BrM",171,617
"22611",31650,8111,6556,"NS",171,617
"22612",31651,8111,6923,"NSA",171,617
"22613",31652,8112,5833,"BrF",171,34
"22614",31653,8112,6219,"BrM",171,34
"22615",31654,8112,7070,"OFL",171,34
"22616",31655,8112,6743,"SEEN1",171,34
"22617",31656,8113,6159,"BrF",171,36
"22618",31657,8113,5679,"BrM",171,36
"22619",31659,8113,6896,"ABX",171,36
"22620",31660,8113,1707,"SEEN1",171,36
"22621",31661,8114,6217,"BrF",171,605
"22622",31662,8114,6676,"BrM",171,605
"22623",31664,8074,6546,"BrF",171,39
"22624",31665,8074,6210,"BrM",171,39
"22625",31668,8074,7093,"SEEN1",171,39
"22626",31669,8075,3462,"BrF",171,40
"22627",31670,8075,5590,"BrM",171,40
"22628",31671,8075,6742,"ABX",171,40
"22629",31673,8076,6145,"BrF",171,41
"22630",31674,8076,6671,"BrM",171,41
"22631",31675,8076,6762,"H",171,41
"22632",31677,8077,6211,"BrF",171,43
"22633",31678,8077,6011,"BrM",171,43
"22634",31679,8077,6775,"ABX",171,43
"22635",31680,8077,6865,"ABX",171,43
"22636",31684,8115,5465,"NS",171,45
"22637",31685,8115,6231,"BrM",171,45
"22638",31686,8115,5846,"NS",171,45
"22639",31687,8115,6889,"ABX",171,45
"22640",31688,8115,7097,"OFL",171,45
"22641",31690,8116,5611,"BrF",171,46
"22642",31691,8116,6835,"BrM",171,46
"22643",31692,8078,6138,"NS",171,47
"22644",31693,8078,5513,"BrM",171,47
"22645",31695,8078,6884,"ABX",171,47
"22646",31696,8078,7090,"ABX",171,47
"22647",31698,8078,6703,"SEEN1",171,47
"22648",31699,8078,6191,"SEEN1",171,47
"22649",31700,8117,6274,"BrF",171,48
"22650",31701,8117,6213,"NS",171,48
"22651",31702,8117,6558,"ABX",171,48
"22652",31703,8117,6655,"ABX",171,48
"22653",31705,8079,6660,"BrF",171,50
"22654",31706,8079,6548,"BrM",171,50
"22655",31709,8118,6036,"NSA",171,618
"22656",31710,8118,6163,"BrM",171,618
"22657",31711,8118,6161,"NSA",171,618
"22658",31712,8118,6776,"ABX",171,618
"22659",31713,8118,6888,"ABX",171,618
"22660",31714,8118,6855,"NS",171,618
"22661",31715,8118,6919,"ABX",171,618
"22662",31716,8118,6918,"ABX",171,618
"22663",31717,8118,6732,"SEEN1",171,618
"22664",31718,8079,6920,"SEEN1",171,50
"22665",31719,8119,3094,"NS",171,53
"22666",31720,8119,5855,"BrM",171,53
"22667",31721,8119,6847,"ABX",171,53
"22668",31722,8119,7096,"ABX",171,53
"22669",31723,8119,7078,"ABX",171,53
"22670",31724,8119,7089,"OFL",171,53
"22671",31725,8120,6737,"BrF",171,55
"22672",31726,8120,5776,"BrM",171,55
"22673",31727,8121,6738,"BrF",171,57
"22674",31728,8121,5321,"BrM",171,57
"22675",31729,8121,6572,"NSA",171,57
"22676",31730,8121,5640,"NSA",171,57
"22677",31731,8122,6554,"BrF",171,58
"22678",31732,8122,5779,"BrM",171,58
"22679",31733,8122,6886,"ABX",171,58
"22680",31734,8122,7091,"OFL",171,58
"22681",31735,8122,7085,"SEEN1",171,58
"22682",31736,8123,6048,"BrF",171,59
"22683",31737,8123,6158,"BrM",171,59
"22684",31738,8123,6912,"ABX",171,59
"22685",31739,8124,6568,"BrF",171,60
"22686",31740,8124,5523,"BrM",171,60
"22687",31741,8124,6892,"ABX",171,60
"22688",31742,8125,6174,"BrF",171,62
"22689",31743,8125,5291,"NS",171,62
"22690",31744,8125,6875,"ABX",171,62
"22691",31745,8126,5901,"BrF",171,63
"22692",31746,8126,6019,"BrM",171,63
"22693",31747,8126,6848,"ABX",171,63
"22694",31748,8126,6654,"ABX",171,63
"22695",31749,8126,6772,"ABX",171,63
"22696",31750,8126,6893,"ABX",171,63
"22697",31751,8126,5319,"ABX",171,63
"22698",31752,8126,6915,"NS",171,63
"22699",31753,8080,6187,"BrF",171,64
"22700",31754,8080,6261,"BrM",171,64
"22701",31755,8080,6856,"ABX",171,64
"22702",31756,8127,6836,"BrF",171,68
"22703",31757,8127,6164,"BrM",171,68
"22704",31758,8127,6838,"SEEN1",171,68
"22705",31759,8128,6068,"BrF",171,602
"22706",31760,8128,5826,"BrM",171,602
"22707",31761,8128,6878,"ABX",171,602
"22708",31762,8128,6922,"ABX",171,602
"22709",31763,8129,6652,"BrF",171,70
"22710",31764,8129,6166,"BrM",171,70
"22711",31765,8129,6766,"ABX",171,70
"22712",31766,8129,6921,"ABX",171,70
"22713",31767,8129,6756,"SEEN1",171,70
"22714",31769,8081,5543,"BrF",171,71
"22715",31770,8081,6370,"BrM",171,71
"22716",31771,8081,6162,"H",171,71
"22717",31772,8081,6732,"SEEN1",171,71
"22718",31773,8081,6879,"ABX",171,71
"22719",31774,8081,7072,"OFL",171,71
"22720",31775,8130,5452,"BrF",171,72
"22721",31776,8130,6029,"BrM",171,72
"22722",31777,8130,6734,"ABX",171,72
"22723",31778,8130,7077,"OFL",171,72
"22724",31779,8131,6139,"BrF",171,75
"22725",31780,8131,6018,"BrM",171,75
"22726",31781,8131,6692,"ABX",171,75
"22727",31782,8131,6854,"ABX",171,75
"22728",31783,8131,6731,"ABX",171,75
"22729",31784,8131,6891,"ABX",171,75
"22730",31785,8131,6873,"SEEN2",171,75
"22731",31786,8132,4958,"BrF",171,77
"22732",31787,8132,5626,"BrM",171,77
"22733",31788,8132,6881,"ABX",171,77
"22734",31789,8133,5597,"BrF",171,79
"22735",31790,8133,5602,"BrM",171,79
"22736",31791,8082,5537,"BrF",171,81
"22737",31792,8082,6746,"BrM",171,81
"22738",31793,8082,6547,"H",171,81
"22739",31794,8082,7068,"OFL",171,81
"22740",31796,8082,4947,"NS",171,81
"22741",31797,8134,5530,"BrF",171,82
"22742",31798,8134,6728,"BrM",171,82
"22743",31800,8083,6272,"BrF",171,637
"22744",31801,8083,6221,"BrM",171,637
"22745",31802,8083,6887,"ABX",171,637
"22746",31803,8083,7076,"FL",171,637
"22747",31804,8083,6782,"SEEN1",171,637
"22748",31805,8135,6378,"BrF",171,83
"22749",31806,8135,5822,"BrM",171,83
"22750",31808,8070,6044,"BrF",171,85
"22751",31809,8070,6222,"BrM",171,85
"22752",31810,8070,6883,"SEEN1",171,85
"22753",31811,8070,7098,"FL",171,85
"22754",31812,8070,6869,"NS",171,85
"22755",31813,8136,6143,"BrF",171,86
"22756",31814,8136,3089,"BrM",171,86
"22757",31815,8136,6767,"ABX",171,86
"22758",31816,8136,6914,"ABX",171,86
"22759",31817,8136,7069,"OFL",171,86
"22760",31818,8136,6838,"SEEN1",171,86
"22761",31819,8136,6845,"SEEN1",171,86
"22762",31820,8084,6874,"BrF",171,90
"22763",31821,8084,5292,"BrM",171,90
"22764",31822,8084,3595,"NS",171,90
"22765",31823,8085,5845,"BrF",171,94
"22766",31824,8085,6167,"BrM",171,94
"22767",31825,8086,6181,"NS",171,95
"22768",31826,8086,6760,"BrM",171,95
"22769",31827,8086,6843,"ABX",171,95
"22770",31829,8087,5521,"BrF",171,96
"22771",31830,8087,6146,"BrM",171,96
"22772",31831,8087,6694,"NS",171,96
"22773",31832,8087,6913,"NS",171,96
"22774",31834,8137,6185,"BrF",171,98
"22775",31835,8137,6710,"BrM",171,98
"22776",31836,8138,6840,"BrF",171,99
"22777",31837,8138,6781,"BrM",171,99
"22778",31838,8138,6032,"NS",171,99
"22779",31840,8139,6876,"BrF",171,100
"22780",31841,8139,5547,"BrM",171,100
"22781",31842,8139,6061,"NS",171,100
"22782",31843,8139,6778,"NS",171,100
"22783",31844,8139,6885,"ABX",171,100
"22784",31845,8140,5128,"NS",171,101
"22785",31846,8140,6381,"BrM",171,101
"22786",31847,8140,6871,"ABX",171,101
"22787",31848,8088,6195,"BrF",171,105
"22788",31849,8088,6759,"BrM",171,105
"22789",31851,8089,6665,"BrF",171,742
"22790",31852,8089,6736,"BrM",171,742
"22791",31854,8090,6644,"BrF",171,109
"22792",31855,8090,6569,"BrM",171,109
"22793",31857,8116,1868,"NS",171,46
"22794",31858,8125,6834,"SEEN1",171,62
"22795",31859,8141,6186,"BrF",171,110
"22796",31860,8141,6384,"BrM",171,110
"22797",31862,8141,6882,"SEEN1",171,110
"22798",31863,8142,6561,"BrF",171,111
"22799",31864,8142,5559,"BrM",171,111
"22800",31865,8142,7094,"ABX",171,111
"22801",31866,8143,6656,"NSA",171,743
"22802",31867,8084,6761,"SEEN1",171,90
"22803",31868,8144,6780,"BrF",171,765
"22804",31869,8144,6758,"BrM",171,765
"22805",31871,8145,6769,"BrF",171,112
"22806",31872,8145,6709,"BrM",171,112
"22807",31873,8145,6872,"NS",171,112
"22808",31874,8145,5909,"NS",171,112
"22809",31875,8146,6693,"BrF",171,531
"22810",31876,8146,6650,"BrM",171,531
"22811",31877,8146,6890,"ABX",171,531
"22812",31878,8146,6841,"SEEN1",171,531
"22813",31879,8147,6752,"BrF",171,116
"22814",31880,8147,3486,"BrM",171,116
"22815",31881,8136,6844,"SEEN1",171,86
"22816",31882,8148,6707,"BrF",171,118
"22817",31883,8148,6788,"BrM",171,118
"22818",31884,8148,7088,"SEEN1",171,118
"22819",31885,8149,6764,"BrF",171,123
"22820",31886,8149,5639,"BrM",171,123
"22821",31887,8149,6732,"SEEN1",171,123
"22822",31888,8150,3596,"BrF",171,125
"22823",31889,8150,1877,"BrM",171,125
"22824",31890,8150,5596,"ABX",171,125
"22825",31891,8151,6022,"BrF",171,126
"22826",31892,8151,6708,"BrM",171,126
"22827",31893,8151,7073,"OFL",171,126
"22828",31894,8152,6188,"BrF",171,636
"22829",31895,8152,6574,"BrM",171,636
"22830",31896,8152,7085,"SEEN1",171,636
"22831",31899,8153,4965,"BrF",171,127
"22832",31900,8153,6313,"NS",171,127
"22833",31901,8153,6787,"ABX",171,127
"22834",31902,8122,6862,"SEEN1",171,58
"22835",31903,8153,6753,"SEEN1",171,127
"22836",31904,8153,6842,"SEEN2",171,127
"22837",31905,8153,6832,"SEEN2",171,127
"22838",31906,8154,5644,"BrF",171,128
"22839",31907,8154,5904,"BrM",171,128
"22840",31908,8154,6699,"ABX",171,128
"22841",31909,8154,6911,"ABX",171,128
"22842",31910,8069,6377,"BrF",171,134
"22843",31911,8069,5456,"BrM",171,134
"22844",31912,8069,6908,"NS",171,134
"22845",31913,8069,6858,"ABX",171,134
"22846",31914,8069,7095,"CH",171,134
"22847",31915,8091,5633,"BrF",171,135
"22848",31916,8091,6184,"BrM",171,135
"22849",31917,8091,6774,"SEEN2",171,135
"22850",31918,8091,6704,"SEEN2",171,135
"22851",31919,8155,6773,"BrF",171,137
"22852",31920,8155,6649,"BrM",171,137
"22853",31921,8155,7080,"OFL",171,137
"22854",31922,8156,6765,"BrF",171,138
"22855",31923,8156,6785,"BrM",171,138
"22856",31924,8157,6902,"BrF",171,140
"22857",31925,8157,6170,"BrM",171,140
"22858",31926,8092,6009,"BrF",171,154
"22859",31927,8092,6249,"BrM",171,154
"22860",31928,8092,7087,"FL",171,154
"22861",31929,8092,7075,"ABX",171,154
"22862",31930,8092,6838,"SEEN1",171,154
"22863",31931,8092,7085,"SEEN1",171,154
"22864",31932,8158,4885,"BrF",171,155
"22865",31933,8158,6689,"BrM",171,155
"22866",31934,8159,4861,"BrF",171,159
"22867",31935,8159,5583,"BrM",171,159
"22868",31936,8159,6849,"ABX",171,159
"22869",31937,8159,6867,"ABX",171,159
"22870",31938,8159,6866,"NS",171,159
"22871",31939,8160,5075,"BrF",171,157
"22872",31940,8160,5583,"BrM",171,157
"22873",31941,8160,6837,"NSA",171,157
"22874",31942,8160,7081,"SEEN2",171,157
"22875",31943,8161,6657,"BrF",171,160
"22876",31944,8161,6897,"BrM",171,160
"22877",31945,8161,6747,"NS",171,160
"22878",31946,8161,6907,"NS",171,160
"22879",31947,8161,6651,"NS",171,160
"22880",31948,8093,6851,"BrF",171,165
"22881",31949,8093,6567,"BrM",171,165
"22882",31951,8093,6751,"NS",171,165
"22883",31952,8139,6757,"SEEN1",171,100
"22884",31953,8162,6850,"SEEN2",171,167
"22885",31954,8163,6670,"BrF",171,169
"22886",31955,8163,5821,"BrM",171,169
"22887",31956,8163,6916,"ABX",171,169
"22888",31957,8163,6917,"SEEN1",171,169
"22889",31958,8094,6233,"BrF",171,173
"22890",31959,8094,6172,"BrM",171,173
"22891",31960,8094,6860,"ABX",171,173
"22892",31963,8095,6028,"BrF",171,407
"22893",31964,8164,5545,"BrF",171,177
"22894",31965,8166,6861,"BrF",171,178
"22895",31966,8165,6740,"BrF",171,174
"22896",31967,8164,6565,"BrM",171,177
"22897",31968,8164,6898,"ABX",171,177
"22898",31969,8164,6786,"SEEN1",171,177
"22899",31971,8166,6653,"BrM",171,178
"22900",31972,8166,6744,"NS",171,178
"22901",31973,8167,5838,"BrF",171,179
"22902",31974,8167,6294,"BrM",171,179
"22903",31975,8167,6739,"ABX",171,179
"22904",31977,8167,6845,"SEEN1",171,179
"22905",31978,8168,5621,"BrF",171,172
"22906",31979,8168,6900,"BrM",171,172
"22907",31980,8168,6831,"ABX",171,172
"22908",31981,8168,6171,"NS",171,172
"22909",31982,8095,3456,"BrM",171,407
"22910",31983,8095,6733,"ABX",171,407
"22911",31984,8095,6870,"ABX",171,407
"22912",31986,8169,5683,"BrF",171,478
"22913",31987,8169,6375,"BrM",171,478
"22914",31988,8170,6771,"BrF",171,480
"22915",31989,8170,4860,"BrM",171,480
"22916",31990,8171,6550,"BrF",171,740
"22917",31991,8171,6697,"BrM",171,740
"22918",31993,8172,5549,"BrF",171,479
"22919",31994,8172,6307,"ABX",171,479
"22920",31995,8172,5612,"NSA",171,479
"22921",31996,8172,6852,"ABX",171,479
"22922",31997,8172,6927,"ABX",171,479
"22923",31998,8173,5635,"BrF",171,481
"22924",31999,8173,6193,"BrM",171,481
"22925",32000,8173,6877,"ABX",171,481
"22926",32003,8174,5009,"BrF",171,516
"22927",32004,8174,5850,"BrM",171,516
"22928",32005,8174,7079,"OFL",171,516
"22929",32006,8175,6064,"BrF",171,662
"22930",32007,8175,6152,"BrM",171,662
"22931",32008,8175,6845,"SEEN1",171,662
"22932",32009,8175,6880,"NS",171,662
"22933",32010,8176,6168,"BrF",171,664
"22934",32011,8176,6146,"BrM",171,664
"22935",32012,8096,6551,"BrF",171,738
"22936",32013,8096,6200,"BrM",171,738
"22937",32014,8096,6925,"H",171,738
"22938",32016,8096,6754,"SEEN1",171,738
"22939",32017,8096,6755,"NS",171,738
"22940",32019,8177,6669,"BrF",171,746
"22941",32020,8177,6563,"BrM",171,746
"22942",32021,8177,6863,"ABX",171,746
"22943",32022,8178,6729,"BrF",171,745
"22944",32023,8178,6559,"BrM",171,745
"22945",32024,8179,6845,"FLOAT",171,-3
"22946",32025,8179,7085,"FLOAT",171,-3
"22947",32026,8179,6838,"FLOAT",171,-3
"22948",32027,8179,6732,"FLOAT",171,-3
"22949",32028,8139,6868,"SEEN1",171,100
"22950",32029,8165,5077,"BrM",171,174
"22951",32030,3388,1042,"FLOAT",22,-3
"22952",32031,83,1042,"SEEN1",22,110
"22953",32562,8186,6215,"BrF",173,1
"22954",32563,8186,6144,"BrM",173,1
"22955",32564,8186,6901,"H",173,1
"22956",32566,8186,6701,"SEEN2",173,1
"22957",32567,8204,6690,"BrF",173,2
"22958",32568,8204,6385,"BrM",173,2
"22959",32569,8204,6859,"ABX",173,2
"22960",32570,8204,7086,"ABX",173,2
"22961",32572,8239,6766,"BrF",173,616
"22962",32573,8239,5853,"BrM",173,616
"22963",32574,8239,6777,"ABX",173,616
"22964",32575,8239,6910,"ABX",173,616
"22965",32577,8239,7102,"ABX",173,616
"22966",32578,8239,6034,"NS",173,616
"22967",32579,8240,6767,"BrF",173,739
"22968",32580,8240,6668,"BrM",173,739
"22969",32582,8240,6899,"NS",173,739
"22970",32583,8240,6667,"NS",173,739
"22971",32584,8217,6378,"BrF",173,3
"22972",32585,8217,5829,"BrM",173,3
"22973",32586,8217,7071,"SEEN2",173,3
"22974",32587,8217,7084,"ABX",173,3
"22975",32588,8217,6767,"SEEN1",173,3
"22976",32589,8217,6668,"SEEN1",173,3
"22977",32590,8217,6909,"SEEN1",173,3
"22978",32591,8217,6859,"SEEN1",173,3
"22979",32592,8217,3086,"NS",173,3
"22980",32593,8241,6659,"BrF",173,8
"22981",32594,8241,6701,"BrM",173,8
"22982",32595,8241,6909,"ABX",173,8
"22983",32596,8181,1826,"BrF",173,9
"22984",32597,8181,5624,"BrM",173,9
"22985",32598,8202,6700,"BrF",173,12
"22986",32599,8202,6645,"BrM",173,12
"22987",32600,8202,6894,"H",173,12
"22988",32601,8242,6229,"BrF",173,13
"22989",32602,8242,6155,"BrM",173,13
"22990",32603,8242,6903,"ABX",173,13
"22991",32604,8242,6924,"ABX",173,13
"22992",32606,8242,6571,"NS",173,13
"22993",32607,8199,5657,"BrF",173,15
"22994",32608,8199,1762,"BrM",173,15
"22995",32609,8199,6895,"H",173,15
"22996",32611,8211,6199,"BrF",173,16
"22997",32612,8211,6570,"BrM",173,16
"22998",32614,8211,6879,"SEEN1",173,16
"22999",32615,8211,6884,"SEEN1",173,16
"23000",32616,8211,7074,"NS",173,16
"23001",32617,8243,6673,"BrF",173,20
"23002",32618,8243,6877,"BrM",173,20
"23003",32619,8243,6905,"ABX",173,20
"23004",32620,8243,6864,"ABX",173,20
"23005",32621,8243,6926,"ABX",173,20
"23006",32622,8243,7111,"FL",173,20
"23007",32623,8243,6045,"NSA",173,20
"23008",32624,8244,5630,"BrF",173,24
"23009",32625,8244,6698,"BrM",173,24
"23010",32626,8244,6906,"SEEN1",173,24
"23011",32627,8244,7071,"ABX",173,24
"23012",32628,8244,6018,"SEEN1",173,24
"23013",32629,8219,6733,"BrF",173,26
"23014",32630,8219,7094,"SEEN1",173,26
"23015",32631,8219,6863,"SEEN2",173,26
"23016",32632,8219,6160,"NS",173,26
"23017",32633,8219,5595,"NS",173,26
"23018",32634,8228,3087,"BrM",173,27
"23019",32636,8228,7082,"SEEN2",173,27
"23020",32637,8228,6279,"NS",173,27
"23021",32638,8245,6191,"BrF",173,28
"23022",32639,8245,6865,"BrM",173,28
"23023",32640,8245,6846,"NS",173,28
"23024",32641,8245,6230,"NS",173,28
"23025",32642,8246,6890,"SEEN1",173,32
"23026",32643,8246,7088,"SEEN1",173,32
"23027",32644,8246,3497,"NS",173,32
"23028",32645,8246,6557,"NS",173,32
"23029",32646,8187,5823,"BrF",173,617
"23030",32647,8187,6706,"BrM",173,617
"23031",32649,8187,6139,"SEEN1",173,617
"23032",32650,8187,6556,"NS",173,617
"23033",32651,8247,6219,"BrM",173,34
"23034",32653,8247,6870,"ABX",173,34
"23035",32654,8247,6862,"SEEN1",173,34
"23036",32655,8191,6159,"BrF",173,36
"23037",32656,8191,5679,"BrM",173,36
"23038",32657,8191,6896,"ABX",173,36
"23039",32659,8248,6217,"BrF",173,605
"23040",32660,8248,6676,"BrM",173,605
"23041",32661,8209,6546,"BrF",173,39
"23042",32662,8209,6210,"BrM",173,39
"23043",32663,8216,3462,"BrF",173,40
"23044",32664,8216,5590,"BrM",173,40
"23045",32665,8216,6742,"NS",173,40
"23046",32666,8249,6145,"BrF",173,41
"23047",32667,8249,6671,"BrM",173,41
"23048",32668,8249,6762,"ABX",173,41
"23049",32669,8250,6211,"BrF",173,43
"23050",32670,8250,6011,"BrM",173,43
"23051",32671,8250,7099,"SEEN1",173,43
"23052",32673,8250,6775,"NS",173,43
"23053",32674,8251,6833,"BrF",173,45
"23054",32675,8251,6231,"BrM",173,45
"23055",32676,8251,6889,"ABX",173,45
"23056",32677,8251,6884,"SEEN1",173,45
"23057",32678,8251,7093,"SEEN1",173,45
"23058",32679,8251,7090,"SEEN1",173,45
"23059",32680,8251,5465,"NS",173,45
"23060",32681,8251,5846,"NS",173,45
"23061",32682,8188,5611,"BrF",173,46
"23062",32683,8188,6835,"BrM",173,46
"23063",32684,8188,1868,"NS",173,46
"23064",32685,8231,7100,"BrF",173,47
"23065",32686,8231,5513,"BrM",173,47
"23066",32687,8231,6884,"H",173,47
"23067",32688,8231,7090,"H",173,47
"23068",32690,8231,6677,"SEEN1",173,47
"23069",32691,8231,6703,"SEEN2",173,47
"23070",32692,8231,6138,"NS",173,47
"23071",32693,8252,6558,"BrF",173,48
"23072",32694,8252,6655,"BrM",173,48
"23073",32695,8252,6274,"NS",173,48
"23074",32696,8252,6213,"NS",173,48
"23075",32697,8252,6732,"NS",173,48
"23076",32698,8253,6548,"BrM",173,50
"23077",32699,8253,6920,"SEEN2",173,50
"23078",32700,8253,6660,"NS",173,50
"23079",32701,8229,6161,"BrF",173,618
"23080",32702,8229,6163,"BrM",173,618
"23081",32703,8229,6776,"ABX",173,618
"23082",32704,8229,6918,"ABX",173,618
"23083",32705,8229,6919,"ABX",173,618
"23084",32706,8229,6920,"ABX",173,618
"23085",32707,8229,6036,"SEEN1",173,618
"23086",32708,8229,6855,"NS",173,618
"23087",32709,8194,6847,"BrF",173,53
"23088",32710,8194,5855,"BrM",173,53
"23089",32711,8194,7078,"SEEN2",173,53
"23090",32712,8194,7096,"ABX",173,53
"23091",32714,8194,3094,"NS",173,53
"23092",32715,8194,7089,"NS",173,53
"23093",32716,8254,6737,"BrF",173,55
"23094",32717,8254,5776,"BrM",173,55
"23095",32719,8254,6832,"SEEN1",173,55
"23096",32720,8254,7073,"SEEN1",173,55
"23097",32721,8255,6738,"BrF",173,57
"23098",32722,8255,5321,"BrM",173,57
"23099",32723,8255,6572,"ABX",173,57
"23100",32724,8255,5640,"ABX",173,57
"23101",32726,8255,7108,"SEEN1",173,57
"23102",32727,8206,6554,"BrF",173,58
"23103",32728,8206,5779,"BrM",173,58
"23104",32729,8206,6886,"ABX",173,58
"23105",32730,8206,7091,"ABX",173,58
"23106",32731,8234,6048,"BrF",173,59
"23107",32732,8234,6158,"BrM",173,59
"23108",32733,8234,6912,"ABX",173,59
"23109",32734,8234,6772,"SEEN1",173,59
"23110",32735,8256,6568,"BrF",173,60
"23111",32736,8256,5523,"BrM",173,60
"23112",32737,8256,6892,"SEEN2",173,60
"23113",32738,8192,6174,"BrF",173,62
"23114",32739,8192,6772,"BrM",173,62
"23115",32740,8192,5291,"NS",173,62
"23116",32741,8192,6834,"NS",173,62
"23117",32742,8189,5901,"BrF",173,63
"23118",32743,8189,6019,"BrM",173,63
"23119",32744,8189,5319,"H",173,63
"23120",32745,8189,6654,"H",173,63
"23121",32746,8189,6893,"AB",173,63
"23122",32747,8189,6187,"SEEN1",173,63
"23123",32748,8189,6261,"SEEN1",173,63
"23124",32749,8189,6916,"SEEN1",173,63
"23125",32750,8189,6915,"NS",173,63
"23126",32751,8195,6187,"BrF",173,64
"23127",32752,8195,6261,"BrM",173,64
"23128",32753,8195,6856,"H",173,64
"23129",32755,8257,6836,"BrF",173,68
"23130",32756,8257,6164,"BrM",173,68
"23131",32757,8258,6068,"BrF",173,602
"23132",32758,8258,5826,"BrM",173,602
"23133",32759,8258,6878,"NS",173,602
"23134",32760,8258,6922,"NS",173,602
"23135",32761,8225,6652,"BrF",173,70
"23136",32762,8225,6921,"BrM",173,70
"23137",32763,8225,6756,"NS",173,70
"23138",32764,8225,6166,"NS",173,70
"23139",32765,8259,5543,"BrF",173,71
"23140",32766,8259,6370,"BrM",173,71
"23141",32767,8259,6162,"H",173,71
"23142",32768,8259,6879,"ABX",173,71
"23143",32769,8259,7072,"ABX",173,71
"23144",32771,8260,5452,"BrF",173,72
"23145",32772,8260,6029,"BrM",173,72
"23146",32774,8260,6734,"NS",173,72
"23147",32775,8260,7077,"NS",173,72
"23148",32776,8180,6873,"BrF",173,75
"23149",32777,8180,6692,"BrM",173,75
"23150",32778,8180,6731,"ABX",173,75
"23151",32779,8180,6897,"SEEN1",173,75
"23152",32780,8180,6854,"NSA",173,75
"23153",32781,8180,6891,"NS",173,75
"23154",32782,8196,4958,"BrF",173,77
"23155",32783,8196,5626,"BrM",173,77
"23156",32785,8388,5597,"NSA",174,637
"23157",32786,8261,5602,"NS",173,-3
"23158",32787,8262,6547,"BrF",173,81
"23159",32788,8262,6746,"BrM",173,81
"23160",32789,8262,7068,"ABX",173,81
"23161",32791,8262,4947,"NS",173,81
"23162",32792,8262,5537,"NS",173,81
"23163",32793,8263,6849,"BrF",173,82
"23164",32794,8263,6728,"BrM",173,82
"23165",32795,8263,5530,"NS",173,82
"23166",32796,8200,6272,"BrF",173,637
"23167",32797,8200,6221,"BrM",173,637
"23168",32799,8200,7076,"SEEN1",173,637
"23169",32800,8200,7106,"FL",173,637
"23170",32801,8200,7105,"FL",173,637
"23171",32802,8264,6845,"BrF",173,83
"23172",32803,8264,6739,"BrM",173,83
"23173",32804,8264,6378,"TBRF",173,83
"23174",32805,8264,6222,"TBRM",173,83
"23175",32806,8264,5822,"NS",173,83
"23176",32807,8265,6044,"BrF",173,85
"23177",32808,8265,6222,"BrM",173,85
"23178",32809,8265,6883,"ABX",173,85
"23179",32810,8265,6869,"NS",173,85
"23180",32811,8265,7098,"NS",173,85
"23181",32812,8266,6143,"BrF",173,86
"23182",32813,8266,3089,"BrM",173,86
"23183",32814,8266,6914,"ABX",173,86
"23184",32815,8266,7069,"ABX",173,86
"23185",32816,8266,6844,"SEEN1",173,86
"23186",32817,8266,6837,"SEEN1",173,86
"23187",32818,8267,6168,"BrF",173,90
"23188",32819,8267,5292,"BrM",173,90
"23189",32821,8267,6551,"SEEN1",173,90
"23190",32822,8267,3595,"NS",173,90
"23191",32823,8267,6874,"NS",173,90
"23192",32824,8268,5845,"BrF",173,94
"23193",32825,8268,6167,"BrM",173,94
"23194",32826,8268,6882,"SEEN1",173,94
"23195",32827,8230,6843,"BrF",173,95
"23196",32828,8230,7110,"H",173,95
"23197",32829,8230,6923,"AB",173,95
"23198",32830,8230,6760,"NS",173,95
"23199",32831,8230,6181,"NS",173,95
"23200",32832,8269,5521,"BrF",173,96
"23201",32833,8269,7075,"ABX",173,96
"23202",32836,8269,6694,"NS",173,96
"23203",32837,8269,6146,"NS",173,96
"23204",32838,8193,6185,"BrF",173,98
"23205",32839,8193,6710,"BrM",173,98
"23206",32840,8193,6868,"SEEN2",173,98
"23207",32842,8193,7075,"SEEN2",173,98
"23208",32843,8197,6840,"BrF",173,99
"23209",32844,8197,6887,"BrM",173,99
"23210",32846,8197,6781,"NS",173,99
"23211",32847,8197,6032,"NS",173,99
"23212",32848,8198,6838,"BrF",173,100
"23213",32849,8198,6868,"BrM",173,100
"23214",32850,8198,6778,"NS",173,100
"23215",32851,8198,6061,"NS",173,100
"23216",32852,8198,6876,"NS",173,100
"23217",32853,8198,6885,"NS",173,100
"23218",32854,8198,5547,"NS",173,100
"23219",32855,8270,6881,"BrF",173,101
"23220",32856,8270,6381,"BrM",173,101
"23221",32857,8270,5128,"NS",173,101
"23222",32858,8270,6871,"NS",173,101
"23223",32859,8208,6195,"BrF",173,105
"23224",32860,8208,6759,"BrM",173,105
"23225",32861,8213,6665,"BrF",173,742
"23226",32862,8213,6736,"BrM",173,742
"23227",32863,8271,6920,"SEEN1",173,109
"23228",32864,8271,6569,"NS",173,109
"23229",32865,8272,6186,"BrF",173,110
"23230",32866,8272,6384,"BrM",173,110
"23231",32867,8272,7070,"SEEN1",173,110
"23232",32868,8272,7094,"SEEN1",173,110
"23233",32869,8272,6904,"SEEN2",173,110
"23234",32870,8273,6561,"BrF",173,111
"23235",32871,8273,6644,"SEEN1",173,111
"23236",32872,8273,7070,"SEEN1",173,111
"23237",32873,8273,5559,"NS",173,111
"23238",32874,8226,6656,"BrF",173,743
"23239",32877,8226,6860,"SEEN1",173,743
"23240",32878,8226,6761,"NS",173,743
"23241",32879,8237,6780,"BrF",173,765
"23242",32880,8237,6758,"BrM",173,765
"23243",32881,8237,6906,"ABX",173,765
"23244",32882,8237,6882,"SEEN1",173,765
"23245",32883,8237,6384,"SEEN1",173,765
"23246",32884,8237,6561,"SEEN1",173,765
"23247",32885,8274,6769,"BrF",173,112
"23248",32886,8274,6709,"BrM",173,112
"23249",32887,8274,7104,"ABX",173,112
"23250",32888,8274,6890,"SEEN2",173,112
"23251",32889,8274,6872,"NS",173,112
"23252",32890,8274,5909,"NS",173,112
"23253",32891,8275,6693,"BrF",173,531
"23254",32892,8275,6890,"ABX",173,531
"23255",32893,8275,6650,"NS",173,531
"23256",32894,8275,6841,"NS",173,531
"23257",32895,8221,6752,"BrF",173,116
"23258",32896,8221,3486,"BrM",173,116
"23259",32897,8276,6707,"BrF",173,118
"23260",32898,8276,6788,"BrM",173,118
"23261",32899,8277,6764,"BrF",173,123
"23262",32900,8277,6921,"BrM",173,123
"23263",32901,8277,5639,"NS",173,123
"23264",32902,8214,5596,"BrF",173,125
"23265",32903,8214,6788,"BrM",173,125
"23266",32904,8214,6758,"SEEN1",173,125
"23267",32905,8214,3596,"NS",173,125
"23268",32906,8214,1877,"NS",173,125
"23269",32907,8235,6022,"BrF",173,126
"23270",32908,8235,6848,"BrM",173,126
"23271",32909,8235,7073,"ABX",173,126
"23272",32910,8235,6708,"NS",173,126
"23273",32911,8212,6188,"BrF",173,636
"23274",32912,8212,6574,"BrM",173,636
"23275",32913,8212,7103,"H",173,636
"23276",32916,8207,4965,"BrF",173,127
"23277",32917,8207,6745,"BrM",173,127
"23278",32918,8207,6313,"NS",173,127
"23279",32919,8207,6842,"NSA",173,127
"23280",32920,8207,6787,"NS",173,127
"23281",32921,8233,5644,"BrF",173,128
"23282",32922,8233,6753,"BrM",173,128
"23283",32923,8233,6699,"H",173,128
"23284",32925,8233,6866,"NS",173,128
"23285",32926,8233,5904,"NS",173,128
"23286",32927,8233,6911,"NS",173,128
"23287",32928,8182,6377,"BrF",173,134
"23288",32929,8182,6850,"BrM",173,134
"23289",32931,8182,6908,"NS",173,134
"23290",32932,8182,5456,"NS",173,134
"23291",32933,8182,7095,"NS",173,134
"23292",32934,8278,6704,"BrF",173,135
"23293",32935,8278,6862,"BrM",173,135
"23294",32936,8278,5633,"NS",173,135
"23295",32937,8278,6184,"NS",173,135
"23296",32938,8278,6774,"NSA",173,135
"23297",32939,8210,6773,"BrF",173,137
"23298",32940,8210,6892,"BrM",173,137
"23299",32941,8210,6649,"NS",173,137
"23300",32942,8210,7080,"NS",173,137
"23301",32943,8218,6765,"BrF",173,138
"23302",32944,8218,6785,"BrM",173,138
"23303",32945,8279,6902,"BrF",173,140
"23304",32946,8279,6170,"BrM",173,140
"23305",32948,8279,6689,"SEEN1",173,140
"23306",32949,8203,6009,"BrF",173,154
"23307",32950,8203,6249,"BrM",173,154
"23308",32952,8203,6838,"SEEN1",173,154
"23309",32953,8280,4885,"BrF",173,155
"23310",32954,8280,6689,"BrM",173,155
"23311",32955,8280,6888,"SEEN1",173,155
"23312",32956,8190,6875,"BrF",173,157
"23313",32957,8190,6898,"BrM",173,157
"23314",32958,8190,5583,"TBRM",173,157
"23315",32959,8190,5075,"NS",173,157
"23316",32960,8222,4861,"BrF",173,159
"23317",32961,8222,6898,"BrM",173,159
"23318",32962,8222,6867,"ABX",173,159
"23319",32963,8222,6916,"SEEN1",173,159
"23320",32964,8222,7081,"SEEN1",173,159
"23321",32965,8222,5583,"TBRM",173,159
"23322",32966,8201,6657,"BrF",173,160
"23323",32967,8201,7081,"BrM",173,160
"23324",32968,8201,6875,"SEEN1",173,160
"23325",32969,8201,6706,"SEEN2",173,160
"23326",32970,8201,6747,"NS",173,160
"23327",32971,8201,6651,"NS",173,160
"23328",32972,8201,6907,"NS",173,160
"23329",32973,8215,6757,"BrF",173,165
"23330",32974,8215,6567,"BrM",173,165
"23331",32975,8215,6751,"NS",173,165
"23332",32976,8215,6782,"NS",173,165
"23333",32977,8281,7088,"SEEN1",173,167
"23334",32978,8281,7079,"SEEN1",173,167
"23335",32979,8281,6858,"SEEN1",173,167
"23336",32980,8232,6670,"BrF",173,169
"23337",32981,8232,5821,"BrM",173,169
"23338",32982,8232,6916,"AB",173,169
"23339",32983,8232,6917,"NSA",173,169
"23340",32984,8223,6233,"BrF",173,173
"23341",32985,8223,6172,"BrM",173,173
"23342",32986,8223,6860,"ABX",173,173
"23343",32987,8223,7101,"ABX",173,173
"23344",32989,8282,6740,"BrF",173,174
"23345",32990,8282,5077,"BrM",173,174
"23346",32992,8282,6758,"SEEN1",173,174
"23347",32993,8282,6882,"SEEN1",173,174
"23348",32994,8184,5545,"BrF",173,177
"23349",32995,8184,6565,"BrM",173,177
"23350",32996,8184,6898,"SEEN2",173,177
"23351",32997,8184,7109,"SEEN1",173,177
"23352",32998,8184,6786,"SEEN1",173,177
"23353",33000,8184,6735,"SEEN2",173,177
"23354",33001,8184,6730,"NS",173,177
"23355",33002,8205,6851,"BrF",173,178
"23356",33003,8205,6653,"BrM",173,178
"23357",33004,8205,6861,"TBRF",173,178
"23358",33005,8205,6744,"NS",173,178
"23359",33006,8283,5838,"BrF",173,179
"23360",33007,8283,6294,"BrM",173,179
"23361",33008,8283,6739,"SEEN2",173,179
"23362",33009,8283,6845,"SEEN2",173,179
"23363",33010,8284,5621,"BrF",173,172
"23364",33011,8284,6900,"BrM",173,172
"23365",33012,8284,6831,"ABX",173,172
"23366",33014,8284,6171,"NS",173,172
"23367",33015,8227,6028,"BrF",173,407
"23368",33016,8227,6864,"SEEN1",173,407
"23369",33017,8227,6870,"SEEN1",173,407
"23370",33018,8227,3456,"BrM",173,407
"23371",33019,8285,5683,"BrF",173,478
"23372",33020,8285,6375,"BrM",173,478
"23373",33022,8285,6743,"SEEN1",173,478
"23374",33023,8285,6658,"NS",173,478
"23375",33024,8238,7093,"BrF",173,480
"23376",33025,8238,4860,"BrM",173,480
"23377",33026,8238,6570,"SEEN1",173,480
"23378",33027,8238,6191,"SEEN1",173,480
"23379",33028,8238,6771,"NS",173,480
"23380",33029,8185,6550,"BrF",173,740
"23381",33031,8185,6916,"SEEN1",173,740
"23382",33032,8185,7082,"SEEN1",173,740
"23383",33033,8185,7070,"SEEN1",173,740
"23384",33034,8185,6697,"NS",173,740
"23385",33035,8183,6852,"ABX",173,479
"23386",33036,8183,7078,"ABX",173,479
"23387",33037,8183,7096,"SEEN2",173,479
"23388",33038,8183,5612,"SEEN2",173,479
"23389",33039,8183,6748,"NS",173,479
"23390",33040,8183,6927,"NS",173,479
"23391",33041,8183,5549,"NS",173,479
"23392",33042,8183,6307,"NS",173,479
"23393",33043,8286,5635,"BrF",173,481
"23394",33044,8286,6193,"BrM",173,481
"23395",33045,8286,6877,"SEEN1",173,481
"23396",33046,8286,7107,"FL",173,481
"23397",33048,8287,5009,"BrF",173,516
"23398",33049,8287,5850,"BrM",173,516
"23399",33050,8288,6064,"BrF",173,662
"23400",33051,8288,6152,"BrM",173,662
"23401",33054,8289,6551,"BrF",173,738
"23402",33055,8289,6200,"BrM",173,738
"23403",33056,8289,6925,"ABX",173,738
"23404",33057,8289,7105,"SEEN1",173,738
"23405",33058,8289,6754,"SEEN2",173,738
"23406",33059,8289,6755,"NS",173,738
"23407",33060,8220,6563,"BrM",173,746
"23408",33061,8220,7094,"H",173,746
"23409",33062,8220,6863,"ABX",173,746
"23410",33063,8220,6207,"NS",173,746
"23411",33064,8224,6729,"BrF",173,745
"23412",33065,8224,6559,"BrM",173,745
"23413",33066,8236,6837,"BrF",173,767
"23414",33067,8236,6844,"BrM",173,767
"23415",33068,8261,6882,"FLOAT",173,-3
"23416",33069,8261,7070,"FLOAT",173,-3
"23417",33070,8204,7102,"SEEN1",173,2
"23418",33071,8215,6773,"SEEN1",173,165
"23419",33072,8289,6272,"SEEN1",173,738
"23420",33073,8255,6169,"SEEN1",173,57
"23421",33074,8264,7068,"SEEN1",173,83
"23422",33075,8266,6924,"SEEN1",173,86
"23423",33076,8193,6759,"SEEN1",173,98
"23424",33077,8272,6906,"SEEN1",173,110
"23425",33078,8221,6837,"SEEN2",173,116
"23426",33079,8221,6844,"SEEN2",173,116
"23427",33080,8218,6892,"SEEN1",173,138
"23428",33081,8164,6735,"NSA",171,177
"23429",33082,8127,6677,"NSA",171,68
"23430",33083,8157,6169,"NSA",171,140
"23431",33084,8240,6857,"NSA",173,739
"23432",33085,8219,7083,"NSA",173,26
"23433",33086,8247,5833,"NS",173,34
"23434",33087,8220,6669,"NS",173,746
"23435",33088,8269,6913,"NS",173,96
"23436",33089,8288,6880,"NS",173,662
"23437",33090,8251,7097,"NS",173,45
"23438",33091,8191,1707,"NS",173,36
"23439",33092,8294,6215,"BrF",174,1
"23440",33093,8294,6144,"BrM",174,1
"23441",33094,8294,6901,"NS",174,1
"23442",33095,8294,7115,"ABX",174,1
"23443",33096,8295,6690,"BrF",174,2
"23444",33097,8295,6385,"BrM",174,2
"23445",33098,8295,6859,"ABX",174,2
"23446",33099,8295,7135,"ABX",174,2
"23447",33100,8296,6766,"BrF",174,616
"23448",33101,8296,5853,"BrM",174,616
"23449",33102,8296,7102,"ABX",174,616
"23450",33103,8296,6910,"ABX",174,616
"23451",33104,8297,6767,"NS",174,739
"23452",33105,8297,6668,"NS",174,739
"23453",33107,8297,7078,"SEEN1",174,739
"23454",33108,8297,6777,"SEEN2",174,739
"23455",33109,8298,5521,"BrF",174,96
"23456",33110,8298,7075,"ABX",174,96
"23457",33111,8298,7118,"ABX",174,96
"23458",33112,8298,7076,"SEEN1",174,96
"23459",33113,8298,6914,"SEEN1",174,96
"23460",33114,8298,6694,"NS",174,96
"23461",33115,8298,6146,"NS",174,96
"23462",33116,8299,6185,"BrF",174,98
"23463",33117,8299,6710,"BrM",174,98
"23464",33118,8299,7117,"ABX",174,98
"23465",33119,8291,6840,"BrF",174,99
"23466",33120,8291,6887,"BrM",174,99
"23467",33121,8291,7122,"ABX",174,99
"23468",33122,8291,6032,"NS",174,99
"23469",33124,8291,6781,"NS",174,99
"23470",33125,8300,6838,"BrF",174,100
"23471",33126,8300,6868,"BrM",174,100
"23472",33127,8301,6881,"BrF",174,101
"23473",33128,8301,6381,"BrM",174,101
"23474",33129,8302,6195,"BrF",174,105
"23475",33130,8302,6759,"BrM",174,105
"23476",33131,8303,6665,"BrF",174,742
"23477",33132,8303,6736,"BrM",174,742
"23478",33134,8304,7132,"ABX",174,109
"23479",33135,8305,6186,"BrF",174,110
"23480",33136,8305,6384,"NS",174,110
"23481",33137,8305,6906,"SEEN1",174,110
"23482",33138,8305,6904,"NSA",174,110
"23483",33139,8306,6561,"NS",174,111
"23484",33140,8304,6644,"SEEN1",174,109
"23485",33141,8307,6656,"BrF",174,743
"23486",33142,8307,6860,"BrM",174,743
"23487",33144,8308,6780,"BrF",174,765
"23488",33145,8308,6758,"BrM",174,765
"23489",33146,8309,6769,"BrF",174,112
"23490",33147,8309,6709,"BrM",174,112
"23491",33148,8309,7104,"NSA",174,112
"23492",33149,8310,6693,"BrF",174,531
"23493",33151,8311,6752,"BrF",174,116
"23494",33152,8311,3486,"BrM",174,116
"23495",33154,8312,6378,"BrF",174,3
"23496",33155,8312,5829,"BrM",174,3
"23497",33156,8312,6926,"SEEN1",174,3
"23498",33157,8313,6659,"BrF",174,8
"23499",33158,8313,6701,"BrM",174,8
"23500",33159,8313,6909,"ABX",174,8
"23501",33160,8314,1826,"BrF",174,9
"23502",33161,8314,5624,"BrM",174,9
"23503",33162,8314,7144,"ABX",174,9
"23504",33163,8314,6857,"SEEN2",174,9
"23505",33167,8316,6229,"BrF",174,13
"23506",33168,8316,6155,"BrM",174,13
"23507",33169,8316,6924,"NSA",174,13
"23508",33170,8316,7120,"ABX",174,13
"23509",33171,8317,5657,"BrF",174,15
"23510",33172,8317,1762,"BrM",174,15
"23511",33173,8317,6895,"ABX",174,15
"23512",33174,8317,7126,"ABX",174,15
"23513",33175,8318,6199,"BrF",174,16
"23514",33176,8318,6570,"BrM",174,16
"23515",33178,8319,6673,"NSA",174,20
"23516",33179,8319,6905,"BrF",174,20
"23517",33180,8319,6877,"BrM",174,20
"23518",33181,8319,7111,"ABX",174,20
"23519",33182,8320,5630,"BrF",174,24
"23520",33183,8320,6698,"BrM",174,24
"23521",33184,8320,7071,"ABX",174,24
"23522",33185,8320,6045,"SEEN1",174,24
"23523",33187,8321,6707,"BrF",174,118
"23524",33188,8321,6788,"BrM",174,118
"23525",33189,8322,6764,"BrF",174,123
"23526",33190,8322,6921,"BrM",174,123
"23527",33191,8323,5596,"BrF",174,125
"23528",33192,8324,6022,"NS",174,126
"23529",33193,8324,6848,"BrM",174,126
"23530",33194,8324,6842,"SEEN1",174,126
"23531",33195,8324,6832,"SEEN1",174,126
"23532",33196,8324,7110,"SEEN1",174,126
"23533",33197,8325,6188,"NS",174,636
"23534",33198,8325,6574,"NSA",174,636
"23535",33199,8325,7103,"NS",174,636
"23536",33201,8326,4965,"NS",174,127
"23537",33202,8326,6745,"BrM",174,127
"23538",33203,8326,7073,"BrF",174,127
"23539",33204,8327,5644,"BrF",174,128
"23540",33205,8327,6753,"BrM",174,128
"23541",33206,8327,6699,"ABX",174,128
"23542",33208,8327,6916,"SEEN1",174,128
"23543",33209,8328,6733,"BrF",174,26
"23544",33210,8328,6863,"BrM",174,26
"23545",33211,8329,3087,"BrM",174,27
"23546",33214,8330,6191,"BrF",174,28
"23547",33215,8330,6865,"BrM",174,28
"23548",33216,8331,7088,"BrF",174,32
"23549",33217,8331,6890,"BrM",174,32
"23550",33218,8332,5823,"BrF",174,617
"23551",33219,8332,6706,"BrM",174,617
"23552",33220,8332,7112,"OFL",174,617
"23553",33221,8332,6139,"NS",174,617
"23554",33222,8332,7109,"SEEN1",174,617
"23555",33223,8333,6219,"NS",174,34
"23556",33225,8333,6870,"ABX",174,34
"23557",33226,8334,6159,"BrF",174,36
"23558",33227,8334,5679,"NS",174,36
"23559",33228,8334,6174,"ABX",174,36
"23560",33229,8334,7084,"SEEN1",174,36
"23561",33231,8335,6217,"BrF",174,605
"23562",33232,8335,6676,"BrM",174,605
"23563",33233,8323,6788,"BrM",174,125
"23564",33234,8336,6377,"BrF",174,134
"23565",33235,8336,6850,"BrM",174,134
"23566",33237,8337,6704,"BrF",174,135
"23567",33238,8337,6862,"BrM",174,135
"23568",33239,8337,6861,"SEEN1",174,135
"23569",33240,8338,6773,"NS",174,137
"23570",33241,8338,6892,"BrM",174,137
"23571",33242,8339,6765,"BrF",174,138
"23572",33243,8339,6785,"BrM",174,138
"23573",33244,8340,6902,"NSA",174,140
"23574",33245,8340,6170,"BrM",174,140
"23575",33247,8340,6917,"SEEN1",174,140
"23576",33248,8341,6009,"BrF",174,154
"23577",33249,8341,6249,"BrM",174,154
"23578",33250,8341,7087,"ABX",174,154
"23579",33251,8342,4885,"BrF",174,155
"23580",33252,8342,6689,"BrM",174,155
"23581",33253,8342,6888,"NS",174,155
"23582",33254,8343,6875,"BrF",174,157
"23583",33255,8343,6898,"BrM",174,157
"23584",33256,8343,5583,"NS",174,157
"23585",33257,8344,4861,"NS",174,159
"23586",33258,8344,6898,"BrM",174,159
"23587",33259,8344,6867,"NS",174,159
"23588",33260,8345,6657,"BrF",174,160
"23589",33261,8345,7081,"BrM",174,160
"23590",33262,8346,6757,"BrF",174,165
"23591",33263,8346,6567,"BrM",174,165
"23592",33264,8346,7125,"OFL",174,165
"23593",33265,8347,7079,"NSA",174,167
"23594",33266,8347,6858,"NSA",174,167
"23595",33268,8348,6210,"BrM",174,39
"23596",33269,8348,6546,"NS",174,39
"23597",33270,8349,3462,"BrF",174,40
"23598",33271,8349,5590,"BrM",174,40
"23599",33273,8350,6145,"BrF",174,41
"23600",33274,8350,6671,"BrM",174,41
"23601",33275,8350,6762,"ABX",174,41
"23602",33276,8351,6211,"BrF",174,43
"23603",33277,8351,6011,"BrM",174,43
"23604",33278,8351,7099,"ABX",174,43
"23605",33279,8351,7123,"ABX",174,43
"23606",33281,8352,6231,"BrM",174,45
"23607",33282,8352,6889,"ABX",174,45
"23608",33283,8353,5611,"BrF",174,46
"23609",33284,8353,6835,"BrM",174,46
"23610",33286,8354,6884,"ABX",174,47
"23611",33287,8354,7100,"NS",174,47
"23612",33288,8354,5513,"NSA",174,47
"23613",33289,8354,7090,"NSA",174,47
"23614",33290,8354,6677,"SEEN1",174,47
"23615",33291,8355,6558,"BrF",174,48
"23616",33292,8355,6655,"BrM",174,48
"23617",33293,8355,7141,"SEEN1",174,48
"23618",33294,8356,6548,"BrM",174,50
"23619",33295,8356,6703,"SEEN1",174,50
"23620",33296,8356,6776,"SEEN2",174,50
"23621",33297,8357,6161,"BrF",174,618
"23622",33298,8357,6163,"BrM",174,618
"23623",33299,8357,6919,"ABX",174,618
"23624",33300,8357,6920,"ABX",174,618
"23625",33301,8357,7116,"ABX",174,618
"23626",33302,8357,7137,"SEEN1",174,618
"23627",33303,8357,6036,"SEEN1",174,618
"23628",33304,8358,6847,"BrF",174,53
"23629",33305,8358,5855,"BrM",174,53
"23630",33306,8358,7096,"NSA",174,53
"23631",33307,8358,7129,"ABX",174,53
"23632",33308,8358,7128,"ABX",174,53
"23633",33309,8359,6737,"BrF",174,55
"23634",33310,8359,5776,"BrM",174,55
"23635",33311,8359,7133,"ABX",174,55
"23636",33314,8360,5321,"NS",174,57
"23637",33315,8360,6572,"ABX",174,57
"23638",33318,8360,7127,"ABX",174,57
"23639",33319,8360,6169,"NS",174,57
"23640",33320,8360,7108,"SEEN2",174,57
"23641",33321,8292,6670,"BrF",174,169
"23642",33322,8292,5821,"NS",174,169
"23643",33323,8292,6654,"BrM",174,169
"23644",33325,8361,6233,"BrF",174,173
"23645",33326,8361,6172,"BrM",174,173
"23646",33327,8361,7136,"ABX",174,173
"23647",33328,8362,6740,"NS",174,174
"23648",33329,8362,5077,"NSA",174,174
"23649",33330,8363,5545,"BrF",174,177
"23650",33331,8363,6565,"BrM",174,177
"23651",33333,8363,6786,"NS",174,177
"23652",33334,8363,6735,"SEEN2",174,177
"23653",33335,8364,6851,"BrF",174,178
"23654",33336,8364,6653,"BrM",174,178
"23655",33337,8365,5838,"BrF",174,179
"23656",33338,8365,6294,"BrM",174,179
"23657",33339,8365,7131,"ABX",174,179
"23658",33341,8366,5621,"BrF",174,172
"23659",33342,8366,6900,"BrM",174,172
"23660",33344,8367,6028,"BrF",174,407
"23661",33345,8367,3456,"BrM",174,407
"23662",33346,8368,5683,"BrF",174,478
"23663",33347,8368,6375,"BrM",174,478
"23664",33348,8368,7114,"ABX",174,478
"23665",33349,8368,7086,"SEEN1",174,478
"23666",33350,8368,6864,"SEEN1",174,478
"23667",33351,8369,7093,"BrF",174,480
"23668",33352,8369,4860,"BrM",174,480
"23669",33353,8370,6550,"BrF",174,740
"23670",33354,8370,6831,"BrM",174,740
"23671",33356,8371,6852,"ABX",174,479
"23672",33357,8371,7130,"ABX",174,479
"23673",33359,8372,6554,"BrF",174,58
"23674",33360,8372,5779,"BrM",174,58
"23675",33361,8372,7091,"ABX",174,58
"23676",33362,8372,6886,"ABX",174,58
"23677",33363,8372,7113,"ABX",174,58
"23678",33364,8373,6048,"BrF",174,59
"23679",33365,8373,6158,"BrM",174,59
"23680",33366,8374,6568,"BrF",174,60
"23681",33367,8374,5523,"BrM",174,60
"23682",33368,8375,7083,"BrF",174,62
"23683",33369,8375,6772,"BrM",174,62
"23684",33370,8376,5901,"BrF",174,63
"23685",33371,8376,6019,"NS",174,63
"23686",33372,8376,5319,"ABX",174,63
"23687",33373,8376,6893,"NS",174,63
"23688",33374,8376,7076,"SEEN1",174,63
"23689",33375,8376,6903,"SEEN2",174,63
"23690",33376,8377,5635,"BrF",174,481
"23691",33377,8377,6193,"BrM",174,481
"23692",33379,8377,7107,"ABX",174,481
"23693",33380,8378,5009,"NSA",174,516
"23694",33381,8378,5850,"BrM",174,516
"23695",33382,8379,6064,"BrF",174,662
"23696",33383,8379,6152,"BrM",174,662
"23697",33384,8379,7139,"ABX",174,662
"23698",33385,8293,6551,"BrF",174,738
"23699",33386,8293,6200,"BrM",174,738
"23700",33387,8293,6925,"ABX",174,738
"23701",33390,8380,7094,"ABX",174,746
"23702",33392,8381,6729,"BrF",174,745
"23703",33393,8381,6559,"NS",174,745
"23704",33394,8381,6896,"ABX",174,745
"23705",33395,8382,6837,"BrF",174,767
"23706",33396,8382,6844,"BrM",174,767
"23707",33397,8383,6168,"BrF",174,90
"23708",33398,8383,5292,"BrM",174,90
"23709",33399,8383,7138,"ABX",174,90
"23710",33400,8384,5845,"BrF",174,94
"23711",33401,8384,6167,"NSA",174,94
"23712",33402,8384,6882,"SEEN1",174,94
"23713",33403,8384,6754,"SEEN1",174,94
"23714",33404,8385,6843,"BrF",174,95
"23715",33405,8385,6923,"ABX",174,95
"23716",33407,8386,6746,"BrM",174,81
"23717",33408,8386,7068,"ABX",174,81
"23718",33410,8386,6547,"NS",174,81
"23719",33413,8388,6272,"NSA",174,637
"23720",33415,8388,7076,"SEEN1",174,637
"23721",33417,8388,7106,"ABX",174,637
"23722",33418,8388,7105,"ABX",174,637
"23723",33419,8389,6845,"BrF",174,83
"23724",33420,8389,6739,"BrM",174,83
"23725",33421,8390,6044,"BrF",174,85
"23726",33422,8390,6222,"BrM",174,85
"23727",33423,8390,6883,"NS",174,85
"23728",33424,8391,6143,"BrF",174,86
"23729",33425,8391,3089,"BrM",174,86
"23730",33426,8391,7069,"ABX",174,86
"23731",33427,8384,7076,"SEEN1",174,94
"23732",33428,8315,7076,"FLOAT",174,-3
"23733",33429,8290,7072,"ABX",174,71
"23734",33430,8392,7101,"SEEN1",174,70
"23735",33431,8393,7119,"OFL",174,64
"23736",33432,8394,7121,"ABX",174,77
"23737",33433,8395,7124,"ABX",174,72
"23738",33434,8290,7134,"FL",174,71
"23739",33435,8290,7140,"CH",174,71
"23740",33436,8369,7142,"SEEN1",174,480
"23741",33437,8333,7143,"SEEN1",174,34
"23742",33438,8393,6187,"BrF",174,64
"23743",33439,8393,6261,"BrM",174,64
"23744",33440,8393,6856,"ABX",174,64
"23745",33441,8396,6836,"NS",174,68
"23746",33442,8396,6164,"NS",174,68
"23747",33443,8397,6068,"BrF",174,602
"23748",33444,8397,6912,"BrM",174,602
"23749",33445,8397,5826,"NS",174,602
"23750",33448,8290,5543,"BrF",174,71
"23751",33449,8290,6370,"BrM",174,71
"23752",33450,8290,6162,"ABX",174,71
"23753",33451,8290,6879,"NSA",174,71
"23754",33452,8395,5452,"BrF",174,72
"23755",33453,8395,6029,"BrM",174,72
"23756",33454,8398,6873,"BrF",174,75
"23757",33455,8398,6692,"BrM",174,75
"23758",33456,8398,6854,"ABX",174,75
"23759",33457,8398,6018,"SEEN2",174,75
"23760",33458,8398,6897,"NS",174,75
"23761",33459,8398,6731,"NS",174,75
"23762",33460,8394,4958,"BrF",174,77
"23763",33461,8394,5626,"BrM",174,77
"23764",33462,8394,6743,"SEEN1",174,77
"23765",33463,8316,6774,"SEEN1",174,13
"23766",33464,8357,6918,"NSA",174,618
"23767",33465,7417,6564,"SEEN1",144,477
"23768",33466,7721,6693,"OFL",161,481
"23769",33467,7921,6840,"FL",166,110
"23770",33468,8399,6730,"NS",171,-3
"23771",33469,8400,6748,"NS",171,-3
"23772",33470,8458,7096,"BrF",175,1
"23773",33471,8458,6144,"BrM",175,1
"23774",33472,8458,6864,"SEEN1",175,1
"23775",33473,8459,7139,"BrF",175,2
"23776",33474,8459,7135,"BrM",175,2
"23777",33475,8459,7147,"ABX",175,2
"23778",33476,8460,6766,"BrF",175,616
"23779",33477,8460,5853,"BrM",175,616
"23780",33478,8460,7071,"SEEN1",175,616
"23781",33479,8461,6378,"BrF",175,3
"23782",33480,8461,5829,"BrM",175,3
"23783",33481,8461,6926,"SEEN1",175,3
"23784",33482,8458,6215,"NS",175,1
"23785",33483,8459,6385,"NS",175,2
"23786",33484,8462,6659,"BrF",175,8
"23787",33485,8462,6701,"BrM",175,8
"23788",33486,8463,5624,"BrM",175,9
"23789",33487,8463,1826,"NS",175,9
"23790",33488,8464,7099,"BrF",175,13
"23791",33489,8464,6155,"BrM",175,13
"23792",33490,8464,7120,"ABX",175,13
"23793",33491,8464,6229,"NS",175,13
"23794",33492,8464,6774,"NS",175,13
"23795",33493,8465,5657,"BrF",175,15
"23796",33494,8465,6895,"BrM",175,15
"23797",33495,8465,1762,"NS",175,15
"23798",33496,8466,6199,"BrF",175,16
"23799",33497,8466,6570,"BrM",175,16
"23800",33499,8466,6889,"SEEN1",175,16
"23801",33500,8467,6877,"BrM",175,20
"23802",33501,8467,6673,"ABX",175,20
"23803",33502,8467,6905,"NSA",175,20
"23804",33503,8467,7111,"NSA",175,20
"23805",33504,8468,5630,"BrF",175,24
"23806",33505,8468,6698,"BrM",175,24
"23807",33506,8468,6045,"NS",175,24
"23808",33507,8469,6733,"BrF",175,26
"23809",33508,8469,7115,"SEEN1",175,26
"23810",33509,8469,7155,"SEEN2",175,26
"23811",33510,8469,6863,"NS",175,26
"23812",33511,8470,3087,"BrM",175,27
"23813",33512,8471,6191,"BrF",175,28
"23814",33513,8471,6865,"BrM",175,28
"23815",33515,8472,6890,"BrM",175,32
"23816",33516,8472,7088,"NS",175,32
"23817",33517,8473,5823,"BrF",175,617
"23818",33518,8473,6706,"BrM",175,617
"23819",33519,8473,7112,"NS",175,617
"23820",33520,8473,7109,"NSA",175,617
"23821",33521,8474,6870,"ABX",175,34
"23822",33522,8474,7160,"ABX",175,34
"23823",33523,8474,7142,"ABX",175,34
"23824",33524,8475,6159,"BrF",175,36
"23825",33525,8475,7144,"BrM",175,36
"23826",33526,8475,6174,"NS",175,36
"23827",33527,8475,7084,"NS",175,36
"23828",35090,8936,6857,"SEEN1",184,637
"23829",33528,8476,6676,"BrM",175,605
"23830",33529,8477,7146,"BrF",175,39
"23831",33530,8477,6210,"BrM",175,39
"23832",33531,8478,5590,"BrM",175,40
"23833",33532,8478,7087,"SEEN1",175,40
"23834",33533,8478,3462,"NS",175,40
"23835",33534,8479,6924,"BrF",175,41
"23836",33535,8479,6671,"BrM",175,41
"23837",33536,8479,6762,"ABX",175,41
"23838",33537,8479,6145,"NS",175,41
"23839",33538,8480,6211,"BrF",175,43
"23840",33539,8480,6011,"BrM",175,43
"23841",33540,8481,6231,"BrM",175,45
"23842",33541,8482,5611,"BrF",175,46
"23843",33542,8482,6835,"BrM",175,46
"23844",33543,8483,6884,"NS",175,47
"23845",33544,8483,6677,"NS",175,47
"23846",33545,8484,6558,"NSA",175,48
"23847",33546,8484,6655,"BrM",175,48
"23848",33547,8484,7141,"NS",175,48
"23849",33548,8485,6548,"BrM",175,50
"23850",33549,8485,6703,"NSA",175,50
"23851",33550,8485,6776,"NS",175,50
"23852",33551,8486,6902,"ABX",175,618
"23853",33552,8486,7137,"ABX",175,618
"23854",33553,8486,7133,"SEEN2",175,618
"23855",33554,8486,6161,"NSA",175,618
"23856",33555,8486,6920,"NSA",175,618
"23857",33556,8486,6919,"NSA",175,618
"23858",33557,8486,7116,"NSA",175,618
"23859",33558,8486,6036,"NSA",175,618
"23860",33559,8487,5855,"BrM",175,53
"23861",33560,8487,6847,"BrF",175,53
"23862",33561,8487,7128,"NS",175,53
"23863",33562,8487,7129,"NS",175,53
"23864",33563,8488,6737,"BrF",175,55
"23865",33564,8488,6918,"SEEN1",175,55
"23866",33565,8488,6780,"SEEN2",175,55
"23867",33566,8488,5776,"NS",175,55
"23868",33567,8489,6572,"ABX",175,57
"23869",33568,8489,5640,"SEEN1",175,57
"23870",33569,8489,7108,"NS",175,57
"23871",33570,8490,6554,"BrF",175,58
"23872",33571,8490,5779,"BrM",175,58
"23873",33572,8490,7152,"ABX",175,58
"23874",33573,8490,7091,"NSA",175,58
"23875",33574,8490,6886,"NS",175,58
"23876",33575,8490,7113,"NSA",175,58
"23877",33576,8491,7123,"BrF",175,59
"23878",33577,8491,6158,"BrM",175,59
"23879",33578,8491,6048,"NS",175,59
"23880",33579,8492,6568,"BrF",175,60
"23881",33580,8492,5523,"BrM",175,60
"23882",33581,8493,7083,"BrF",175,62
"23883",33582,8493,6772,"BrM",175,62
"23884",33583,8494,5901,"BrF",175,63
"23885",33584,8494,6910,"BrM",175,63
"23886",33585,8494,5319,"ABX",175,63
"23887",33586,8494,7076,"SEEN1",175,63
"23888",33587,8494,6918,"SEEN2",175,63
"23889",33588,8494,6903,"NS",175,63
"23890",33589,8495,6187,"BrF",175,64
"23891",33590,8495,6261,"BrM",175,64
"23892",33591,8496,7127,"BrF",175,602
"23893",33592,8496,6912,"BrM",175,602
"23894",33593,8497,7101,"BrM",175,70
"23895",33594,8498,5543,"BrF",175,71
"23896",33595,8498,7134,"ABX",175,71
"23897",33596,8498,6879,"ABX",175,71
"23898",33597,8498,6370,"BrM",175,71
"23899",33598,8498,6162,"NSA",175,71
"23900",33599,8498,7072,"NSA",175,71
"23901",33600,8498,7140,"NS",175,71
"23902",33601,8499,6029,"BrM",175,72
"23903",33602,8499,5452,"NS",175,72
"23904",33603,8499,7124,"NS",175,72
"23905",33604,8500,6873,"BrF",175,75
"23906",33605,8500,6854,"ABX",175,75
"23907",33606,8500,6692,"NS",175,75
"23908",33607,8500,6018,"NSA",175,75
"23909",33608,8501,5626,"BrM",175,77
"23910",33609,8501,7068,"SEEN1",175,77
"23911",33610,8501,4958,"NS",175,77
"23912",33611,8501,7121,"NS",175,77
"23913",33612,8501,6743,"NSA",175,77
"23914",33613,8502,6857,"SEEN1",175,81
"23915",33614,8502,6746,"BrM",175,81
"23916",33615,8503,6849,"BrF",175,82
"23917",33616,8504,5597,"SEEN1",175,637
"23918",33617,8505,6845,"BrF",175,83
"23919",33618,8505,6739,"BrM",175,83
"23920",33619,8506,6044,"BrF",175,85
"23921",33620,8506,6222,"BrM",175,85
"23922",33621,8507,7126,"BrM",175,86
"23923",33622,8507,7105,"SEEN1",175,86
"23924",33623,8507,6143,"NS",175,86
"23925",33624,8507,3089,"NS",175,86
"23926",33625,8508,5292,"BrM",175,90
"23927",33626,8508,7119,"SEEN2",175,90
"23928",33627,8508,7151,"SEEN2",175,90
"23929",33628,8508,6168,"NS",175,90
"23930",33629,8509,7069,"BrM",175,94
"23931",33630,8509,6167,"ABX",175,94
"23932",33631,8509,6882,"SEEN1",175,94
"23933",33632,8509,5845,"NS",175,94
"23934",33633,8509,6754,"NSA",175,94
"23935",33634,8510,6843,"BrF",175,95
"23936",33635,8510,6923,"BrM",175,95
"23937",33636,8510,7150,"ABX",175,95
"23938",33637,8511,5521,"BrF",175,96
"23939",33638,8511,7075,"BrM",175,96
"23940",33639,8512,6185,"BrF",175,98
"23941",33640,8512,6710,"BrM",175,98
"23942",33641,8512,7148,"SEEN2",175,98
"23943",33642,8513,6840,"BrF",175,99
"23944",33643,8513,6887,"BrM",175,99
"23945",33644,8514,6838,"BrF",175,100
"23946",33645,8514,6868,"BrM",175,100
"23947",33646,8514,7145,"ABX",175,100
"23948",33647,8515,6881,"BrF",175,101
"23949",33648,8515,6381,"BrM",175,101
"23950",33649,8516,6195,"BrF",175,105
"23951",33650,8516,6759,"BrM",175,105
"23952",33651,8517,6665,"BrF",175,742
"23953",33652,8517,6736,"BrM",175,742
"23954",33653,8517,7154,"ABX",175,742
"23955",33654,8518,6644,"BrF",175,109
"23956",33655,8518,7143,"BrM",175,109
"23957",33656,8518,7132,"ABX",175,109
"23958",33657,8519,6186,"BrF",175,110
"23959",33658,8519,6904,"ABX",175,110
"23960",33659,8519,6857,"SEEN1",175,110
"23961",33660,8520,6906,"BrM",175,111
"23962",33661,8521,6656,"BrF",175,743
"23963",33662,8521,6860,"BrM",175,743
"23964",33663,8522,6758,"BrM",175,765
"23965",33664,8523,6769,"BrF",175,112
"23966",33665,8523,6709,"BrM",175,112
"23967",33666,8523,7157,"ABX",175,112
"23968",33667,8524,6857,"SEEN2",175,531
"23969",33668,8524,6693,"NS",175,531
"23970",33669,8525,6752,"BrF",175,116
"23971",33670,8525,7122,"BrM",175,116
"23972",33671,8525,3486,"NS",175,116
"23973",33672,8526,6707,"BrF",175,118
"23974",33673,8526,6914,"BrM",175,118
"23975",33674,8527,6921,"BrM",175,123
"23976",33675,8527,6764,"NSA",175,123
"23977",33676,8528,6788,"BrM",175,125
"23978",33677,8528,5596,"NS",175,125
"23979",33678,8529,7159,"ABX",175,126
"23980",33679,8529,6848,"BrM",175,126
"23981",33680,8529,6856,"SEEN1",175,126
"23982",33681,8529,6842,"NS",175,126
"23983",33682,8530,7073,"BrF",175,127
"23984",33683,8530,6745,"BrM",175,127
"23985",33684,8530,6832,"SEEN1",175,127
"23986",33685,8530,6217,"SEEN1",175,127
"23987",33686,8531,5644,"BrF",175,128
"23988",33687,8531,6753,"BrM",175,128
"23989",33688,8531,6699,"NSA",175,128
"23990",33689,8531,6916,"NS",175,128
"23991",33690,8532,7138,"BrF",175,134
"23992",33691,8532,6850,"BrM",175,134
"23993",33692,8532,6377,"NS",175,134
"23994",33693,8533,6704,"BrF",175,135
"23995",33694,8533,6862,"BrM",175,135
"23996",33695,8533,6861,"NSA",175,135
"23997",33696,8534,7118,"BrF",175,137
"23998",33697,8534,6892,"BrM",175,137
"23999",33698,8535,6765,"BrF",175,138
"24000",33699,8535,6785,"BrM",175,138
"24001",33700,8536,6917,"BrF",175,140
"24002",33701,8536,6170,"BrM",175,140
"24003",33702,8537,6009,"BrF",175,154
"24004",33703,8537,6249,"BrM",175,154
"24005",33704,8538,4885,"BrF",175,155
"24006",33705,8538,7102,"BrM",175,155
"24007",33706,8538,6689,"NS",175,155
"24008",33707,8539,6875,"BrF",175,157
"24009",33708,8539,6898,"BrM",175,157
"24010",33709,8540,7081,"BrM",175,160
"24011",33710,8540,7153,"SEEN1",175,160
"24012",33711,8540,6657,"NS",175,160
"24013",33712,8504,6757,"NSA",175,637
"24014",33713,8541,6567,"NS",175,165
"24015",33714,8541,7125,"NS",175,165
"24016",33715,8542,6670,"BrF",175,169
"24017",33716,8542,6654,"BrM",175,169
"24018",33717,8543,6233,"BrF",175,173
"24019",33718,8543,6172,"NS",175,173
"24020",33719,8544,5077,"ABX",175,174
"24021",33720,8545,5545,"BrF",175,177
"24022",33721,8545,7149,"ABX",175,177
"24023",33722,8545,6565,"NS",175,177
"24024",33723,8545,6735,"NSA",175,177
"24025",33724,8546,6851,"BrF",175,178
"24026",33725,8546,6653,"BrM",175,178
"24027",33726,8547,6294,"BrM",175,179
"24028",33727,8547,7158,"ABX",175,179
"24029",33728,8547,6690,"SEEN1",175,179
"24030",33729,8547,5838,"NS",175,179
"24031",33730,8547,7131,"NSA",175,179
"24032",33731,8548,7110,"SEEN1",175,172
"24033",33732,8548,5621,"BrF",175,172
"24034",33733,8548,6900,"BrM",175,172
"24035",33734,8549,6028,"BrF",175,407
"24036",33735,8549,3456,"BrM",175,407
"24037",33736,8549,7156,"SEEN2",175,407
"24038",33737,8550,5683,"BrF",175,478
"24039",33738,8550,7114,"ABX",175,478
"24040",33739,8550,6375,"BrM",175,478
"24041",33740,8550,7086,"NS",175,478
"24042",33741,8551,4860,"BrM",175,480
"24043",33743,8551,7093,"BrF",175,480
"24044",33744,8552,6550,"BrF",175,740
"24045",33745,8552,6831,"BrM",175,740
"24046",33746,8553,7130,"ABX",175,479
"24047",33748,8553,6163,"SEEN1",175,479
"24048",33749,8553,6852,"NSA",175,479
"24049",33750,8554,6193,"BrM",175,481
"24050",33751,8554,5635,"NS",175,481
"24051",33752,8554,7107,"NSA",175,481
"24052",33753,8555,5850,"BrM",175,516
"24053",33754,8556,7117,"BrF",175,662
"24054",33755,8556,7068,"BrM",175,662
"24055",33756,8556,6064,"NS",175,662
"24056",33757,8556,6152,"NS",175,662
"24057",33758,8557,6551,"BrF",175,738
"24058",33759,8557,6200,"BrM",175,738
"24059",33760,8557,6925,"ABX",175,738
"24060",33761,8557,7105,"SEEN2",175,738
"24061",33762,8558,6272,"SEEN1",175,746
"24062",33763,8558,7094,"NSA",175,746
"24063",33764,8559,6729,"BrF",175,745
"24064",33765,8559,6896,"BrM",175,745
"24065",33766,8560,6837,"BrF",175,767
"24066",33767,8560,6844,"BrM",175,767
"24067",33768,8561,6857,"FLOAT",175,-3
"24068",33769,8562,7096,"BrF",176,1
"24069",33770,8562,6144,"BrM",176,1
"24070",33771,8445,7139,"BrF",176,2
"24071",33772,8445,7135,"BrM",176,2
"24072",33773,8445,7147,"SEEN2",176,2
"24073",33774,8425,6766,"BrF",176,616
"24074",33775,8425,5853,"BrM",176,616
"24075",33776,8425,7147,"ABX",176,616
"24076",33777,8587,6378,"BrF",176,3
"24077",33778,8587,5829,"BrM",176,3
"24078",33779,8587,7168,"ABX",176,3
"24079",33780,8588,6659,"BrF",176,8
"24080",33781,8588,6701,"BrM",176,8
"24081",33782,8406,7166,"BrF",176,9
"24082",33783,8406,5624,"BrM",176,9
"24083",33784,8416,6700,"BrF",176,12
"24084",33785,8416,6645,"BrM",176,12
"24085",33786,8416,6894,"H",176,12
"24086",33788,8416,7189,"SEEN1",176,12
"24087",33789,8562,7205,"FL",176,1
"24088",33790,8564,7099,"BrF",176,13
"24089",33791,8564,6155,"BrM",176,13
"24090",33792,8564,7120,"ABX",176,13
"24091",33793,8565,5657,"BrF",176,15
"24092",33795,8565,6895,"BrM",176,15
"24093",33796,8565,7167,"H",176,15
"24094",33797,8565,7211,"FL",176,15
"24095",33798,8432,6199,"BrF",176,16
"24096",33799,8432,6889,"BrM",176,16
"24097",33800,8432,7172,"SEEN1",176,16
"24098",33801,8589,6673,"BrF",176,20
"24099",33802,8589,6877,"BrM",176,20
"24100",33803,8589,6905,"ABX",176,20
"24101",33804,8589,7168,"SEEN1",176,20
"24102",33805,8590,5630,"BrF",176,24
"24103",33806,8590,6698,"BrM",176,24
"24104",33807,8410,6733,"BrF",176,26
"24105",33808,8410,7162,"BrM",176,26
"24106",33810,8410,7155,"SEEN2",176,26
"24107",33811,8410,7115,"SEEN1",176,26
"24108",33812,8566,7082,"BrF",176,27
"24109",33813,8566,3087,"BrM",176,27
"24110",33815,8567,6865,"BrM",176,28
"24111",33816,8567,6191,"BrF",176,28
"24112",33817,8567,7177,"ABX",176,28
"24113",33818,8568,6764,"BrF",176,32
"24114",33819,8568,6890,"BrM",176,32
"24115",33820,8568,6068,"SEEN1",176,32
"24116",33821,8568,7177,"SEEN2",176,32
"24117",33822,8568,7093,"SEEN2",176,32
"24118",33824,8444,5823,"BrF",176,617
"24119",33825,8444,6706,"BrM",176,617
"24120",33827,8569,7160,"ABX",176,34
"24121",33828,8569,7142,"ABX",176,34
"24122",33829,8569,7180,"SEEN1",176,34
"24123",33830,8569,7132,"ABX",176,34
"24124",33832,8405,6159,"BrF",176,36
"24125",33833,8405,7144,"BrM",176,36
"24126",33834,8441,6217,"BrF",176,605
"24127",33835,8441,6676,"BrM",176,605
"24128",33836,8423,7146,"BrF",176,39
"24129",33837,8423,6210,"BrM",176,39
"24130",33838,8423,7209,"FL",176,39
"24131",33840,8423,7160,"SEEN1",176,39
"24132",33841,8412,7194,"FL",176,40
"24133",33842,8412,7195,"FL",176,40
"24134",33843,8412,7091,"BrF",176,40
"24135",33844,8412,5590,"BrM",176,40
"24136",33845,8591,6924,"BrF",176,41
"24137",33846,8591,6671,"BrM",176,41
"24138",33847,8452,6211,"BrF",176,43
"24139",33848,8452,6011,"BrM",176,43
"24140",33849,8591,6762,"ABX",176,41
"24141",33850,8452,7165,"SEEN2",176,43
"24142",33851,8442,6833,"BrF",176,45
"24143",33852,8442,6231,"BrM",176,45
"24144",33853,8414,5611,"BrF",176,46
"24145",33854,8414,6835,"BrM",176,46
"24146",33855,8437,6879,"BrF",176,47
"24147",33856,8437,6703,"SEEN2",176,47
"24148",33857,8570,7136,"BrF",176,48
"24149",33858,8570,6655,"BrM",176,48
"24150",33859,8570,6558,"H",176,48
"24151",33860,8570,7204,"ABX",176,48
"24152",33862,8570,7134,"SEEN2",176,48
"24153",33864,8592,7137,"BrF",176,50
"24154",33865,8592,7133,"BrM",176,50
"24155",33866,8592,6919,"ABX",176,50
"24156",33867,8415,6161,"H",176,618
"24157",33868,8415,6036,"BrF",176,618
"24158",33869,8415,6163,"BrM",176,618
"24159",33870,8415,7207,"ABX",176,618
"24160",33872,8451,6847,"BrF",176,53
"24161",33873,8451,5855,"BrM",176,53
"24162",33874,8451,7183,"SEEN1",176,53
"24163",33875,8571,6737,"BrF",176,55
"24164",33876,8571,6918,"BrM",176,55
"24165",33878,8571,7150,"SEEN1",176,55
"24166",33879,8571,7180,"SEEN2",176,55
"24167",33881,8418,6738,"BrF",176,57
"24168",33882,8418,6574,"BrM",176,57
"24169",33883,8418,6572,"ABX",176,57
"24170",33884,8418,5640,"ABX",176,57
"24171",33885,8418,7152,"SEEN1",176,57
"24172",33886,8420,6554,"BrF",176,58
"24173",33887,8420,5779,"BrM",176,58
"24174",33888,8420,7113,"H",176,58
"24175",33889,8413,7123,"BrF",176,59
"24176",33890,8413,6158,"BrM",176,59
"24177",33892,8450,6568,"BrF",176,60
"24178",33893,8450,5523,"BrM",176,60
"24179",33894,8450,7186,"FL",176,60
"24180",33895,8450,7130,"SEEN2",176,60
"24181",33896,8572,7083,"BrF",176,62
"24182",33897,8572,6772,"BrM",176,62
"24183",33899,8572,7180,"SEEN1",176,62
"24184",33900,8572,6780,"ABX",176,62
"24185",33901,8402,5901,"BrF",176,63
"24186",33902,8402,6910,"BrM",176,63
"24187",33903,8402,5319,"H",176,63
"24188",33905,8573,6187,"BrF",176,64
"24189",33906,8573,6261,"BrM",176,64
"24190",33907,8573,7212,"FL",176,64
"24191",33908,8574,7127,"BrF",176,602
"24192",33909,8574,6912,"BrM",176,602
"24193",33911,8574,7172,"SEEN1",176,602
"24194",33912,8574,7190,"SEEN1",176,602
"24195",33913,8443,6652,"BrF",176,70
"24196",33914,8443,7101,"BrM",176,70
"24197",33915,8443,7190,"ABX",176,70
"24198",33917,8443,7161,"SEEN1",176,70
"24199",33918,8443,7106,"SEEN1",176,70
"24200",33919,8404,5543,"BrF",176,71
"24201",33920,8404,6370,"BrM",176,71
"24202",33921,8404,6162,"H",176,71
"24203",33922,8404,7072,"AB",176,71
"24204",33923,8404,7161,"AB",176,71
"24205",33924,8404,7134,"AB",176,71
"24206",33926,8593,7184,"BrF",176,72
"24207",33927,8593,6029,"BrM",176,72
"24208",33928,8593,7165,"SEEN1",176,72
"24209",33929,8593,7161,"SEEN1",176,72
"24210",33930,8436,7200,"BrF",176,75
"24211",33931,8436,6018,"BrM",176,75
"24212",33933,8436,6854,"SEEN1",176,75
"24213",33934,8436,6873,"SEEN1",176,75
"24214",33935,8454,7182,"BrF",176,77
"24215",33936,8454,5626,"BrM",176,77
"24216",33937,8448,6857,"SEEN1",176,81
"24217",33939,8448,6746,"BrM",176,81
"24218",33940,8448,7116,"SEEN1",176,81
"24219",33941,8594,6849,"BrF",176,82
"24220",33942,8594,6728,"BrM",176,82
"24221",33943,8595,7119,"BrF",176,637
"24222",33944,8595,6221,"BrM",176,637
"24223",33945,8595,7105,"ABX",176,637
"24224",33946,8595,6757,"SEEN2",176,637
"24225",33947,8447,6845,"BrF",176,83
"24226",33948,8447,6739,"BrM",176,83
"24227",33949,8449,6044,"BrF",176,85
"24228",33950,8449,6222,"BrM",176,85
"24229",33951,8449,7202,"FL",176,85
"24230",33952,8596,7170,"BrF",176,86
"24231",33953,8596,7163,"SEEN1",176,86
"24232",33954,8596,7126,"BrM",176,86
"24233",33955,8596,6873,"SEEN1",176,86
"24234",33956,8428,6861,"BrF",176,90
"24235",33957,8428,7175,"BrM",176,90
"24236",33958,8428,6925,"ABX",176,90
"24237",33960,8401,7069,"BrM",176,94
"24238",33961,8401,6754,"H",176,94
"24239",33962,8401,6882,"H",176,94
"24240",33963,8401,7179,"ABX",176,94
"24241",33966,8401,7163,"SEEN1",176,94
"24242",33967,8401,7197,"SEEN1",176,94
"24243",33968,8401,7151,"SEEN2",176,94
"24244",33969,8597,6843,"BrF",176,95
"24245",33970,8597,6923,"BrM",176,95
"24246",33971,8597,7150,"ABX",176,95
"24247",33972,8408,5521,"BrF",176,96
"24248",33973,8408,7075,"BrM",176,96
"24249",33974,8427,6710,"BrM",176,98
"24250",33975,8427,6185,"BrF",176,98
"24251",33976,8427,7148,"ABX",176,98
"24252",33977,8431,6887,"BrM",176,99
"24253",33978,8431,6840,"BrF",176,99
"24254",33979,8431,7169,"ABX",176,99
"24255",33980,8440,6838,"BrF",176,100
"24256",33981,8440,6868,"BrM",176,100
"24257",33982,8440,7145,"AB",176,100
"24258",33983,8426,6881,"BrF",176,101
"24259",33984,8426,6381,"BrM",176,101
"24260",33986,8429,6195,"BrF",176,105
"24261",33987,8429,6759,"BrM",176,105
"24262",33988,8429,7154,"SEEN2",176,105
"24263",33989,8598,6665,"BrF",176,742
"24264",33990,8598,6736,"BrM",176,742
"24265",33991,8598,7154,"ABX",176,742
"24266",33992,8575,6644,"BrF",176,109
"24267",33993,8575,7143,"BrM",176,109
"24268",33994,8575,7199,"FL",176,109
"24269",33995,8576,6186,"BrF",176,110
"24270",33996,8576,7070,"BrM",176,110
"24271",33997,8576,7210,"FL",176,110
"24272",33998,8576,7213,"SEEN1",176,110
"24273",33999,8446,6906,"BrM",176,111
"24274",34002,8577,7173,"H",176,743
"24275",34003,8577,6656,"BrF",176,743
"24276",34004,8577,6860,"BrM",176,743
"24277",34005,8577,7203,"FL",176,743
"24278",34006,8457,7109,"BrF",176,770
"24279",34007,8457,7131,"BrM",176,770
"24280",34008,8422,6769,"BrF",176,112
"24281",34009,8422,6709,"BrM",176,112
"24282",34010,8422,7157,"H",176,112
"24283",34012,8422,5597,"SEEN1",176,112
"24284",34013,8599,5597,"BrF",176,79
"24285",34014,8599,6857,"BrM",176,79
"24286",34015,8439,6752,"BrF",176,116
"24287",34016,8439,7122,"BrM",176,116
"24288",34018,8578,6707,"BrF",176,118
"24289",34019,8578,6914,"BrM",176,118
"24290",34021,8578,7197,"SEEN1",176,118
"24291",34022,8600,7201,"BrF",176,123
"24292",34023,8600,6921,"BrM",176,123
"24293",34024,8600,7161,"SEEN1",176,123
"24294",34025,8601,7214,"BrF",176,125
"24295",34026,8601,6788,"BrM",176,125
"24296",34028,8601,7197,"SEEN1",176,125
"24297",34029,8601,7152,"SEEN1",176,125
"24298",34030,8417,6856,"BrF",176,126
"24299",34031,8417,6848,"BrM",176,126
"24300",34032,8417,7159,"H",176,126
"24301",34033,8489,6574,"NSA",175,57
"24302",34034,8417,7185,"SEEN2",176,126
"24303",34036,8417,7183,"SEEN1",176,126
"24304",34037,8602,7073,"BrF",176,127
"24305",34038,8602,6745,"BrM",176,127
"24306",34039,8456,5644,"BrF",176,128
"24307",34040,8456,6753,"BrM",176,128
"24308",34041,8456,6699,"ABX",176,128
"24309",34042,8456,6068,"SEEN1",176,128
"24310",34043,8403,6704,"BrF",176,135
"24311",34044,8403,7193,"FL",176,135
"24312",34045,8403,6862,"BrM",176,135
"24313",34046,8424,7118,"BrF",176,137
"24314",34047,8424,6892,"BrM",176,137
"24315",34048,8424,7178,"FL",176,137
"24316",34049,8579,6765,"BrF",176,138
"24317",34050,8579,6785,"BrM",176,138
"24318",34052,8580,6917,"BrF",176,140
"24319",34053,8580,6170,"BrM",176,140
"24320",34055,8581,6009,"BrF",176,154
"24321",34056,8581,6249,"BrM",176,154
"24322",34058,8581,7154,"SEEN1",176,154
"24323",34059,8603,4885,"BrF",176,155
"24324",34060,8430,6875,"BrF",176,157
"24325",34061,8430,6898,"BrM",176,157
"24326",34062,8430,7198,"FL",176,157
"24327",34063,8430,7111,"SEEN1",176,157
"24328",34064,8407,7187,"BrF",176,160
"24329",34065,8407,7081,"BrM",176,160
"24330",34066,8407,7153,"H",176,160
"24331",34068,8407,7161,"SEEN1",176,160
"24332",34069,8582,6670,"BrF",176,169
"24333",34070,8582,6654,"BrM",176,169
"24334",34071,8582,7176,"FL",176,169
"24335",34072,8582,7206,"SEEN1",176,169
"24336",34073,8583,6233,"BrF",176,173
"24337",34075,8583,7188,"FL",176,173
"24338",34076,8604,5077,"SEEN2",176,174
"24339",34077,8605,5545,"BrF",176,177
"24340",34078,8605,7171,"BrM",176,177
"24341",34079,8605,6735,"ABX",176,177
"24342",34080,8434,6851,"BrF",176,178
"24343",34081,8434,6653,"BrM",176,178
"24344",34082,8434,7161,"SEEN1",176,178
"24345",34083,8434,7111,"SEEN1",176,178
"24346",34084,8419,7138,"BrF",176,134
"24347",34085,8419,6850,"BrM",176,134
"24348",34086,8434,7149,"SEEN2",176,178
"24349",34087,8421,7110,"BrF",176,179
"24350",34088,8421,6294,"BrM",176,179
"24351",34089,8421,7158,"ABX",176,179
"24352",34090,8606,5621,"BrF",176,172
"24353",34091,8606,6900,"BrM",176,172
"24354",34092,8438,6028,"BrF",176,407
"24355",34093,8438,3456,"BrM",176,407
"24356",34094,8438,7208,"FL",176,407
"24357",34095,8607,5683,"BrF",176,478
"24358",34096,8607,6375,"BrM",176,478
"24359",34097,8607,7114,"ABX",176,478
"24360",34098,8433,7191,"FL",176,480
"24361",34100,8433,7093,"BrF",176,480
"24362",34101,8433,4860,"BrM",176,480
"24363",34103,8409,6550,"BrF",176,740
"24364",34104,8409,6831,"BrM",176,740
"24365",34105,8409,7192,"FL",176,740
"24366",34106,8608,5612,"BrM",176,479
"24367",34107,8608,6852,"ABX",176,479
"24368",34108,8409,6889,"SEEN1",176,740
"24369",34109,8586,6743,"BrF",176,481
"24370",34110,8586,6193,"BrM",176,481
"24371",34113,8584,7174,"BrM",176,772
"24372",34115,8455,7117,"BrF",176,662
"24373",34116,8455,7068,"BrM",176,662
"24374",34118,8455,6854,"SEEN1",176,662
"24375",34119,8609,6551,"BrF",176,738
"24376",34120,8609,6200,"BrM",176,738
"24377",34121,8609,7151,"ABX",176,738
"24378",34122,8609,7163,"SEEN2",176,738
"24379",34123,8609,6757,"SEEN2",176,738
"24380",34124,8610,7094,"BrF",176,746
"24381",34125,8610,6563,"BrM",176,746
"24382",34126,8411,6729,"BrF",176,745
"24383",34127,8411,6896,"ABX",176,745
"24384",34128,8411,7155,"BrM",176,745
"24385",34129,8435,6837,"BrF",176,767
"24386",34130,8435,6844,"BrM",176,767
"24387",34131,8453,6920,"BrF",176,768
"24388",34132,8453,6864,"BrM",176,768
"24389",34133,8453,7196,"FL",176,768
"24390",34134,8585,6926,"BrF",176,771
"24391",34135,8585,7071,"BrM",176,771
"24392",34136,8585,7156,"ABX",176,771
"24393",34138,8563,6909,"BrF",176,769
"24394",34139,8563,6859,"BrM",176,769
"24395",34140,8563,7215,"FL",176,769
"24396",34141,8496,6068,"NSA",175,602
"24397",34142,8504,7106,"NSA",175,637
"24398",34143,8610,6272,"NS",176,746
"24399",34144,8421,6690,"NS",176,179
"24400",34145,8602,6832,"NS",176,127
"24401",34146,8401,6167,"NS",176,94
"24402",34147,8428,5292,"NS",176,90
"24403",34148,8415,6902,"NS",176,618
"24404",34149,8412,7087,"NS",176,40
"24405",34150,8203,7087,"ABX",173,154
"24406",34151,8569,6870,"NSA",176,34
"24407",34152,8432,6570,"NS",176,16
"24408",34153,8603,7102,"BrM",176,155
"24409",34154,8564,7189,"SEEN1",176,13
"24410",34155,8437,7107,"BrM",176,47
"24411",34156,8415,7137,"SEEN2",176,618
"24412",34157,8578,7181,"SEEN1",176,118
"24413",34158,8553,5612,"NSA",175,479
"24414",34159,8371,5612,"NSA",174,479
"24415",34160,8388,6221,"BrM",174,637
"24416",34161,8504,6221,"BrM",175,637
"24417",34162,8380,6563,"BrM",174,746
"24418",34163,8558,6563,"BrM",175,746
"24419",34164,8611,6645,"BrM",174,12
"24420",34165,8612,6645,"BrM",175,12
"24421",34166,8392,6652,"BrF",174,70
"24422",34167,8497,6652,"BrF",175,70
"24423",34168,8611,6700,"BrF",174,12
"24424",34169,8612,6700,"BrF",175,12
"24425",34170,8387,6728,"BrM",174,82
"24426",34171,8503,6728,"BrM",175,82
"24427",34172,8360,6738,"BrF",174,57
"24428",34173,8489,6738,"BrF",175,57
"24429",34174,8352,6833,"BrF",174,45
"24430",34175,8481,6833,"BrF",175,45
"24431",34176,8543,7136,"NSA",175,173
"24432",34177,8459,6859,"NSA",175,2
"24433",34178,8611,6894,"NSA",174,12
"24434",34179,8612,6894,"NSA",175,12
"24435",34180,8462,6909,"NSA",175,8
"24436",34181,8305,7070,"NSA",174,110
"24437",34182,8519,7070,"NSA",175,110
"24438",34183,8329,7082,"NSA",174,27
"24439",34184,8470,7082,"NSA",175,27
"24440",34185,8109,7082,"SEEN2",171,27
"24441",34186,8360,5640,"NSA",174,57
"24442",34187,8387,6849,"BrF",174,82
"24443",34188,8565,1762,"NS",176,15
"24444",34189,8406,1826,"NS",176,9
"24445",34190,8596,3089,"NS",176,86
"24446",34191,8412,3462,"NS",176,40
"24447",34192,8439,3486,"NS",176,116
"24448",34193,8454,4958,"NS",176,77
"24449",34194,8593,5452,"NS",176,72
"24450",34195,8601,5596,"NS",176,125
"24451",34196,8586,5635,"NS",176,481
"24452",34197,8571,5776,"NS",176,55
"24453",34198,8421,5838,"NS",176,179
"24454",34199,8401,5845,"NS",176,94
"24455",34200,8832,5850,"NSA",176,516
"24456",34201,8590,6045,"NS",176,24
"24457",34202,8413,6048,"NS",176,59
"24458",34203,8455,6064,"NS",176,662
"24459",34204,8596,6143,"NS",176,86
"24460",34205,8591,6145,"NS",176,41
"24461",34206,8455,6152,"NS",176,662
"24462",34207,8428,6168,"NS",176,90
"24463",34208,8583,6172,"NS",176,173
"24464",34209,8405,6174,"NS",176,36
"24465",34210,8562,6215,"NS",176,1
"24466",34211,8564,6229,"NS",176,13
"24467",34212,8419,6377,"NS",176,134
"24468",34213,8445,6385,"NS",176,2
"24469",34214,8592,6548,"NS",176,50
"24470",34215,8605,6565,"NS",176,177
"24471",34216,8614,6567,"NS",176,-3
"24472",34217,8407,6657,"NS",176,160
"24473",34218,8437,6677,"NS",176,47
"24474",34219,8603,6689,"NS",176,155
"24475",34220,8436,6692,"NS",176,75
"24476",34221,8614,6693,"NS",176,-3
"24477",34222,8614,6758,"NS",176,-3
"24478",34223,8564,6774,"NS",176,13
"24479",34224,8592,6776,"NS",176,50
"24480",34225,8417,6842,"NS",176,126
"24481",34226,8410,6863,"NS",176,26
"24482",34227,8437,6884,"NS",176,47
"24483",34228,8420,6886,"NS",176,58
"24484",34229,8402,6903,"NS",176,63
"24485",34230,8402,7076,"NSA",176,63
"24486",34231,8405,7084,"NS",176,36
"24487",34232,8607,7086,"NS",176,478
"24488",34233,8568,7088,"NS",176,32
"24489",34234,8418,7108,"NS",176,57
"24490",34235,8444,7112,"NS",176,617
"24491",34236,8454,7121,"NS",176,77
"24492",34237,8593,7124,"NS",176,72
"24493",34238,8614,7125,"NS",176,-3
"24494",34239,8451,7129,"NS",176,53
"24495",34240,8404,7140,"NS",176,71
"24496",34241,8570,7141,"NS",176,48
"24497",34242,8420,7164,"ABX",176,58
"24498",34243,8614,7197,"FLOAT",176,-3
"24499",34244,8614,7180,"FLOAT",176,-3
"24500",34245,8614,7163,"FLOAT",176,-3
"24501",34254,8601,7190,"SEEN1",176,125
"24502",34255,8625,7096,"BrF",177,1
"24503",34256,8625,6144,"BrM",177,1
"24504",34257,8625,7205,"ABX",177,1
"24505",34258,8626,7196,"ABX",177,768
"24506",34259,8625,7196,"SEEN1",177,1
"24507",34260,8615,7139,"BrF",177,2
"24508",34261,8615,7135,"BrM",177,2
"24509",34262,8615,7232,"FL",177,2
"24510",34263,8616,6766,"BrF",177,616
"24511",34264,8616,5853,"BrM",177,616
"24512",34266,8616,7071,"SEEN2",177,616
"24513",34267,8627,6378,"BrF",177,3
"24514",34268,8627,7157,"ABX",177,3
"24515",34269,8627,5829,"NS",177,3
"24516",34270,8627,7168,"NS",177,3
"24517",34271,8628,6659,"BrF",177,8
"24518",34272,8628,6701,"BrM",177,8
"24519",34273,8629,7166,"BrF",177,9
"24520",34274,8629,7189,"SEEN1",177,9
"24521",34275,8629,5624,"NS",177,9
"24522",34375,8655,6780,"SEEN2",177,55
"24523",34376,8655,6737,"NS",177,55
"24524",34377,8656,6738,"BrF",177,57
"24525",34378,8656,6574,"BrM",177,57
"24526",34379,8656,6572,"ABX",177,57
"24527",34380,8656,7228,"ABX",177,57
"24528",34381,8656,5640,"ABX",177,57
"24529",34382,8655,7244,"SEEN1",177,55
"24530",34385,8617,6554,"BrF",177,58
"24531",34386,8617,5779,"BrM",177,58
"24532",34387,8617,7113,"H",177,58
"24533",34388,8617,7239,"H",177,58
"24534",34389,8617,7241,"CH",177,58
"24535",34390,8617,7240,"CH",177,58
"24536",34391,8617,7152,"SEEN1",177,58
"24537",34392,8617,7185,"SEEN2",177,58
"24538",34393,8617,7164,"NSA",177,58
"24539",34394,8657,7123,"BrF",177,59
"24540",34395,8657,6158,"BrM",177,59
"24541",34397,8657,7219,"SEEN1",177,59
"24542",34398,8658,6568,"BrF",177,60
"24543",34399,8658,7207,"SEEN2",177,60
"24544",34400,8658,5523,"NS",177,60
"24545",34401,8658,7130,"NS",177,60
"24546",34402,8659,6772,"BrM",177,62
"24547",34403,8659,7220,"SEEN2",177,62
"24548",34404,8659,6780,"SEEN2",177,62
"24549",34405,8659,7219,"SEEN2",177,62
"24550",34406,8659,7083,"NS",177,62
"24551",34407,8660,5901,"BrF",177,63
"24552",34408,8660,6910,"BrM",177,63
"24553",34411,8660,5319,"NSA",177,63
"24554",34412,8661,6261,"BrM",177,64
"24555",34413,8661,7212,"ABX",177,64
"24556",34414,8661,7222,"SEEN1",177,64
"24557",34416,8661,6187,"NS",177,64
"24558",34417,8618,7127,"BrF",177,602
"24559",34418,8618,6912,"BrM",177,602
"24560",34421,8662,7101,"BrM",177,70
"24561",34423,8662,6652,"NS",177,70
"24562",34424,8662,7106,"NSA",177,70
"24563",34425,8663,5543,"BrF",177,71
"24564",34426,8663,6162,"H",177,71
"24565",34427,8663,7072,"ABX",177,71
"24566",34428,8663,7134,"ABX",177,71
"24567",34430,8663,7173,"SEEN1",177,71
"24568",34431,8663,6370,"NS",177,71
"24569",34432,8664,7184,"BrF",177,72
"24570",34433,8664,6029,"BrM",177,72
"24571",34434,8664,3456,"SEEN1",177,72
"24572",34436,8665,6854,"SEEN1",177,75
"24573",34437,8665,6018,"NS",177,75
"24574",34438,8665,6873,"NS",177,75
"24575",34439,8666,7182,"BrF",177,77
"24576",34440,8666,5626,"BrM",177,77
"24577",34441,8667,5597,"BrF",177,79
"24578",34442,8667,6857,"BrM",177,79
"24579",34443,8667,7229,"SEEN1",177,79
"24580",34444,8667,7237,"SEEN1",177,79
"24581",34445,8668,6746,"BrM",177,81
"24582",34446,8668,7116,"SEEN2",177,81
"24583",34447,8669,6849,"NS",177,82
"24584",34448,8669,6728,"NS",177,82
"24585",34449,8670,7119,"BrF",177,637
"24586",34450,8670,6221,"BrM",177,637
"24587",34452,8670,6757,"NS",177,637
"24588",34453,8671,6845,"BrF",177,83
"24589",34454,8671,6739,"BrM",177,83
"24590",34456,8672,6044,"BrF",177,85
"24591",34457,8672,6222,"BrM",177,85
"24592",34458,8672,7202,"NS",177,85
"24593",34459,8673,7105,"ABX",177,86
"24594",34460,8673,7163,"ABX",177,86
"24595",34461,8673,7170,"NS",177,86
"24596",34462,8673,7126,"NS",177,86
"24597",34463,8674,6861,"BrF",177,90
"24598",34464,8674,7175,"BrM",177,90
"24599",34465,8674,6925,"ABX",177,90
"24600",34466,8674,7230,"SEEN1",177,90
"24601",34467,8674,7226,"SEEN1",177,90
"24602",34469,8674,7227,"SEEN2",177,90
"24603",34470,8675,6754,"H",177,94
"24604",34471,8675,6882,"H",177,94
"24605",34473,8675,7179,"ABX",177,94
"24606",34474,8675,7236,"ABX",177,94
"24607",34475,8675,7237,"SEEN1",177,94
"24608",34476,8675,7069,"NS",177,94
"24609",34477,8676,6843,"BrF",177,95
"24610",34478,8676,6923,"BrM",177,95
"24611",34479,8677,5521,"BrF",177,96
"24612",34480,8677,7075,"BrM",177,96
"24613",34481,8624,6185,"BrF",177,98
"24614",34482,8624,6710,"BrM",177,98
"24615",34483,8624,7148,"ABX",177,98
"24616",34484,8678,6840,"BrF",177,99
"24617",34485,8678,6887,"BrM",177,99
"24618",34486,8678,7169,"ABX",177,99
"24619",34487,8678,7153,"SEEN1",177,99
"24620",34490,8621,6838,"BrF",177,100
"24621",34491,8621,6868,"BrM",177,100
"24622",34492,8621,7145,"AB",177,100
"24623",34493,8621,7148,"ABX",177,100
"24624",34494,8679,6881,"BrF",177,101
"24625",34495,8679,6381,"BrM",177,101
"24626",34496,8679,7248,"FL",177,101
"24627",34497,8680,6195,"BrF",177,105
"24628",34498,8680,6759,"BrM",177,105
"24629",34499,8681,6665,"BrF",177,742
"24630",34500,8681,6736,"BrM",177,742
"24631",34501,8681,7154,"ABX",177,742
"24632",34502,8682,7213,"SEEN1",177,109
"24633",34503,8682,6644,"BrF",177,109
"24634",34504,8682,7143,"NS",177,109
"24635",34505,8682,7199,"NS",177,109
"24636",34506,8683,6186,"BrF",177,110
"24637",34507,8683,7070,"BrM",177,110
"24638",34508,8683,7210,"SEEN2",177,110
"24639",34509,8684,6906,"BrM",177,111
"24640",34510,8684,7237,"SEEN1",177,111
"24641",34511,8685,6656,"BrF",177,743
"24642",34512,8685,6860,"BrM",177,743
"24643",34513,8685,7203,"NS",177,743
"24644",34514,8686,7109,"BrF",177,770
"24645",34515,8686,7131,"NS",177,770
"24646",34516,8687,6769,"BrF",177,112
"24647",34517,8687,6709,"BrM",177,112
"24648",34518,8687,7229,"SEEN1",177,112
"24649",34519,8688,6752,"BrF",177,116
"24650",34520,8688,7238,"SEEN1",177,116
"24651",34521,8688,7122,"NS",177,116
"24652",34522,8623,6707,"BrF",177,118
"24653",34523,8623,6914,"BrM",177,118
"24654",34524,8623,7181,"NS",177,118
"24655",34525,8689,7201,"BrF",177,123
"24656",34526,8689,6921,"BrM",177,123
"24657",34527,8620,7214,"BrF",177,125
"24658",34528,8620,7190,"ABX",177,125
"24659",34530,8620,6788,"NS",177,125
"24660",34531,8620,7197,"NS",177,125
"24661",34532,8690,6856,"BrF",177,126
"24662",34533,8690,6848,"BrM",177,126
"24663",34534,8690,7159,"H",177,126
"24664",34535,8690,7224,"ABX",177,126
"24665",34536,8690,7185,"SEEN2",177,126
"24666",34537,8691,7073,"BrF",177,127
"24667",34538,8691,6745,"BrM",177,127
"24668",34539,8691,7225,"ABX",177,127
"24669",34540,8692,6753,"BrM",177,128
"24670",34541,8692,6699,"ABX",177,128
"24671",34542,8692,7219,"SEEN1",177,128
"24672",34543,8692,5644,"NSA",177,128
"24673",34544,8693,6850,"BrM",177,134
"24674",34545,8693,6068,"ABX",177,134
"24675",34546,8693,7138,"NS",177,134
"24676",34547,8619,6704,"BrF",177,135
"24677",34548,8619,6862,"BrM",177,135
"24678",34549,8619,7193,"SEEN1",177,135
"24679",34551,8694,7118,"BrF",177,137
"24680",34552,8694,6892,"BrM",177,137
"24681",34553,8694,7178,"ABX",177,137
"24682",34554,8695,6765,"BrF",177,138
"24683",34555,8695,6785,"BrM",177,138
"24684",34556,8695,7193,"SEEN1",177,138
"24685",34557,8695,7242,"SEEN2",177,138
"24686",34558,8696,6917,"BrF",177,140
"24687",34559,8696,6170,"BrM",177,140
"24688",34560,8697,6009,"BrF",177,154
"24689",34561,8697,6249,"BrM",177,154
"24690",34563,8698,4885,"BrF",177,155
"24691",34564,8698,7102,"BrM",177,155
"24692",34565,8622,6875,"BrF",177,157
"24693",34566,8622,6898,"BrM",177,157
"24694",34567,8622,7198,"ABX",177,157
"24695",34569,8699,7081,"BrM",177,160
"24696",34571,8699,7187,"NS",177,160
"24697",34572,8700,6858,"SEEN1",177,167
"24698",34573,8700,7079,"SEEN2",177,167
"24699",34574,8701,6670,"BrF",177,169
"24700",34575,8701,6654,"BrM",177,169
"24701",34576,8701,7206,"ABX",177,169
"24702",34577,8701,7176,"NSA",177,169
"24703",34578,8702,6233,"BrF",177,173
"24704",34579,8702,7188,"SEEN1",177,173
"24705",34581,8703,6896,"SEEN1",177,174
"24706",34583,8704,7171,"BrM",177,177
"24707",34584,8704,6735,"ABX",177,177
"24708",34586,8704,5545,"BrF",177,177
"24709",34587,8705,6653,"BrM",177,178
"24710",34588,8705,7111,"ABX",177,178
"24711",34589,8705,6851,"NS",177,178
"24712",34590,8705,7149,"NS",177,178
"24713",34591,8706,7110,"BrF",177,179
"24714",34592,8706,6294,"BrM",177,179
"24715",34593,8706,7158,"ABX",177,179
"24716",34594,8707,6900,"BrM",177,172
"24717",34595,8707,7165,"SEEN1",177,172
"24718",34596,8707,5621,"NS",177,172
"24719",34597,8708,7076,"SEEN1",177,407
"24720",34598,8708,6028,"NS",177,407
"24721",34599,8708,7208,"NS",177,407
"24722",34600,8709,5683,"BrF",177,478
"24723",34601,8709,6375,"BrM",177,478
"24724",34603,8709,7235,"SEEN2",177,478
"24725",34605,8710,4860,"BrM",177,480
"24726",34606,8710,7234,"SEEN1",177,480
"24727",34607,8710,7161,"SEEN2",177,480
"24728",34608,8710,7191,"NS",177,480
"24729",34609,8711,5612,"NS",177,479
"24730",34610,8711,6852,"ABX",177,479
"24731",34611,8711,7114,"ABX",177,479
"24732",34612,8712,6550,"NS",177,740
"24733",34613,8712,6831,"NS",177,740
"24734",34614,8712,7192,"NS",177,740
"24735",34615,8713,6743,"BrF",177,481
"24736",34616,8713,6193,"BrM",177,481
"24737",34617,8713,7233,"SEEN2",177,481
"24738",34618,8714,7174,"NS",177,772
"24739",34619,8715,5009,"SEEN1",177,516
"24740",34620,8715,5850,"SEEN1",177,516
"24741",34621,8716,7117,"BrF",177,662
"24742",34622,8716,7120,"ABX",177,662
"24743",34624,8717,6200,"BrM",177,738
"24744",34625,8717,6925,"ABX",177,738
"24745",34626,8717,7151,"ABX",177,738
"24746",34627,8717,6551,"NS",177,738
"24747",34628,8718,7094,"BrF",177,746
"24748",34629,8718,6563,"NS",177,746
"24749",34630,8719,6729,"BrF",177,745
"24750",34631,8719,7155,"NS",177,745
"24751",34632,8720,6837,"BrF",177,767
"24752",34633,8720,6844,"BrM",177,767
"24753",34634,8720,7243,"SEEN1",177,767
"24754",34635,8626,6920,"BrF",177,768
"24755",34636,8626,6864,"BrM",177,768
"24756",34637,8721,6926,"NS",177,771
"24757",34638,8721,7156,"NSA",177,771
"24758",34639,8722,6859,"BrM",177,769
"24759",34640,8722,6909,"BrF",177,769
"24760",34641,8722,7215,"NS",177,769
"24761",34642,8725,6699,"BrF",178,128
"24762",34643,8730,7096,"BrF",178,1
"24763",34644,8730,6144,"BrM",178,1
"24764",34645,8730,7254,"FL",178,1
"24765",34646,8747,7232,"OFL",178,2
"24766",34647,8747,7139,"BrF",178,2
"24767",34648,8747,7135,"BrM",178,2
"24768",34649,8744,6766,"BrF",178,616
"24769",34650,8744,5853,"BrM",178,616
"24770",34651,8764,6378,"BrF",178,3
"24771",34652,8764,7157,"BrM",178,3
"24772",34653,8766,6659,"BrF",178,8
"24773",34654,8766,6701,"BrM",178,8
"24774",34655,8767,7166,"BrF",178,9
"24775",34656,8767,7205,"BrM",178,9
"24776",34657,8756,7099,"BrF",178,13
"24777",34658,8756,6155,"BrM",178,13
"24778",34659,8731,7262,"BrF",178,15
"24779",34660,8731,6155,"BrM",178,15
"24780",34661,8768,6673,"BrF",178,20
"24781",34662,8769,6698,"BrM",178,24
"24782",34663,8770,6733,"BrF",178,26
"24783",34664,8770,7115,"SEEN1",178,26
"24784",34665,8760,6191,"BrF",178,28
"24785",34666,8760,6865,"BrM",178,28
"24786",34667,8771,7093,"BrF",178,32
"24787",34668,8771,7177,"BrM",178,32
"24788",34669,8772,5823,"BrF",178,617
"24789",34670,8772,7142,"BrM",178,617
"24790",34671,8773,7132,"BrF",178,34
"24791",34672,8773,6870,"BrM",178,34
"24792",34673,8774,6159,"BrF",178,36
"24793",34674,8774,7144,"BrM",178,36
"24794",34675,8775,6729,"BrF",178,605
"24795",34676,8775,6676,"BrM",178,605
"24796",34276,8630,6700,"NS",177,12
"24797",34277,8630,6894,"NS",177,12
"24798",34278,8630,6645,"NSA",177,12
"24799",34279,8631,7099,"BrF",177,13
"24800",34280,8631,6155,"BrM",177,13
"24801",34282,8631,7245,"FL",177,13
"24802",34284,8632,5657,"NS",177,15
"24803",34285,8632,6895,"NS",177,15
"24804",34286,8633,7167,"SEEN1",177,16
"24805",34287,8632,7211,"NS",177,15
"24806",34288,8633,6889,"BrM",177,16
"24807",34290,8633,6199,"NS",177,16
"24808",34291,8634,6905,"ABX",177,20
"24809",34292,8634,7233,"SEEN2",177,20
"24810",34293,8634,6673,"BrF",177,20
"24811",34294,8634,6877,"NS",177,20
"24812",34295,8635,6698,"BrM",177,24
"24813",34296,8635,7200,"SEEN1",177,24
"24814",34297,8635,5630,"NS",177,24
"24815",34298,8636,6733,"BrF",177,26
"24816",34300,8636,7115,"SEEN1",177,26
"24817",34301,8636,7162,"NS",177,26
"24818",34302,8637,7082,"BrF",177,27
"24819",34304,8637,3087,"NS",177,27
"24820",34305,8638,6191,"BrF",177,28
"24821",34306,8638,6865,"BrM",177,28
"24822",34307,8638,7234,"SEEN2",177,28
"24823",34308,8639,7093,"ABX",177,32
"24824",34309,8639,7177,"ABX",177,32
"24825",34310,8639,6764,"NS",177,32
"24826",34311,8639,6890,"NS",177,32
"24827",34312,8640,7231,"SEEN1",177,617
"24828",34313,8640,5823,"SEEN1",177,617
"24829",34314,8640,6706,"NS",177,617
"24830",34315,8641,7132,"ABX",177,34
"24831",34316,8641,7142,"ABX",177,34
"24832",34317,8641,7249,"SEEN1",177,34
"24833",34318,8641,6870,"SEEN2",177,34
"24834",34319,8641,7160,"NS",177,34
"24835",34320,8642,6159,"BrF",177,36
"24836",34321,8642,7144,"BrM",177,36
"24837",34322,8642,7249,"SEEN1",177,36
"24838",34325,8643,6217,"BrF",177,605
"24839",34326,8643,6676,"BrM",177,605
"24840",34328,8644,7146,"BrF",177,39
"24841",34329,8644,6210,"BrM",177,39
"24842",34330,8644,7209,"ABX",177,39
"24843",34331,8645,7091,"BrF",177,40
"24844",34332,8645,7194,"SEEN1",177,40
"24845",34333,8645,5590,"SEEN1",177,40
"24846",34334,8645,7195,"NS",177,40
"24847",34335,8646,6924,"BrF",177,41
"24848",34336,8646,6671,"BrM",177,41
"24849",34337,8647,6211,"BrF",177,43
"24850",34338,8647,6762,"SEEN2",177,43
"24851",34339,8647,6011,"NS",177,43
"24852",34341,8648,7172,"SEEN1",177,45
"24853",34342,8648,7090,"SEEN1",177,45
"24854",34343,8648,5513,"SEEN2",177,45
"24855",34344,8648,6833,"NS",177,45
"24856",34345,8648,6231,"NS",177,45
"24857",34346,8649,5611,"BrF",177,46
"24858",34347,8649,7090,"SEEN1",177,46
"24859",34348,8649,7172,"SEEN1",177,46
"24860",34350,8649,6835,"BrM",177,46
"24861",34351,8650,6879,"BrF",177,47
"24862",34352,8650,7107,"BrM",177,47
"24863",34354,8650,6703,"NSA",177,47
"24864",34355,8651,7136,"BrF",177,48
"24865",34356,8651,6558,"H",177,48
"24866",34357,8651,7204,"ABX",177,48
"24867",34358,8651,7223,"SEEN1",177,48
"24868",34359,8651,6655,"NS",177,48
"24869",34360,8652,6919,"ABX",177,50
"24870",34361,8652,7137,"NS",177,50
"24871",34362,8652,7133,"NS",177,50
"24872",34363,8653,6163,"BrM",177,618
"24873",34364,8653,6036,"NS",177,618
"24874",34365,8653,6161,"NS",177,618
"24875",34366,8654,6847,"BrF",177,53
"24876",34367,8654,7147,"ABX",177,53
"24877",34368,8654,7183,"ABX",177,53
"24878",34370,8654,5855,"NS",177,53
"24879",34371,8655,6918,"BrM",177,55
"24880",34372,8655,7180,"ABX",177,55
"24881",34373,8655,7221,"ABX",177,55
"24882",35767,9066,7897,"FL",188,861
"24883",35768,9067,6852,"BrF",188,618
"24884",35769,9067,6163,"BrM",188,618
"24885",35770,9067,7893,"ABX",188,618
"24886",35772,9068,7258,"BrF",188,55
"24887",35773,9068,6918,"BrM",188,55
"24888",35774,9068,7220,"NS",188,55
"24889",35775,9068,6572,"NS",188,55
"24890",35776,9069,7221,"NS",188,36
"24891",35777,9069,7144,"NS",188,36
"24892",35778,9070,6738,"BrF",188,57
"24893",35779,9070,6574,"BrM",188,57
"24894",35780,9071,6554,"BrF",188,58
"24895",35781,9071,5779,"BrM",188,58
"24896",35783,9071,7864,"SEEN1",188,58
"24897",35784,9071,7865,"SEEN1",188,58
"24898",35785,9071,7113,"SEEN1",188,58
"24899",35786,9071,7663,"NS",188,58
"24900",35787,9072,7123,"BrF",188,59
"24901",35788,9072,7251,"BrM",188,59
"24902",35789,9072,6158,"NS",188,59
"24903",35790,9072,7219,"NS",188,59
"24904",35791,9072,6162,"NS",188,59
"24905",35792,9073,7662,"SEEN2",188,60
"24906",35793,9073,6568,"NS",188,60
"24907",35794,9073,7207,"NS",188,60
"24908",35795,9074,7721,"BrM",188,62
"24909",35796,9074,7206,"BrF",188,62
"24910",35797,9075,6910,"BrM",188,63
"24911",35798,9075,5543,"SEEN1",188,63
"24912",35799,9075,7669,"NS",188,63
"24913",35800,9075,5319,"NS",188,63
"24914",35801,9076,7252,"BrF",188,64
"24915",35802,9076,7224,"BrM",188,64
"24916",35804,9076,7667,"SEEN1",188,64
"24917",35805,9077,7665,"BrF",188,602
"24918",35806,9077,6912,"BrM",188,602
"24919",35807,9078,7153,"BrF",188,70
"24920",35808,9078,7101,"BrM",188,70
"24921",35809,9078,7872,"SEEN1",188,70
"24922",35810,9079,7871,"BrU",188,71
"24923",35811,9079,7176,"BrM",188,71
"24924",35812,9079,6882,"SEEN1",188,71
"24925",35813,9080,7184,"BrF",188,72
"24926",35814,9080,7210,"BrM",188,72
"24927",35816,9081,7072,"BrF",188,773
"24928",35817,9081,7715,"SEEN2",188,773
"24929",35818,9081,7134,"NS",188,773
"24930",35819,9082,7104,"NS",188,75
"24931",35820,9083,6044,"BrF",188,77
"24932",35822,9083,7182,"NS",188,77
"24933",35823,9083,7164,"NS",188,77
"24934",35824,9084,6857,"BrM",188,79
"24935",35825,9084,7731,"NS",188,79
"24936",35826,9084,7234,"NS",188,79
"24937",35827,9085,7116,"BrF",188,81
"24938",35828,9085,7877,"SEEN1",188,81
"24939",35829,9085,6746,"NS",188,81
"24940",35830,9086,7260,"BrF",188,82
"24941",35831,9086,7169,"BrM",188,82
"24942",35832,9087,6845,"BrF",188,83
"24943",35833,9087,7215,"BrM",188,83
"24944",35835,9088,7105,"BrM",188,86
"24945",35836,9088,7163,"BrF",188,86
"24946",35837,9089,7175,"BrM",188,90
"24947",35838,9089,7738,"SEEN1",188,90
"24948",35839,9089,6925,"SEEN1",188,90
"24949",35840,9089,7891,"SEEN1",188,90
"24950",35841,9089,6861,"NS",188,90
"24951",35842,9090,7230,"BrF",188,858
"24952",35843,9090,7227,"BrM",188,858
"24953",35845,9091,7272,"SEEN1",188,94
"24954",35846,9092,7265,"BrF",188,95
"24955",35847,9092,6923,"BrM",188,95
"24956",35848,9092,6843,"NS",188,95
"24957",35849,9041,6185,"BrF",188,98
"24958",35850,9041,6710,"BrM",188,98
"24959",35852,9093,7270,"BrF",188,99
"24960",35853,9093,7238,"BrM",188,99
"24961",35855,9094,6838,"BrF",188,100
"24962",35856,9094,6759,"BrM",188,100
"24963",35858,9094,7867,"SEEN1",188,100
"24964",35859,9094,6195,"NS",188,100
"24965",35861,9095,6881,"BrF",188,101
"24966",35862,9095,7714,"BrM",188,101
"24967",35863,9095,6381,"NS",188,101
"24968",35864,9095,7248,"NS",188,101
"24969",35865,9096,7844,"BrF",188,742
"24970",35866,9096,7269,"BrM",188,742
"24971",35867,9096,7898,"FL",188,742
"24972",35868,9096,6736,"NS",188,742
"24973",35869,9097,7727,"NS",188,110
"24974",35870,9098,7106,"BrF",188,111
"24975",35871,9098,6906,"BrM",188,111
"24976",35873,9099,6860,"BrM",188,743
"24977",35874,9099,7237,"NS",188,743
"24978",35875,9100,7257,"BrF",188,112
"24979",35876,9100,6709,"BrM",188,112
"24980",35877,9100,7869,"ABX",188,112
"24981",35878,9101,6752,"BrF",188,116
"24982",35879,9101,7226,"BrM",188,116
"24983",35881,9101,7870,"SEEN1",188,116
"24984",35882,9102,6914,"BrM",188,118
"24985",35883,9102,7883,"SEEN1",188,118
"24986",35884,9102,6707,"NS",188,118
"24987",35885,9103,7222,"BrF",188,123
"24988",35886,9103,6921,"BrM",188,123
"24989",35888,9103,7723,"SEEN1",188,123
"24990",35889,9042,7214,"BrF",188,125
"24991",35890,9042,7190,"BrM",188,125
"24992",35891,9042,7875,"SEEN1",188,125
"24993",35892,9104,6856,"BrF",188,126
"24994",35893,9104,7736,"BrM",188,126
"24995",35895,9104,6848,"NS",188,126
"24996",35896,9105,7073,"BrF",188,127
"24997",35897,9105,6745,"BrM",188,127
"24998",35898,9105,7880,"H",188,127
"24999",35899,9105,7879,"FL",188,127
"25000",35900,9106,6699,"BrF",188,128
"25001",35901,9106,7225,"BrM",188,128
"25002",35902,9106,7881,"SEEN2",188,128
"25003",35903,9106,7178,"NS",188,128
"25004",35904,9107,6780,"BrF",188,862
"25005",35905,9107,7159,"BrM",188,862
"25006",35906,9108,7148,"BrF",188,134
"25007",35907,9108,6850,"BrM",188,134
"25008",35908,9108,7882,"SEEN2",188,134
"25009",35909,9109,6704,"BrF",188,135
"25010",35910,9109,6862,"BrM",188,135
"25011",35911,9110,7118,"BrF",188,137
"25012",35912,9110,6892,"BrM",188,137
"25013",35914,9110,7261,"NS",188,137
"25014",35916,9111,6765,"BrF",188,138
"25015",35917,9112,7713,"BrF",188,140
"25016",35918,9112,7145,"BrM",188,140
"25017",35919,9112,7733,"SEEN1",188,140
"25018",35920,9112,6917,"NS",188,140
"25019",35921,9113,6009,"BrF",188,154
"25020",35922,9113,6249,"BrM",188,154
"25021",35923,9113,7868,"FL",188,154
"25022",35924,9114,6735,"BrF",188,155
"25023",35925,9114,7154,"BrM",188,155
"25024",35926,9115,6875,"BrF",188,157
"25025",35927,9115,6898,"BrM",188,157
"25026",35929,9116,7239,"BrF",188,160
"25027",35930,9116,7198,"BrM",188,160
"25028",35931,9116,7894,"OFL",188,160
"25029",35932,9116,7895,"OFL",188,160
"25030",35933,9117,7079,"BrF",188,167
"25031",35934,9117,6858,"BrM",188,167
"25032",35935,9118,6670,"BrF",188,169
"25033",35936,9118,7244,"BrM",188,169
"25034",35937,9118,7886,"SEEN1",188,169
"25035",35938,9118,7717,"NS",188,169
"25036",35940,9119,7675,"SEEN1",188,173
"25037",35941,9119,6233,"NS",188,173
"25038",35942,9119,7231,"NS",188,173
"25039",35943,9120,7672,"BrF",188,177
"25040",35944,9120,7171,"BrM",188,177
"25041",35945,9121,7111,"BrF",188,178
"25042",35946,9121,6653,"BrM",188,178
"25043",35691,9044,7096,"BrF",188,1
"25044",35692,9044,6144,"BrM",188,1
"25045",35693,9044,7884,"FL",188,1
"25046",35694,9045,7139,"BrF",188,2
"25047",35695,9045,7135,"BrM",188,2
"25048",35696,9045,7876,"FL",188,2
"25049",35697,9045,7711,"NS",188,2
"25050",35698,9046,7271,"BrF",188,616
"25051",35699,9046,5853,"BrM",188,616
"25052",35700,9047,6378,"BrF",188,3
"25053",35702,9047,6864,"NS",188,3
"25054",35703,9048,6701,"BrM",188,8
"25055",35704,9048,6659,"NS",188,8
"25056",35705,9049,7246,"BrF",188,9
"25057",35706,9049,7205,"BrM",188,9
"25058",35707,9050,7729,"SEEN2",188,13
"25059",35708,9050,7730,"NS",188,13
"25060",35709,9050,7099,"NS",188,13
"25061",35710,9050,6155,"NS",188,13
"25062",35711,9051,7262,"BrF",188,15
"25063",35712,9052,7720,"BrF",188,24
"25064",35713,9052,6698,"BrM",188,24
"25065",35714,9052,7734,"NS",188,24
"25066",35715,9052,7200,"NS",188,24
"25067",35716,9053,6191,"BrF",188,28
"25068",35718,9054,7093,"BrF",188,32
"25069",35719,9054,7177,"BrM",188,32
"25070",35720,9054,7843,"SEEN1",188,32
"25071",35721,9055,5823,"BrF",188,617
"25072",35723,9055,7250,"NS",188,617
"25073",35724,9055,7887,"SEEN1",188,617
"25074",35725,9056,7142,"BrM",188,859
"25075",35726,9056,7896,"ABX",188,859
"25076",35727,9056,7873,"ABX",188,859
"25077",35728,9056,7132,"NS",188,859
"25078",35729,9057,7263,"BrF",188,34
"25079",35730,9057,7722,"BrM",188,34
"25080",35732,9057,6870,"NS",188,34
"25081",35733,9058,6729,"BrF",188,605
"25082",35735,9058,7661,"NS",188,605
"25083",35736,9059,7146,"BrF",188,39
"25084",35737,9059,7229,"BrM",188,39
"25085",35739,9043,7718,"BrM",188,40
"25086",35740,9043,7091,"BrF",188,40
"25087",35742,9043,5590,"NS",188,40
"25088",35743,9060,7712,"BrF",188,41
"25089",35744,9060,7247,"BrM",188,41
"25090",35746,9061,6211,"BrF",188,43
"25091",35747,9061,7240,"BrM",188,43
"25092",35748,9061,7726,"SEEN1",188,43
"25093",35749,9061,7725,"NS",188,43
"25094",35750,9062,7670,"SEEN2",188,45
"25095",35751,9062,7152,"NS",188,45
"25096",35752,9062,7267,"NS",188,45
"25097",35753,9062,6655,"NS",188,45
"25098",35754,9063,6919,"BrF",188,46
"25099",35755,9063,6835,"BrM",188,46
"25100",35756,9063,7253,"SEEN2",188,46
"25101",35757,9063,7892,"SEEN2",188,46
"25102",35758,9064,6879,"BrF",188,47
"25103",35760,9064,7888,"SEEN2",188,47
"25104",35761,9064,7107,"NS",188,47
"25105",35762,9065,7878,"SEEN1",188,48
"25106",35763,9065,7136,"NS",188,48
"25107",35764,9065,7173,"NS",188,48
"25108",35765,9066,7243,"BrF",188,861
"25109",36041,9169,7740,"BrF",189,605
"25110",36042,9169,5823,"SEEN1",189,605
"25111",36043,9170,7146,"BrF",189,39
"25112",36044,9170,7229,"BrM",189,39
"25113",36045,9170,7263,"SEEN1",189,39
"25114",36046,9153,7091,"BrF",189,40
"25115",36047,9153,7884,"BrM",189,40
"25116",36048,9153,7904,"SA",189,40
"25117",36049,9171,7712,"BrF",189,41
"25118",36050,9171,7911,"OFL",189,41
"25119",36051,9171,7247,"NS",189,41
"25120",36052,9172,7670,"BrF",189,43
"25121",36053,9172,7240,"BrM",189,43
"25122",36054,9172,7726,"SEEN1",189,43
"25123",36055,9172,6879,"SEEN1",189,43
"25124",36056,9172,6211,"NS",189,43
"25125",36057,9158,7253,"BrF",189,45
"25126",36058,9158,6835,"SEEN1",189,45
"25127",36059,9158,7892,"SEEN1",189,45
"25128",36060,9158,6378,"SEEN1",189,45
"25129",36061,9158,7911,"SEEN2",189,45
"25130",36062,9158,7666,"NS",189,45
"25131",36063,9158,7670,"NSA",189,45
"25132",36064,9138,6919,"BrF",189,46
"25133",36065,9138,6835,"BrM",189,46
"25134",36066,9138,7258,"SEEN1",189,46
"25135",36067,9138,7253,"NSA",189,46
"25136",36068,9138,7892,"NSA",189,46
"25137",36069,9173,7729,"BrF",189,47
"25138",36070,9173,6879,"SEEN1",189,47
"25139",36071,9173,7888,"NS",189,47
"25140",36072,9136,7072,"BrF",189,48
"25141",36073,9136,7897,"BrM",189,48
"25142",36074,9136,7878,"NS",189,48
"25143",36075,9174,7243,"BrF",189,861
"25144",36076,9174,7897,"SEEN2",189,861
"25145",36077,9175,6919,"BrF",189,618
"25146",36078,9175,7892,"BrM",189,618
"25147",36079,9175,6568,"SEEN1",189,618
"25148",36080,9175,7723,"SEEN1",189,618
"25149",36081,9176,7914,"BrF",189,57
"25150",36082,9176,6574,"BrM",189,57
"25151",36083,9176,7736,"SEEN1",189,57
"25152",36084,9176,6856,"SEEN1",189,57
"25153",36085,9177,6554,"BrF",189,58
"25154",36086,9177,5779,"BrM",189,58
"25155",36087,9177,7879,"H",189,58
"25156",36088,9177,7865,"ABX",189,58
"25157",36089,9177,7864,"ABX",189,58
"25158",36090,9177,7913,"FL",189,58
"25159",36091,9178,7123,"BrF",189,59
"25160",36092,9178,7159,"BrM",189,59
"25161",36093,9178,7915,"FL",189,59
"25162",36094,9178,7251,"NS",189,59
"25163",36095,9179,6568,"BrF",189,60
"25164",36096,9179,7662,"BrM",189,60
"25165",36097,9139,7206,"BrF",189,62
"25166",36098,9139,7261,"BrM",189,62
"25167",36099,9139,6780,"SEEN1",189,62
"25168",36100,9139,7721,"NS",189,62
"25169",36101,9180,6882,"BrF",189,63
"25170",36102,9180,6910,"BrM",189,63
"25171",36103,9180,5543,"NS",189,63
"25172",36104,9151,7895,"BrF",189,64
"25173",36105,9151,7101,"BrM",189,64
"25174",36106,9151,7252,"NS",189,64
"25175",36107,9151,7224,"NS",189,64
"25176",36108,9181,7665,"BrF",189,602
"25177",36109,9181,6912,"BrM",189,602
"25178",36110,9182,7895,"BrF",189,70
"25179",36111,9182,7101,"BrM",189,70
"25180",36112,9182,6921,"SEEN1",189,70
"25181",36113,9182,7243,"SEEN1",189,70
"25182",36114,9183,7880,"BrF",189,72
"25183",36115,9183,7675,"BrM",189,72
"25184",36116,9183,7184,"NS",189,72
"25185",36117,9183,7210,"NSA",189,72
"25186",36118,9156,7222,"BrF",189,773
"25187",36119,9156,6921,"BrM",189,773
"25188",36120,9156,7674,"SEEN1",189,773
"25189",36121,9156,7072,"NSA",189,773
"25190",36122,9184,6044,"BrF",189,73
"25191",36123,9184,7718,"BrM",189,73
"25192",36124,9184,7722,"NSA",189,73
"25193",36125,9185,7877,"BrM",189,79
"25194",36126,9185,7728,"SEEN1",189,79
"25195",36127,9185,7893,"SEEN1",189,79
"25196",36128,9185,6857,"NS",189,79
"25197",36129,9186,7116,"BrF",189,81
"25198",36130,9186,7893,"BrM",189,81
"25199",36131,9186,7877,"NSA",189,81
"25200",36132,9187,7260,"BrF",189,82
"25201",36133,9187,7722,"BrM",189,82
"25202",36134,9187,7908,"SA",189,82
"25203",36135,9154,7163,"BrF",189,86
"25204",36136,9154,7105,"BrM",189,86
"25205",36137,9188,6925,"BrF",189,90
"25206",36138,9188,7227,"H",189,90
"25207",36139,9188,7902,"SA",189,90
"25208",36140,9188,7175,"NSA",189,90
"25209",36141,9188,7891,"NS",189,90
"25210",36142,9149,7738,"BrF",189,858
"25211",36143,9149,7175,"BrM",189,858
"25212",36144,9189,7265,"BrF",189,95
"25213",36145,9189,6923,"BrM",189,95
"25214",36146,9142,6185,"BrF",189,98
"25215",36147,9142,6710,"BrM",189,98
"25216",36148,9142,7226,"SEEN1",189,98
"25217",36149,9142,6838,"SEEN1",189,98
"25218",36150,9134,7270,"BrF",189,99
"25219",36151,9134,7238,"BrM",189,99
"25220",36152,9144,6838,"BrF",189,100
"25221",36153,9144,6759,"BrM",189,100
"25222",36154,9144,7907,"AB",189,100
"25223",36155,9144,6195,"SEEN1",189,100
"25224",36156,9144,7867,"SEEN2",189,100
"25225",36157,9190,6881,"BrF",189,101
"25226",36158,9190,6710,"SEEN1",189,101
"25227",36159,9190,6185,"SEEN1",189,101
"25228",36160,9190,7714,"NS",189,101
"25229",36161,9143,7178,"BrF",189,742
"25230",36162,9143,7269,"BrM",189,742
"25231",36163,9143,7898,"NS",189,742
"25232",36164,9143,7844,"NS",189,742
"25233",36165,9191,7906,"BrF",189,110
"25234",36166,9191,7877,"BrM",189,110
"25235",36167,9191,7901,"SEEN1",189,110
"25236",36168,9191,6195,"SEEN1",189,110
"25237",36169,9191,7876,"SEEN1",189,110
"25238",36170,9192,7106,"BrF",189,111
"25239",36171,9192,6906,"BrM",189,111
"25240",36172,9192,7906,"SEEN1",189,111
"25241",36173,9193,7237,"BrF",189,743
"25242",36174,9193,6860,"BrM",189,743
"25243",36175,9188,7230,"AB",189,90
"25244",36176,9194,7257,"BrF",189,112
"25245",36177,9194,6709,"NS",189,112
"25246",36178,9194,7869,"NS",189,112
"25247",36179,9195,6752,"BrF",189,116
"25248",36180,9195,7226,"BrM",189,116
"25249",36181,9196,7890,"BrF",189,118
"25250",36182,9196,6914,"BrM",189,118
"25251",36183,9196,7265,"SEEN1",189,118
"25252",36184,9196,6923,"SEEN1",189,118
"25253",36185,9196,7883,"NS",189,118
"25254",36186,9197,7209,"SEEN1",189,123
"25255",36187,9197,5850,"BrM",189,123
"25256",36188,9140,7663,"BrF",189,125
"25257",36189,9140,7190,"BrM",189,125
"25258",36190,9140,7214,"NS",189,125
"25259",36191,9155,6856,"BrF",189,126
"25260",36192,9155,7736,"BrM",189,126
"25261",36193,9198,7073,"BrF",189,127
"25262",36194,9198,6745,"BrM",189,127
"25263",36195,9198,7880,"NSA",189,127
"25264",36196,9198,7879,"NSA",189,127
"25265",36197,9199,6699,"BrF",189,128
"25266",36198,9199,7881,"BrM",189,128
"25267",36199,9199,7225,"NS",189,128
"25268",36200,9146,6780,"BrF",189,862
"25269",36201,9146,7159,"BrM",189,862
"25270",36202,9200,6850,"NS",189,134
"25271",36203,9200,7882,"NS",189,134
"25272",36204,9201,6704,"BrF",189,135
"25273",36205,9201,6862,"BrM",189,135
"25274",36206,9202,7118,"BrF",189,137
"25275",36207,9202,6892,"BrM",189,137
"25276",36208,9203,6765,"BrF",189,138
"25277",36209,9203,6785,"BrM",189,138
"25278",36210,9204,7713,"BrF",189,140
"25279",36211,9204,7733,"BrM",189,140
"25280",36212,9204,7145,"NS",189,140
"25281",36213,9205,6009,"BrF",189,154
"25282",36214,9205,6249,"BrM",189,154
"25283",36215,9205,7269,"SEEN1",189,154
"25284",36216,9205,7154,"NSA",189,154
"25285",36217,9205,7868,"NSA",189,154
"25286",36218,9135,6735,"BrF",189,155
"25287",36219,9135,7154,"BrM",189,155
"25288",36220,9206,6875,"BrF",189,157
"25289",36221,9206,6898,"BrM",189,157
"25290",36222,9206,7894,"ABX",189,157
"25291",36223,9207,7239,"BrF",189,160
"25292",36224,9207,7198,"BrM",189,160
"25293",36225,9207,7894,"SA",189,160
"25294",36226,9207,7895,"SA",189,160
"25295",36227,9208,7079,"BrF",189,167
"25296",36228,9208,6858,"BrM",189,167
"25297",36229,9209,6670,"BrF",189,169
"25298",36230,9209,7244,"BrM",189,169
"25299",36231,9209,7886,"NS",189,169
"25300",36232,9210,7672,"BrF",189,177
"25301",36233,9210,7171,"BrM",189,177
"25302",34677,8763,7146,"BrF",178,39
"25303",34678,8763,7229,"BrM",178,39
"25304",34679,8758,7091,"BrF",178,40
"25305",34680,8758,5590,"BrM",178,40
"25306",34681,8749,6924,"BrF",178,41
"25307",34682,8749,7247,"BrM",178,41
"25308",34683,8748,6211,"BrF",178,43
"25309",34684,8748,6762,"BrM",178,43
"25310",34685,8776,7152,"BrF",178,45
"25311",34686,8776,5513,"BrM",178,45
"25312",34687,8777,5611,"BrF",178,46
"25313",34688,8777,6835,"BrM",178,46
"25314",34689,8723,6879,"BrF",178,47
"25315",34690,8723,7107,"BrM",178,47
"25316",34691,8750,7136,"BrF",178,48
"25317",34692,8750,7173,"BrM",178,48
"25318",34693,8778,6919,"BrF",178,50
"25319",34694,8778,7204,"BrM",178,50
"25320",34695,8779,6852,"BrF",178,618
"25321",34696,8779,6163,"BrM",178,618
"25322",34697,8736,6847,"BrF",178,53
"25323",34698,8732,6738,"BrF",178,57
"25324",34699,8732,6574,"BrM",178,57
"25325",34700,8726,6554,"BrF",178,58
"25326",34701,8726,5779,"BrM",178,58
"25327",34702,8780,7123,"BrF",178,59
"25328",34703,8780,6158,"BrM",178,59
"25329",34704,8781,6568,"BrF",178,60
"25330",34705,8781,7207,"BrM",178,60
"25331",34706,8755,7206,"BrF",178,62
"25332",34707,8755,6772,"BrM",178,62
"25333",34708,8752,5901,"BrF",178,63
"25334",34709,8752,6910,"BrM",178,63
"25335",34710,8782,7252,"BrF",178,64
"25336",34711,8782,7212,"BrM",178,64
"25337",34712,8728,7127,"BrF",178,602
"25338",34713,8728,6912,"BrM",178,602
"25339",34714,8783,7153,"BrF",178,70
"25340",34715,8783,7101,"BrM",178,70
"25341",34716,8784,5543,"BrF",178,71
"25342",34717,8784,7176,"BrM",178,71
"25343",34718,8785,7184,"BrF",178,72
"25344",34719,8785,6029,"BrM",178,72
"25345",34720,8786,7182,"BrF",178,77
"25346",34721,8786,7164,"BrM",178,77
"25347",34722,8787,5597,"BrF",178,79
"25348",34723,8787,6857,"BrM",178,79
"25349",34724,8762,7116,"BrF",178,81
"25350",34725,8762,6746,"BrM",178,81
"25351",34726,8788,7119,"BrF",178,82
"25352",34727,8788,7169,"BrM",178,82
"25353",34728,8761,7234,"BrF",178,637
"25354",34729,8761,6857,"BrM",178,637
"25355",34730,8740,6845,"BrF",178,83
"25356",34731,8740,6739,"BrM",178,83
"25357",34732,8738,6044,"BrF",178,85
"25358",34733,8738,6222,"BrM",178,85
"25359",34734,8745,7163,"BrF",178,86
"25360",34735,8745,7105,"BrM",178,86
"25361",34736,8753,6861,"BrF",178,90
"25362",34737,8753,7175,"BrM",178,90
"25363",34738,8789,7179,"BrM",178,94
"25364",34739,8790,6843,"BrF",178,95
"25365",34740,8790,6923,"BrM",178,95
"25366",34741,8791,5521,"BrF",178,96
"25367",34742,8791,7075,"SEEN1",178,96
"25368",34743,8739,6185,"BrF",178,98
"25369",34744,8739,6710,"BrM",178,98
"25370",34745,8727,7150,"BrF",178,99
"25371",34746,8727,6887,"BrM",178,99
"25372",34747,8724,6838,"BrF",178,100
"25373",34748,8724,6868,"BrM",178,100
"25374",34749,8746,6881,"BrF",178,101
"25375",34750,8746,6381,"BrM",178,101
"25376",34751,8792,6195,"BrF",178,105
"25377",34752,8792,6759,"BrM",178,105
"25378",34753,8793,6665,"BrF",178,742
"25379",34754,8793,6736,"BrM",178,742
"25380",34755,8735,6644,"BrF",178,109
"25381",34756,8735,7249,"BrM",178,109
"25382",34757,8794,6186,"BrF",178,110
"25383",34758,8794,7070,"BrM",178,110
"25384",34759,8795,7106,"BrF",178,111
"25385",34760,8795,6906,"BrM",178,111
"25386",34761,8796,7237,"BrF",178,743
"25387",34762,8796,6860,"BrM",178,743
"25388",34763,8757,6769,"BrF",178,112
"25389",34764,8757,6709,"BrM",178,112
"25390",34765,8759,6752,"BrF",178,116
"25391",34766,8759,7075,"BrM",178,116
"25392",34767,8797,6914,"BrM",178,118
"25393",34768,8798,6921,"BrM",178,123
"25394",34769,8729,7214,"BrF",178,125
"25395",34770,8729,7190,"BrM",178,125
"25396",34771,8799,6856,"BrF",178,126
"25397",34772,8799,6848,"BrM",178,126
"25398",34773,8800,7073,"BrF",178,127
"25399",34774,8800,6745,"BrM",178,127
"25400",34775,8725,6753,"BrM",178,128
"25401",34776,8743,7148,"BrF",178,134
"25402",34777,8743,6850,"BrM",178,134
"25403",34778,8801,6704,"BrF",178,135
"25404",34779,8801,6862,"BrM",178,135
"25405",34780,8802,7118,"BrF",178,137
"25406",34781,8802,6892,"BrM",178,137
"25407",34782,8803,6765,"BrF",178,138
"25408",34783,8803,6785,"BrM",178,138
"25409",34784,8754,6917,"BrF",178,140
"25410",34785,8754,7145,"BrM",178,140
"25411",34786,8804,6009,"BrF",178,154
"25412",34787,8804,6249,"BrM",178,154
"25413",34788,8805,6735,"BrF",178,155
"25414",34789,8805,7154,"BrM",178,155
"25415",34790,8806,6875,"BrF",178,157
"25416",34791,8806,6898,"BrM",178,157
"25417",34792,8807,7081,"BrM",178,160
"25418",34793,8808,7079,"BrF",178,167
"25419",34794,8808,6858,"BrM",178,167
"25420",34795,8751,6670,"BrF",178,169
"25421",34796,8751,7244,"BrM",178,169
"25422",34797,8765,6233,"BrF",178,173
"25423",34798,8765,7231,"BrM",178,173
"25424",34799,8809,5545,"BrF",178,177
"25425",34800,8809,7171,"BrM",178,177
"25426",34801,8810,7111,"BrF",178,178
"25427",34802,8810,6653,"BrM",178,178
"25428",34803,8811,7110,"BrF",178,179
"25429",34804,8811,6294,"BrM",178,179
"25430",34805,8812,7165,"BrF",178,172
"25431",34806,8812,6900,"BrM",178,172
"25432",34807,8813,7076,"BrF",178,407
"25433",34808,8813,7115,"BrM",178,407
"25434",34809,8734,7185,"BrF",178,478
"25435",34810,8734,6375,"BrM",178,478
"25436",34811,8737,7161,"BrF",178,480
"25437",34812,8737,4860,"BrM",178,480
"25438",34813,8814,6743,"BrF",178,481
"25439",34814,8814,6193,"BrM",178,481
"25440",34815,8815,7189,"BrM",178,772
"25441",34816,8816,7117,"BrF",178,662
"25442",34817,8816,7120,"BrM",178,662
"25443",34818,8742,7151,"BrF",178,738
"25444",34819,8742,6200,"BrM",178,738
"25445",34820,8741,7094,"BrF",178,746
"25446",34821,8817,6837,"BrF",178,767
"25447",34822,8817,6844,"BrM",178,767
"25448",34823,8733,6920,"BrF",178,768
"25449",34824,8733,6864,"BrM",178,768
"25450",34825,8818,6909,"BrF",178,769
"25451",34826,8744,7071,"SEEN2",178,616
"25452",34827,8744,7258,"SEEN2",178,616
"25453",34828,8764,7256,"SEEN1",178,3
"25454",34829,8767,7189,"SEEN2",178,9
"25455",34831,8819,7266,"SEEN2",178,12
"25456",34834,8768,6905,"ABX",178,20
"25457",34835,8768,7256,"SEEN2",178,20
"25458",34836,8772,7220,"SEEN1",178,617
"25459",34838,8773,7263,"SEEN2",178,34
"25460",34839,8774,7132,"SEEN2",178,36
"25461",34840,8775,6733,"SEEN1",178,605
"25462",34841,8763,7209,"ABX",178,39
"25463",34842,8758,6698,"SEEN1",178,40
"25464",34845,8723,6703,"ABX",178,47
"25465",34847,8736,7183,"ABX",178,53
"25466",34848,8732,7228,"ABX",178,57
"25467",34849,8726,7113,"H",178,58
"25468",34850,8726,7239,"H",178,58
"25469",34851,8726,7241,"OFL",178,58
"25470",34852,8726,7240,"NSA",178,58
"25471",34854,8780,7219,"SEEN1",178,59
"25472",34855,8755,6780,"SEEN2",178,62
"25473",34856,8752,5319,"H",178,63
"25474",34857,8752,7246,"ABX",178,63
"25475",34858,8752,7224,"SEEN1",178,63
"25476",34859,8783,7178,"SEEN1",178,70
"25477",34860,8784,6162,"ABX",178,71
"25478",34862,8787,7109,"SEEN1",178,79
"25479",34863,8745,7226,"SEEN1",178,86
"25480",34865,8753,7227,"SEEN2",178,90
"25481",34867,8789,6754,"ABX",178,94
"25482",34868,8789,6882,"ABX",178,94
"25483",34869,8746,7248,"OFL",178,101
"25484",34870,8735,7213,"ABX",178,109
"25485",34871,8794,7210,"ABX",178,110
"25486",34872,8757,7209,"SEEN1",178,112
"25487",34873,8757,7229,"SEEN2",178,112
"25488",35407,8978,7096,"BrF",186,1
"25489",34874,8759,7238,"SEEN2",178,116
"25490",34875,8729,7272,"SEEN2",178,125
"25491",34876,8729,7273,"SEEN2",178,125
"25492",34877,8799,7224,"ABX",178,126
"25493",34878,8800,7225,"ABX",178,127
"25494",34879,8725,5644,"H",178,128
"25495",34880,8725,7219,"H",178,128
"25496",34881,8801,7193,"SEEN1",178,135
"25497",34882,8801,7264,"SEEN1",178,135
"25498",34883,8802,7251,"SEEN1",178,137
"25499",34884,8802,7261,"SEEN1",178,137
"25500",34885,8803,7271,"SEEN2",178,138
"25501",34887,8806,7198,"ABX",178,157
"25502",34889,8807,7247,"SEEN2",178,160
"25503",34891,8812,7253,"SEEN2",178,172
"25504",34892,8737,7234,"SEEN1",178,480
"25505",34893,8814,7233,"ABX",178,481
"25506",34894,8815,7205,"SEEN1",178,772
"25507",34895,8815,7233,"SEEN2",178,772
"25508",34896,8822,7156,"SEEN1",178,516
"25509",34897,8822,5850,"SEEN1",178,516
"25510",34898,8822,7270,"SEEN1",178,516
"25511",34899,8822,7243,"SEEN2",178,516
"25512",34900,8816,7218,"ABX",178,662
"25513",34902,8823,7250,"ABX",178,745
"25514",34903,8733,7235,"SEEN1",178,768
"25515",34904,8818,6659,"SEEN1",178,769
"25516",34905,8818,7235,"SEEN1",178,769
"25517",34907,8824,7072,"BrF",178,773
"25518",34908,8824,7134,"BrM",178,773
"25519",34909,8730,7196,"NS",178,1
"25520",34910,8730,7205,"NS",178,1
"25521",34911,8756,7245,"NS",178,13
"25522",34914,8820,6889,"NS",178,16
"25523",34915,8768,7233,"NS",178,20
"25524",34916,8770,6159,"NS",178,26
"25525",34918,8825,7082,"NS",178,27
"25526",34920,8760,7234,"NS",178,28
"25527",34921,8772,7231,"NS",178,617
"25528",34922,8772,6676,"NS",178,617
"25529",34923,8772,7177,"NS",178,617
"25530",34924,8773,7249,"NS",178,34
"25531",34926,8773,7257,"FL",178,34
"25532",34927,8774,7249,"NS",178,36
"25533",34929,8774,6733,"NS",178,36
"25534",34932,8758,7194,"NS",178,40
"25535",34933,8769,7200,"SEEN1",178,24
"25536",34934,8758,7275,"FL",178,40
"25537",34935,8749,6155,"NS",178,41
"25538",34936,8748,7267,"FL",178,43
"25539",34937,8748,7268,"FL",178,43
"25540",34938,8776,7172,"NS",178,45
"25541",34939,8776,7090,"NS",178,45
"25542",34940,8777,7090,"NS",178,46
"25543",34941,8777,7172,"NS",178,46
"25544",34943,8750,7204,"NS",178,48
"25545",34944,8750,6558,"NS",178,48
"25546",34945,8750,6912,"NS",178,48
"25547",34946,8750,7223,"NS",178,48
"25548",34947,8736,7147,"NS",178,53
"25549",34949,8826,6918,"NSA",178,55
"25550",34950,8826,7180,"NS",178,55
"25551",34952,8826,7221,"NSA",178,55
"25552",34953,8732,6572,"NSA",178,57
"25553",34954,8732,5640,"NS",178,57
"25554",34956,8732,7259,"FL",178,57
"25555",34957,8780,5901,"NS",178,59
"25556",34959,8755,7220,"NS",178,62
"25557",34960,8755,7219,"NS",178,62
"25558",34965,8728,7260,"FL",178,602
"25559",34967,8784,7173,"NS",178,71
"25560",34969,8785,3456,"NS",178,72
"25561",35408,8978,6144,"BrM",186,1
"25562",35409,8945,7196,"NS",186,768
"25563",34974,8787,7229,"NS",178,79
"25564",34975,8787,7237,"NS",178,79
"25565",34978,8745,6221,"NS",178,86
"25566",34979,8753,6925,"NSA",178,90
"25567",34980,8753,7230,"NSA",178,90
"25568",34981,8753,7226,"NS",178,90
"25569",34983,8789,7236,"NS",178,94
"25570",34984,8789,6200,"NS",178,94
"25571",34985,8789,7237,"NS",178,94
"25572",34986,8739,7148,"NS",178,98
"25573",34987,8727,6840,"NS",178,99
"25574",34988,8727,7169,"NS",178,99
"25575",34989,8727,6844,"NS",178,99
"25576",34992,8793,7154,"NS",178,742
"25577",34993,8795,7237,"NS",178,111
"25578",34994,8796,6656,"NS",178,743
"25579",34995,8827,7109,"NS",178,770
"25580",34996,8827,5597,"NS",178,770
"25581",34998,8797,6707,"NSA",178,118
"25582",34999,8798,7201,"NS",178,123
"25583",35001,8799,7159,"NSA",178,126
"25584",35002,8799,7185,"NS",178,126
"25585",35003,8743,6068,"NS",178,134
"25586",35004,8802,7178,"NS",178,137
"25587",35005,8803,7193,"NS",178,138
"25588",35006,8803,7242,"NS",178,138
"25589",35007,8754,6170,"NS",178,140
"25590",35008,8804,6838,"NS",178,154
"25591",35009,8805,4885,"NS",178,155
"25592",35010,8805,7102,"NS",178,155
"25593",35011,8751,6654,"NS",178,169
"25594",35012,8751,7206,"NS",178,169
"25595",35013,8765,7188,"NS",178,173
"25596",35014,8765,6029,"NS",178,173
"25597",35015,8765,6676,"NS",178,173
"25598",35017,8828,6896,"NS",178,174
"25599",35020,8811,6163,"NS",178,179
"25600",35021,8812,7158,"NS",178,172
"25601",35022,8734,5683,"NS",178,478
"25602",35025,8829,6889,"NS",178,740
"25603",35026,8830,6852,"NS",178,479
"25604",35027,8830,7114,"NS",178,479
"25605",35029,8822,5009,"NS",178,516
"25606",35030,8742,6925,"NS",178,738
"25607",35031,8817,7161,"NS",178,767
"25608",35032,8817,7243,"NS",178,767
"25609",35033,8733,7196,"NS",178,768
"25610",35034,8831,6698,"NS",178,771
"25611",35035,8818,6859,"NS",178,769
"25612",35036,8676,7150,"SEEN1",177,95
"25613",35037,8666,7218,"SEEN1",177,77
"25614",35038,8660,7246,"SEEN1",177,63
"25615",35039,8699,7247,"SEEN1",177,160
"25616",35040,8523,7104,"SEEN1",175,112
"25617",35041,8725,7255,"CH",178,128
"25618",35042,8813,7265,"FL",178,407
"25619",35043,8793,7269,"OFL",178,742
"25620",35044,8733,7274,"CH",178,768
"25621",35045,8789,7276,"FL",178,94
"25622",35046,8833,7079,"NSA",176,167
"25623",35047,8833,7079,"NSA",176,167
"25624",35048,8483,7090,"NSA",175,47
"25625",35049,8437,7090,"NSA",176,47
"25626",35050,8834,6858,"NSA",175,167
"25627",35051,8833,6858,"NSA",176,167
"25628",35052,8834,7079,"NSA",175,167
"25629",35410,8939,7139,"BrF",186,2
"25630",35411,8939,7135,"BrM",186,2
"25631",35053,8555,5009,"NSA",175,516
"25632",35054,8483,5513,"NSA",175,47
"25633",35055,8437,5513,"NSA",176,47
"25634",35057,8769,6645,"SEEN1",178,24
"25635",35058,8170,6658,"NS",171,480
"25636",35059,8749,6671,"ABX",178,41
"25637",35060,8832,5009,"NSA",176,516
"25638",35061,8178,6207,"NS",171,745
"25639",35062,8200,5597,"NSA",173,637
"25640",35064,8484,7136,"NSA",175,48
"25641",35065,8370,7070,"NSA",174,740
"25642",36234,9211,7111,"BrF",189,178
"25643",36235,9211,6653,"BrM",189,178
"25644",36236,9211,6785,"SEEN1",189,178
"25645",36237,9211,7894,"SEEN1",189,178
"25646",36238,9212,7726,"BrF",189,179
"25647",36239,9212,6854,"BrM",189,179
"25648",36240,9212,7866,"NS",189,179
"25649",36241,9212,7110,"NS",189,179
"25650",36242,9213,7165,"BrF",189,172
"25651",36243,9213,6900,"BrM",189,172
"25652",36244,9214,7076,"BrF",189,407
"25653",36245,9214,7664,"BrM",189,407
"25654",36246,9214,7732,"SEEN1",189,407
"25655",36247,9214,7142,"SEEN1",189,407
"25656",36248,9214,7896,"SEEN1",189,407
"25657",36249,9214,5319,"SEEN1",189,407
"25658",36250,9157,7185,"BrF",189,478
"25659",36251,9157,6375,"BrM",189,478
"25660",36252,9145,7870,"BrF",189,480
"25661",36253,9145,7209,"BrM",189,480
"25662",36254,9145,7719,"NS",189,480
"25663",36255,9145,7161,"NS",189,480
"25664",36256,9150,7246,"BrF",189,772
"25665",36257,9150,7874,"BrM",189,772
"25666",36258,9150,7896,"SEEN2",189,772
"25667",36259,9150,7737,"NSA",189,772
"25668",36260,9150,7740,"NSA",189,772
"25669",36261,9150,7189,"NS",189,772
"25670",36262,9215,7156,"BrF",189,516
"25671",36263,9215,5850,"BrM",189,516
"25672",36264,9215,7735,"NS",189,516
"25673",36265,9216,7117,"BrF",189,662
"25674",36266,9216,7120,"BrM",189,662
"25675",36267,9217,7889,"BrF",189,738
"25676",36268,9217,7877,"BrM",189,738
"25677",36269,9217,7724,"NS",189,738
"25678",36270,9217,6200,"NS",189,738
"25679",36271,9218,6191,"SEEN2",189,746
"25680",36272,9218,7094,"NS",189,746
"25681",36273,9219,7674,"BrF",189,768
"25682",36274,9219,7232,"BrM",189,768
"25683",36275,9220,7740,"BrF",189,769
"25684",36276,9220,7737,"BrM",189,769
"25685",36277,9220,7903,"SEEN2",189,769
"25686",36278,9220,7071,"NS",189,769
"25687",36279,9195,7903,"ABX",189,116
"25688",36280,9219,6701,"NS",189,768
"25689",36281,9209,7258,"NSA",189,169
"25690",36282,9209,6918,"NS",189,169
"25691",36283,9156,7871,"NS",189,773
"25692",36284,9156,7176,"NS",189,773
"25693",36285,9156,6882,"NSA",189,773
"25694",36286,9187,6845,"NS",189,82
"25695",36287,9187,7215,"NS",189,82
"25696",36288,9221,7737,"SEEN2",189,481
"25697",36289,9221,7246,"SEEN2",189,481
"25698",36290,9221,7728,"NSA",189,481
"25699",36291,9200,7148,"BrF",189,134
"25700",36292,9139,7912,"OFL",189,62
"25701",36293,9177,7113,"ABX",189,58
"25702",36294,9182,7667,"SEEN2",189,70
"25703",36295,9192,7725,"SEEN1",189,111
"25704",36296,9209,7899,"A",189,169
"25705",36297,9192,7900,"SA",189,111
"25706",36298,9168,7910,"SA",189,34
"25707",36299,9175,7897,"SEEN1",189,618
"25708",36300,9140,6745,"SEEN1",189,125
"25709",36301,9142,7903,"SEEN1",189,98
"25710",35066,8306,7070,"NSA",174,111
"25711",35067,8552,7070,"NSA",175,740
"25712",35068,8520,7070,"NSA",175,111
"25713",35069,8352,5513,"NSA",174,45
"25714",35070,8481,5513,"NSA",175,45
"25715",35071,8442,5513,"NSA",176,45
"25716",35072,8360,6574,"NSA",174,57
"25717",35073,8357,6902,"NSA",174,618
"25718",35074,8141,6904,"NSA",171,110
"25719",35075,8086,6923,"NSA",171,95
"25720",35076,8438,7076,"NSA",176,407
"25721",35077,8684,7106,"NSA",177,111
"25722",35078,8666,7164,"NSA",177,77
"25723",35079,8663,7176,"NSA",177,71
"25724",35080,8635,6645,"NSA",177,24
"25725",35081,8352,7090,"NSA",174,45
"25726",35082,8481,7090,"NSA",175,45
"25727",35083,8442,7090,"NSA",176,45
"25728",35084,8715,7156,"NSA",177,516
"25729",35085,5191,5589,"SEEN1",105,80
"25730",35086,8078,6838,"SEEN1",171,47
"25731",35087,8504,6857,"SEEN1",175,637
"25732",35088,8070,6845,"SEEN1",171,85
"25733",35089,657,2980,"SEEN1",37,14
"25734",35091,8838,6144,"BrM",184,1
"25735",35092,8839,7139,"BrF",184,2
"25736",35093,8839,7135,"BrM",184,2
"25737",35094,8839,7215,"SEEN1",184,2
"25738",35095,8839,7232,"SEEN2",184,2
"25739",35096,8840,6766,"BrF",184,616
"25740",35097,8840,5853,"BrM",184,616
"25741",35098,8840,7258,"NS",184,616
"25742",35099,8841,6378,"BrF",184,3
"25743",35100,8841,7071,"SEEN1",184,3
"25744",35101,8841,7157,"NS",184,3
"25745",35102,8842,6659,"BrF",184,8
"25746",35103,8842,6701,"BrM",184,8
"25747",35104,8843,7246,"BrF",184,9
"25748",35105,8843,7205,"BrM",184,9
"25749",35107,8925,7189,"NSA",184,772
"25750",35108,8844,7099,"BrF",184,13
"25751",35109,8844,6155,"BrM",184,13
"25752",35111,8845,7262,"BrF",184,15
"25753",35112,8845,7666,"OFL",184,15
"25754",35113,8845,7117,"SEEN1",184,15
"25755",35114,8846,6673,"BrF",184,20
"25756",35115,8846,6905,"ABX",184,20
"25757",35116,8847,7200,"BrF",184,24
"25758",35117,8847,6698,"BrM",184,24
"25759",35118,8848,6191,"BrF",184,28
"25760",35119,8848,6865,"BrM",184,28
"25761",35120,8849,7093,"BrF",184,32
"25762",35121,8849,7177,"BrM",184,32
"25763",35122,8850,5823,"BrF",184,617
"25764",35123,8850,7142,"BrM",184,617
"25765",35125,8850,7250,"SEEN2",184,617
"25766",35127,8851,6870,"BrM",184,34
"25767",35128,8851,7257,"SA",184,34
"25768",35129,8851,7263,"SEEN2",184,34
"25769",35130,8852,7221,"BrF",184,36
"25770",35131,8852,7144,"BrM",184,36
"25771",35133,8852,6159,"NS",184,36
"25772",35134,8853,6676,"BrM",184,605
"25773",35135,8854,7146,"BrF",184,39
"25774",35136,8854,7229,"BrM",184,39
"25775",35137,8854,7664,"SA",184,39
"25776",35138,8855,7091,"BrF",184,40
"25777",35139,8855,5590,"BrM",184,40
"25778",35141,8856,6924,"BrF",184,41
"25779",35142,8856,7247,"BrM",184,41
"25780",35143,8856,7666,"SEEN2",184,41
"25781",35144,8856,6762,"NS",184,41
"25782",35145,8857,6211,"BrF",184,43
"25783",35146,8857,7267,"SA",184,43
"25784",35147,8857,7268,"SA",184,43
"25785",35148,8858,7152,"BrF",184,45
"25786",35149,8858,5611,"SEEN1",184,45
"25787",35151,8859,6835,"BrM",184,46
"25788",35152,8859,7253,"SEEN1",184,46
"25789",35153,8860,6879,"BrF",184,47
"25790",35154,8860,7107,"BrM",184,47
"25791",35156,8860,7243,"SEEN2",184,47
"25792",35157,8860,6703,"NS",184,47
"25793",35158,8861,7136,"BrF",184,48
"25794",35159,8861,7173,"BrM",184,48
"25795",35160,8861,7667,"OFL",184,48
"25796",35161,8862,6919,"BrF",184,50
"25797",35162,8862,7204,"NS",184,50
"25798",35163,8863,6852,"BrF",184,618
"25799",35164,8863,6163,"BrM",184,618
"25800",35165,8863,7224,"SEEN1",184,618
"25801",35167,8864,6918,"BrM",184,55
"25802",35168,8864,7220,"SEEN1",184,55
"25803",35169,8864,6780,"SEEN2",184,55
"25804",35170,8865,6738,"BrF",184,57
"25805",35171,8865,6574,"BrM",184,57
"25806",35172,8865,7228,"NS",184,57
"25807",35173,8865,7259,"NS",184,57
"25808",35174,8866,7240,"BrM",184,58
"25809",35175,8866,7113,"H",184,58
"25810",35176,8866,7239,"H",184,58
"25811",35177,8866,7662,"SA",184,58
"25812",35178,8866,7241,"NS",184,58
"25813",35179,8866,6554,"NSA",184,58
"25814",35180,8866,5779,"NSA",184,58
"25815",35181,8902,7159,"NSA",184,126
"25816",35182,8867,7123,"BrF",184,59
"25817",35183,8867,6158,"BrM",184,59
"25818",35185,8867,6162,"SEEN1",184,59
"25819",35186,8868,6568,"BrF",184,60
"25820",35187,8868,7207,"BrM",184,60
"25821",35188,8869,7206,"BrF",184,62
"25822",35189,8869,6772,"BrM",184,62
"25823",35190,8870,6910,"BrM",184,63
"25824",35191,8870,5319,"H",184,63
"25825",35192,8871,7252,"BrF",184,64
"25826",35193,8871,7212,"NS",184,64
"25827",35194,8872,6912,"BrM",184,602
"25828",35195,8872,7260,"SA",184,602
"25829",35196,8872,7665,"OFL",184,602
"25830",35197,8873,7153,"BrF",184,70
"25831",35198,8873,7101,"BrM",184,70
"25832",35199,8874,5543,"BrF",184,71
"25833",35200,8874,7176,"BrM",184,71
"25834",35201,8875,7184,"BrF",184,72
"25835",35202,8875,7210,"BrM",184,72
"25836",35203,8876,7072,"BrF",184,773
"25837",35204,8876,7134,"BrM",184,773
"25838",35205,8877,6854,"BrM",184,75
"25839",35206,8878,7182,"BrF",184,77
"25840",35207,8878,7164,"BrM",184,77
"25841",35208,8879,7234,"BrF",184,79
"25842",35209,8879,6857,"BrM",184,79
"25843",35211,8879,5597,"NS",184,79
"25844",35212,8879,7109,"NS",184,79
"25845",35213,8880,6746,"BrM",184,81
"25846",35214,8881,7119,"BrF",184,82
"25847",35215,8881,7169,"BrM",184,82
"25848",35216,8882,6845,"BrF",184,83
"25849",35217,8882,7673,"BrM",184,83
"25850",35218,8882,6739,"NS",184,83
"25851",35219,8883,6044,"BrF",184,85
"25852",35220,8883,6222,"NS",184,85
"25853",35221,8884,7163,"BrF",184,86
"25854",35222,8884,7105,"BrM",184,86
"25855",35223,8885,6861,"BrF",184,90
"25856",35224,8885,7175,"BrM",184,90
"25857",35225,8885,6925,"H",184,90
"25858",35226,8885,7230,"SEEN1",184,90
"25859",35228,8886,6882,"ABX",184,94
"25860",35229,8886,7276,"SA",184,94
"25861",35230,8886,7179,"NS",184,94
"25862",35231,8886,6754,"NS",184,94
"25863",35233,8887,6843,"BrF",184,95
"25864",35234,8887,6923,"BrM",184,95
"25865",35235,8888,6185,"BrF",184,98
"25866",35236,8888,6710,"BrM",184,98
"25867",35237,8889,7270,"BrF",184,99
"25868",35238,8889,7238,"BrM",184,99
"25869",35239,8890,6838,"BrF",184,100
"25870",35240,8890,6759,"BrM",184,100
"25871",35241,8890,6868,"NS",184,100
"25872",35242,8891,6881,"BrF",184,101
"25873",35243,8891,6381,"BrM",184,101
"25874",35244,8892,6195,"BrF",184,105
"25875",35245,8892,6759,"BrM",184,105
"25876",35246,8893,6736,"BrM",184,742
"25877",35248,8893,6665,"NS",184,742
"25878",35249,8894,6644,"BrF",184,109
"25879",35250,8894,7249,"BrM",184,109
"25880",35251,8894,7213,"NS",184,109
"25881",35252,8894,7132,"NSA",184,109
"25882",35253,8895,6186,"BrF",184,110
"25883",35254,8895,7234,"SEEN2",184,110
"25884",35255,8895,7070,"NS",184,110
"25885",35256,8896,7106,"BrF",184,111
"25886",35257,8896,6906,"BrM",184,111
"25887",35258,8897,7237,"BrF",184,743
"25888",35259,8897,6860,"BrM",184,743
"25889",35260,8898,6769,"BrF",184,112
"25890",35261,8898,6709,"BrM",184,112
"25891",35262,8898,7668,"SA",184,112
"25892",35263,8899,6752,"BrF",184,116
"25893",35264,8899,7075,"BrM",184,116
"25894",35266,8899,7248,"SEEN2",184,116
"25895",35267,8900,6707,"BrF",184,118
"25896",35268,8900,6914,"BrM",184,118
"25897",35269,8901,7214,"BrF",184,125
"25898",35270,8901,7190,"BrM",184,125
"25899",35272,8901,7272,"SEEN2",184,125
"25900",35273,8901,7273,"NS",184,125
"25901",35274,8902,6856,"BrF",184,126
"25902",35275,8902,6848,"BrM",184,126
"25903",35276,8902,7662,"H",184,126
"25904",35278,8902,7159,"NS",184,126
"25905",35279,8903,7073,"BrF",184,127
"25906",35280,8903,6745,"BrM",184,127
"25907",35281,8903,7225,"ABX",184,127
"25908",35282,8904,7178,"BrF",184,128
"25909",35283,8904,7219,"BrM",184,128
"25910",35285,8904,6699,"NSA",184,128
"25911",35286,8904,6753,"NS",184,128
"25912",35287,8904,5644,"NS",184,128
"25913",35288,8905,7148,"BrF",184,134
"25914",35289,8905,6850,"BrM",184,134
"25915",35291,8906,6704,"BrF",184,135
"25916",35292,8906,6862,"BrM",184,135
"25917",35294,8906,7193,"NS",184,135
"25918",35295,8906,7264,"NS",184,135
"25919",35296,8907,7118,"BrF",184,137
"25920",35297,8907,6892,"BrM",184,137
"25921",35298,8907,7251,"ABX",184,137
"25922",35299,8907,7261,"ABX",184,137
"25923",35301,8908,6765,"BrF",184,138
"25924",35302,8908,7271,"SEEN2",184,138
"25925",35303,8908,6785,"NSA",184,138
"25926",35304,8909,6917,"BrF",184,140
"25927",35305,8909,7145,"BrM",184,140
"25928",35306,8910,6009,"BrF",184,154
"25929",35307,8910,6249,"BrM",184,154
"25930",35309,8911,6735,"BrF",184,155
"25931",35310,8911,7154,"BrM",184,155
"25932",35311,8912,6875,"BrF",184,157
"25933",35312,8912,6898,"BrM",184,157
"25934",35314,8913,7198,"BrM",184,160
"25935",35315,8913,7081,"NS",184,160
"25936",35316,8913,7166,"NS",184,160
"25937",35317,8914,7079,"BrF",184,167
"25938",35318,8914,6858,"BrM",184,167
"25939",35320,8915,6670,"BrF",184,169
"25940",35321,8915,7244,"BrM",184,169
"25941",35323,8915,7269,"SEEN1",184,169
"25942",35324,8916,6233,"BrF",184,173
"25943",35325,8916,7231,"BrM",184,173
"25944",35326,8916,7669,"OFL",184,173
"25945",35327,8917,7271,"BrF",184,177
"25946",35328,8917,7171,"BrM",184,177
"25947",35329,8917,7672,"SA",184,177
"25948",35330,8918,7111,"BrF",184,178
"25949",35331,8918,6653,"BrM",184,178
"25950",35332,8919,7110,"BrF",184,179
"25951",35333,8919,6294,"BrM",184,179
"25952",35334,8920,7165,"BrF",184,172
"25953",35335,8920,6900,"BrM",184,172
"25954",35336,8921,7076,"BrF",184,407
"25955",35337,8921,7115,"BrM",184,407
"25956",35338,8921,7265,"SA",184,407
"25957",35339,8921,7256,"SEEN2",184,407
"25958",35340,8922,7185,"BrF",184,478
"25959",35341,8922,6375,"BrM",184,478
"25960",35343,8923,7161,"BrF",184,480
"25961",35344,8923,7209,"BrM",184,480
"25962",35346,8923,4860,"NS",184,480
"25963",35347,8924,6193,"BrM",184,481
"25964",35348,8924,7233,"ABX",184,481
"25965",35349,8924,6743,"NS",184,481
"25966",35351,8925,7189,"NS",184,772
"25967",35352,8926,7156,"SEEN1",184,516
"25968",35353,8926,5850,"NSA",184,516
"25969",35354,8927,7117,"BrF",184,662
"25970",35355,8927,7120,"BrM",184,662
"25971",35357,8928,6889,"NS",184,740
"25972",35358,8927,7218,"NS",184,662
"25973",35359,8929,7151,"BrF",184,738
"25974",35360,8929,6200,"BrM",184,738
"25975",35361,8930,7094,"BrF",184,746
"25976",35363,8931,7250,"ABX",184,745
"25977",35364,8931,6729,"SEEN1",184,745
"25978",35365,8932,7670,"BrF",184,767
"25979",35366,8932,7226,"BrM",184,767
"25980",35367,8932,6837,"NS",184,767
"25981",35368,8932,6844,"NS",184,767
"25982",35369,8933,7235,"BrM",184,768
"25983",35370,8933,6864,"ABX",184,768
"25984",35371,8933,6920,"NS",184,768
"25985",35372,8933,7274,"NS",184,768
"25986",35373,8934,7071,"BrM",184,769
"25987",35374,8841,7256,"SEEN1",184,3
"25988",35375,8843,7256,"SEEN1",184,9
"25989",35376,8849,7661,"SA",184,32
"25990",35377,8853,6729,"BrF",184,605
"25991",35378,8935,6847,"BrF",184,53
"25992",35379,8935,7183,"ABX",184,53
"25993",35380,8865,6572,"SEEN1",184,57
"25994",35381,8865,7258,"SEEN1",184,57
"25995",35382,8867,7663,"SEEN2",184,59
"25996",35383,8877,7664,"SEEN1",184,75
"25997",35384,8880,7116,"BrF",184,81
"25998",35385,8926,7269,"SEEN1",184,516
"25999",35386,8925,7233,"SEEN2",184,772
"26000",35387,8933,7674,"SEEN2",184,768
"26001",35388,8937,7144,"SEEN1",184,26
"26002",35389,8938,7256,"SEEN1",184,771
"26003",35390,8838,7135,"SEEN1",184,1
"26004",35391,8851,7146,"SEEN1",184,34
"26005",35392,8852,7117,"SEEN1",184,36
"26006",35393,8852,7142,"SEEN1",184,36
"26007",35394,8863,6847,"SEEN1",184,618
"26008",35395,8863,7183,"SEEN2",184,618
"26009",35396,8870,5901,"BrF",184,63
"26010",35397,8871,7224,"BrM",184,64
"26011",35398,8894,7142,"SEEN2",184,109
"26012",35399,8931,5823,"SEEN1",184,745
"26013",35400,8931,7142,"SEEN1",184,745
"26014",35401,8935,6919,"SEEN2",184,53
"26015",35402,8934,6909,"BrF",184,769
"26016",35403,8838,7096,"SEEN1",184,1
"26017",35404,8557,6757,"NSA",175,738
"26018",35405,8786,6854,"SEEN1",178,77
"26019",35406,8786,5626,"NS",178,77
"26020",35412,8939,7711,"FL",186,2
"26021",35413,8985,7265,"BrF",186,616
"26022",35414,8985,5853,"BrM",186,616
"26023",35415,8986,6378,"BrF",186,3
"26024",35416,8986,6864,"BrM",186,3
"26025",35417,8988,6659,"BrF",186,8
"26026",35418,8988,6701,"BrM",186,8
"26027",35419,8977,7246,"BrF",186,9
"26028",35420,8977,7205,"BrM",186,9
"26029",35421,8959,7099,"BrF",186,13
"26030",35422,8959,6155,"BrM",186,13
"26031",35423,8959,7730,"FL",186,13
"26032",35424,8959,7729,"FL",186,13
"26033",35425,8947,7262,"BrF",186,15
"26034",35426,8947,7666,"BrM",186,15
"26035",35427,8946,7200,"BrF",186,24
"26036",35428,8946,6698,"BrM",186,24
"26037",35429,8946,7734,"FL",186,24
"26038",35430,8968,7093,"BrF",186,32
"26039",35431,8968,7177,"BrM",186,32
"26040",35432,8983,5823,"BrF",186,617
"26041",35433,8983,7250,"BrM",186,617
"26042",35434,8943,7132,"BrF",186,859
"26043",35435,8943,7142,"BrM",186,859
"26044",35436,8989,7263,"BrF",186,34
"26045",35437,8989,6870,"BrM",186,34
"26046",35438,8989,7722,"OFL",186,34
"26047",35439,8952,7221,"BrF",186,26
"26048",35440,8952,7144,"BrM",186,26
"26049",35441,8971,6729,"BrF",186,605
"26050",35442,8990,7146,"BrF",186,39
"26051",35443,8990,7229,"BrM",186,39
"26052",35444,8975,7091,"BrF",186,40
"26053",35445,8975,5590,"BrM",186,40
"26054",35446,8975,7718,"AB",186,40
"26055",35447,8991,7712,"BrF",186,41
"26056",35448,8991,7247,"BrM",186,41
"26057",35449,8956,6211,"BrF",186,43
"26058",35450,8956,7240,"BrM",186,43
"26059",35451,8956,7725,"FL",186,43
"26060",35452,8956,7726,"FL",186,43
"26061",35453,8962,7152,"BrF",186,45
"26062",35454,8962,7267,"BrM",186,45
"26063",35455,8960,6919,"BrF",186,46
"26064",35456,8960,6835,"BrM",186,46
"26065",35457,8992,6879,"BrF",186,47
"26066",35458,8992,7107,"BrM",186,47
"26067",35459,8993,7136,"BrF",186,48
"26068",35460,8993,7173,"BrM",186,48
"26069",35461,8994,7243,"BrF",186,861
"26070",35462,8995,6852,"BrF",186,618
"26071",35463,8995,6163,"BrM",186,618
"26072",35464,8995,7739,"OFL",186,618
"26073",35465,8958,7220,"BrF",186,55
"26074",35466,8958,6918,"BrM",186,55
"26075",35467,8958,7732,"FL",186,55
"26076",35468,8996,6738,"BrF",186,57
"26077",35469,8996,6574,"BrM",186,57
"26078",35470,8964,7113,"BrF",186,58
"26079",35471,8964,5779,"BrM",186,58
"26080",35472,8964,7663,"FLOAT",186,58
"26081",35473,8997,7123,"BrF",186,59
"26082",35474,8997,6158,"BrM",186,59
"26083",35475,8997,7219,"ABX",186,59
"26084",35476,8997,7736,"ABX",186,59
"26085",35477,8997,6162,"SEEN1",186,59
"26086",35478,8998,6568,"BrF",186,60
"26087",35479,8998,7207,"BrM",186,60
"26088",35480,8976,7206,"BrF",186,62
"26089",35481,8976,7721,"BrM",186,62
"26090",35482,8976,7735,"ABX",186,62
"26091",35483,8949,7669,"BrF",186,63
"26092",35484,8949,5319,"TBRF",186,63
"26093",35485,8949,6910,"BrM",186,63
"26094",35486,8949,7667,"SEEN1",186,63
"26095",35487,8999,7252,"BrF",186,64
"26096",35488,8999,7224,"BrM",186,64
"26097",35489,8987,7665,"BrF",186,602
"26098",35490,8987,6912,"BrM",186,602
"26099",35491,9000,7101,"BrM",186,70
"26100",35492,9000,7153,"BrF",186,70
"26101",35493,9001,5543,"BrF",186,71
"26102",35494,9001,7176,"BrM",186,71
"26103",35495,9002,7184,"BrF",186,72
"26104",35496,9002,7210,"BrM",186,72
"26105",35497,9003,7072,"BrF",186,773
"26106",35498,9003,7134,"BrM",186,773
"26107",35499,9004,7104,"BrF",186,75
"26108",35500,9004,7664,"BrM",186,75
"26109",35501,9005,7182,"BrF",186,77
"26110",35502,9005,7164,"BrM",186,77
"26111",35503,8979,7234,"BrF",186,79
"26112",35504,8979,6857,"BrM",186,79
"26113",35505,8979,7719,"SEEN1",186,79
"26114",35506,8979,7731,"SEEN1",186,79
"26115",35507,9006,7116,"BrF",186,81
"26116",35508,9006,6746,"BrM",186,81
"26117",35509,9006,6845,"H",186,81
"26118",35510,8954,7260,"BrF",186,82
"26119",35511,8954,7169,"BrM",186,82
"26120",35512,9007,6044,"BrF",186,85
"26121",35513,9007,7215,"BrM",186,85
"26122",35514,9008,7163,"BrF",186,86
"26123",35515,9008,7105,"BrM",186,86
"26124",35516,9009,6861,"BrF",186,90
"26125",35517,9009,7175,"BrM",186,90
"26126",35518,8941,7230,"BrF",186,858
"26127",35519,8941,7227,"BrM",186,858
"26128",35520,8941,7724,"OFL",186,858
"26129",35521,8955,6843,"BrF",186,95
"26130",35522,8955,6923,"BrM",186,95
"26131",35523,8951,6185,"BrF",186,98
"26132",35524,8951,6710,"BrM",186,98
"26133",35525,9010,7270,"BrF",186,99
"26134",35526,9010,7238,"BrM",186,99
"26135",35527,8953,6838,"BrF",186,100
"26136",35528,8953,6759,"BrM",186,100
"26137",35529,8953,6195,"H",186,100
"26138",35530,8970,6881,"BrF",186,101
"26139",35531,8970,6381,"BrM",186,101
"26140",35532,8970,7248,"SEEN1",186,101
"26141",35533,9011,6736,"BrM",186,742
"26142",35534,9011,7269,"ABX",186,742
"26143",35535,8944,7106,"BrF",186,111
"26144",35536,8944,6906,"BrM",186,111
"26145",35537,9012,7727,"SEEN1",186,110
"26146",35538,9013,7237,"BrF",186,743
"26147",35539,9013,6860,"BrM",186,743
"26148",35540,9013,7715,"FL",186,743
"26149",35541,8969,7257,"BrF",186,112
"26150",35542,8969,6709,"BrM",186,112
"26151",35543,8950,6752,"BrF",186,116
"26152",35544,8950,7226,"BrM",186,116
"26153",35545,9014,6707,"BrF",186,118
"26154",35546,9014,6914,"BrM",186,118
"26155",35547,9014,7733,"AB",186,118
"26156",35548,9015,7222,"BrF",186,123
"26157",35549,9015,6921,"BrM",186,123
"26158",35550,9015,7723,"FL",186,123
"26159",35551,8942,7214,"BrF",186,125
"26160",35552,8942,7190,"BrM",186,125
"26161",35553,9016,6856,"BrF",186,126
"26162",35554,9016,6848,"BrM",186,126
"26163",35555,9016,7716,"OFL",186,126
"26164",35556,8967,7073,"BrF",186,127
"26165",35557,8967,6745,"BrM",186,127
"26166",35558,8984,6699,"BrF",186,128
"26167",35559,8984,7225,"BrM",186,128
"26168",35560,9017,6780,"BrF",186,862
"26169",35561,9017,7159,"BrM",186,862
"26170",35562,8940,7148,"BrF",186,134
"26171",35563,8940,6850,"BrM",186,134
"26172",35564,9018,6704,"BrF",186,135
"26173",35565,9018,6862,"BrM",186,135
"26174",35566,9018,7713,"ABX",186,135
"26175",35567,8966,7118,"BrF",186,137
"26176",35568,8966,6892,"BrM",186,137
"26177",35569,8966,7261,"H",186,137
"26178",35570,8966,7251,"ABX",186,137
"26179",35571,8973,6765,"BrF",186,138
"26180",35572,8942,7738,"ABX",186,125
"26181",35573,8973,6785,"BrM",186,138
"26182",35574,9019,6917,"BrF",186,140
"26183",35575,9019,7145,"BrM",186,140
"26184",35576,8948,6009,"BrF",186,154
"26185",35577,8948,6249,"BrM",186,154
"26186",35578,8948,7714,"AB",186,154
"26187",35579,9020,6735,"BrF",186,155
"26188",35580,9020,7154,"BrM",186,155
"26189",35581,8980,6875,"BrF",186,157
"26190",35582,8980,6898,"BrM",186,157
"26191",35583,8980,7675,"FLOAT",186,157
"26192",35584,9021,7239,"BrF",186,160
"26193",35585,9021,7198,"BrM",186,160
"26194",35586,9022,7079,"BrF",186,167
"26195",35587,9022,6858,"BrM",186,167
"26196",35588,9023,6670,"BrF",186,169
"26197",35589,9023,7244,"BrM",186,169
"26198",35590,9023,7717,"ABX",186,169
"26199",35591,9024,6233,"BrF",186,173
"26200",35592,9024,7231,"BrM",186,173
"26201",35593,9025,7271,"BrF",186,177
"26202",35594,9025,7171,"BrM",186,177
"26203",35595,9025,7672,"ABX",186,177
"26204",35596,8957,7111,"BrF",186,178
"26205",35597,8957,6653,"BrM",186,178
"26206",35598,9026,7110,"BrF",186,179
"26207",35599,9026,6854,"BrM",186,179
"26208",35600,9027,7165,"BrF",186,172
"26209",35601,9027,6900,"BrM",186,172
"26210",35602,9028,7076,"BrF",186,407
"26211",35603,9028,7256,"BrM",186,407
"26212",35604,8974,7185,"BrF",186,478
"26213",35605,8974,6375,"BrM",186,478
"26214",35606,8974,7728,"FL",186,478
"26215",35607,8965,7161,"BrF",186,480
"26216",35608,8965,7209,"BrM",186,480
"26217",35609,9029,7720,"ABX",186,481
"26218",35610,8972,7740,"BrF",186,772
"26219",35611,8972,7189,"BrM",186,772
"26220",35612,8972,7741,"FL",186,772
"26221",35613,8972,7737,"FL",186,772
"26222",35614,9030,7156,"BrF",186,516
"26223",35615,9030,5850,"BrM",186,516
"26224",35616,9031,7117,"BrF",186,662
"26225",35617,9031,7120,"BrM",186,662
"26226",35618,8982,7151,"BrF",186,738
"26227",35619,8982,6200,"BrM",186,738
"26228",35620,8963,7094,"BrF",186,746
"26229",35621,9032,7670,"BrF",186,767
"26230",35622,9032,7226,"TBRM",186,767
"26231",35623,8945,7674,"BrF",186,768
"26232",35624,8945,7235,"TBRM",186,768
"26233",35625,8945,7232,"BrM",186,768
"26234",35626,9033,6909,"BrF",186,769
"26235",35627,9033,7071,"BrM",186,769
"26236",35628,8971,7661,"BrM",186,605
"26237",35629,8962,6655,"SEEN1",186,45
"26238",35630,8958,6572,"SEEN1",186,55
"26239",35631,9034,6673,"NS",186,20
"26240",35632,8952,6191,"SEEN1",186,26
"26241",35633,9035,6865,"NS",186,28
"26242",35634,8971,6676,"NS",186,605
"26243",35635,8991,6924,"NS",186,41
"26244",35636,8956,7268,"NS",186,43
"26245",35637,8962,5611,"NS",186,45
"26246",35638,8960,7253,"SEEN1",186,46
"26247",35639,9036,6847,"NS",186,53
"26248",35640,9036,7183,"NS",186,53
"26249",35641,8958,7258,"SEEN1",186,55
"26250",35642,8949,5901,"NS",186,63
"26251",35643,8987,7127,"NS",186,602
"26252",35644,8954,7119,"NS",186,82
"26253",35645,8961,7673,"NS",186,83
"26254",35646,9009,6925,"SEEN1",186,90
"26255",35647,9037,7276,"NS",186,94
"26256",35648,9021,6882,"SEEN1",186,160
"26257",35649,9038,7075,"NS",186,96
"26258",35650,9039,6644,"NS",186,109
"26259",35651,9039,7249,"NS",186,109
"26260",35652,9012,6186,"NS",186,110
"26261",35653,8969,6769,"NS",186,112
"26262",35654,8969,7668,"NS",186,112
"26263",35655,8998,7662,"SEEN1",186,60
"26264",35656,8984,7178,"SEEN1",186,128
"26265",35657,9029,7233,"NS",186,481
"26266",35658,9029,6193,"NS",186,481
"26267",35659,8872,7127,"NS",184,602
"26268",35660,8885,7227,"ABX",184,90
"26269",35661,9040,7222,"NSA",184,123
"26270",35662,8757,7104,"NSA",178,112
"26271",35663,8750,6655,"NSA",178,48
"26272",35664,8861,6655,"NSA",184,48
"26273",35665,9040,6921,"NSA",184,123
"26274",35666,8898,7104,"NSA",184,112
"26275",35667,8798,7222,"NSA",178,123
"26276",35668,8818,7215,"NSA",178,769
"26277",35669,8964,6554,"SEEN1",186,58
"26278",35670,8968,7843,"FL",186,32
"26279",35671,9011,7844,"AB",186,742
"26280",35672,8994,7845,"BrM",186,861
"26281",35673,8963,7846,"BrM",186,746
"26282",35674,8968,7847,"FL",186,32
"26283",35675,8943,7848,"FL",186,859
"26284",35676,8992,7849,"FL",186,47
"26285",35677,8941,7850,"FL",186,858
"26286",35678,8953,7851,"FL",186,100
"26287",35679,8953,7852,"FL",186,100
"26288",35680,8950,7853,"FL",186,116
"26289",35681,8942,7854,"FL",186,125
"26290",35682,8984,7855,"FL",186,128
"26291",35683,8940,7856,"FL",186,134
"26292",35684,8966,7857,"FL",186,137
"26293",35685,9027,7858,"FL",186,172
"26294",35686,8965,7859,"FL",186,480
"26295",35687,8982,7860,"FL",186,738
"26296",35688,8945,7861,"FL",186,768
"26297",35689,9033,7862,"FL",186,769
"26298",35690,9022,7863,"AB",186,167
"26299",35947,9122,7110,"BrF",188,179
"26300",35948,9122,7866,"ABX",188,179
"26301",35949,9122,6854,"NS",188,179
"26302",35950,9123,7165,"BrF",188,172
"26303",35951,9123,6900,"BrM",188,172
"26304",35953,9124,7076,"BrF",188,407
"26305",35954,9124,7664,"BrM",188,407
"26306",35955,9124,7874,"AB",188,407
"26307",35956,9124,7256,"NS",188,407
"26308",35957,9125,7185,"BrF",188,478
"26309",35958,9125,6375,"BrM",188,478
"26310",35959,9125,7728,"SEEN1",188,478
"26311",35960,9126,7161,"BrF",188,480
"26312",35961,9126,7209,"BrM",188,480
"26313",35962,9126,7719,"ABX",188,480
"26314",35964,9127,7740,"BrF",188,772
"26315",35965,9127,7189,"BrM",188,772
"26316",35967,9128,7156,"BrF",188,516
"26317",35968,9128,5850,"BrM",188,516
"26318",35969,9128,7735,"SEEN1",188,516
"26319",35970,9127,7741,"NS",188,772
"26320",35971,9129,7117,"BrF",188,662
"26321",35972,9129,7120,"BrM",188,662
"26322",35973,9130,7724,"BrF",188,738
"26323",35974,9130,6200,"BrM",188,738
"26324",35975,9130,7890,"SEEN1",188,738
"26325",35976,9130,7151,"NS",188,738
"26326",35977,9131,7094,"BrF",188,746
"26327",35978,9131,7666,"SEEN2",188,746
"26328",35980,9132,7674,"BrF",188,768
"26329",35981,9132,7232,"BrM",188,768
"26330",35982,9132,7235,"NS",188,768
"26331",35983,9133,7071,"BrM",188,769
"26332",35984,9133,7716,"SEEN1",188,769
"26333",35985,9133,6909,"NS",188,769
"26334",35986,9133,7889,"SEEN1",188,769
"26335",35987,9068,7732,"FLOAT",188,55
"26336",35988,9127,7737,"FLOAT",188,772
"26337",35989,9133,7739,"SEEN1",188,769
"26338",35990,9152,7096,"BrF",189,1
"26339",35991,9152,6144,"BrM",189,1
"26340",35992,9152,7728,"SEEN1",189,1
"26341",35993,9152,7185,"SEEN1",189,1
"26342",35994,9152,7729,"SEEN1",189,1
"26343",35995,9152,7868,"SEEN1",189,1
"26344",35996,9159,7139,"BrF",189,2
"26345",35997,9159,7135,"BrM",189,2
"26346",35998,9159,7887,"SEEN2",189,2
"26347",35999,9160,7271,"BrF",189,616
"26348",36000,9160,5853,"BrM",189,616
"26349",36001,9161,6378,"BrF",189,3
"26350",36002,9161,7739,"NS",189,3
"26351",36003,9159,7876,"NSA",189,2
"26352",36004,9162,7728,"BrF",189,9
"26353",36005,9162,7896,"BrM",189,9
"26354",36006,9162,7716,"SEEN1",189,9
"26355",36007,9162,7205,"SEEN1",189,9
"26356",36008,9162,7737,"SEEN2",189,9
"26357",36009,9163,7099,"BrF",189,13
"26358",36010,9163,6155,"BrM",189,13
"26359",36011,9163,7729,"NSA",189,13
"26360",36012,9137,7262,"BrF",189,15
"26361",36013,9137,6155,"BrM",189,15
"26362",36014,9164,7716,"BrF",189,20
"26363",36015,9164,7737,"BrM",189,20
"26364",36016,9164,7889,"NSA",189,20
"26365",36017,9164,6673,"NS",189,20
"26366",36018,9165,7104,"BrF",189,24
"26367",36019,9165,6698,"BrM",189,24
"26368",36020,9165,7720,"NS",189,24
"26369",36021,9141,6191,"BrF",189,28
"26370",36022,9141,7901,"BrM",189,28
"26371",36023,9141,7905,"SEEN1",189,28
"26372",36024,9166,6729,"BrF",189,32
"26373",36025,9166,7210,"BrM",189,32
"26374",36026,9166,7093,"NS",189,32
"26375",36027,9166,7177,"NS",189,32
"26376",36028,9166,7843,"NS",189,32
"26377",36029,9167,5823,"BrF",189,617
"26378",36030,9167,6729,"SEEN1",189,617
"26379",36031,9167,7905,"SEEN1",189,617
"26380",36032,9167,7887,"NSA",189,617
"26381",36033,9147,7132,"BrF",189,859
"26382",36034,9147,7142,"BrM",189,859
"26383",36035,9147,5823,"SEEN1",189,859
"26384",36036,9147,7896,"NSA",189,859
"26385",36037,9147,7873,"NSA",189,859
"26386",36038,9168,7263,"BrF",189,34
"26387",36039,9168,7873,"BrM",189,34
"26388",36040,9168,7722,"NSA",189,34
